Ticker;Company;Currency;Price;Raw Price;EMA20;EMA50;EMA100;Distance EMA20 %;Distance EMA50 %;1D %;1W %;1M %;3M %;6M %;RSI;52W High;52W High Raw;Distance 52W High %;Volatility 30D %;Beta;Volume Signal;Dividend Yield %;Dividend Rate;Ex Dividend Date;Last Dividend Date;Stop Loss Idea;Market Cap;Market Cap Class;Forward PE;Trailing PE;PEG Ratio;Revenue Growth;Revenue Growth Raw;Earnings Growth;Earnings Growth Raw;Profit Margin;Profit Margin Raw;Debt To Equity;Free Cashflow;Free Cashflow Raw;Operating Cashflow;Operating Cashflow Raw;Fundamental Score;Fundamental Rating;Fundamental Data Points;Fundamental Data Quality;Fundamental Pros;Fundamental Cons;Risk Level;Turnaround Candidate;Score;Rating;Reason
SIVE.ST;Sivers Semiconductors AB;SEK;89.4 SEK;89.4;70.4 SEK;49.77 SEK;33.47 SEK;26.98;79.61;13.45;46.92;79.73;2914.16;2452.83;66.49;97.45 SEK;97.45;-8.26;18.4;;LOW;0.0%;-;-;-;48.78 SEK;26410416128.0;Large Cap;-447.0;-;-;-31.1%;-0.31;-;-;-52.15%;-0.52;19.07;-41.39 Mio.;-41387500.0;-90.6 Mio.;-90600000.0;1;WEAK;5;OK;Verschuldung wirkt moderat;Umsatzwachstum negativ | negative Gewinnmarge | Free Cashflow negativ;MEDIUM RISK;NO;8;WATCH - OVERBOUGHT;über EMA20, über EMA50, über EMA100, 1M positiv, kurzfristig heiß gelaufen, Fundamentaldaten schwach
CSCO;Cisco Systems, Inc.;USD;125.3 USD;125.3;116.79 USD;103.7 USD;93.57 USD;7.29;20.83;3.01;3.27;35.96;57.45;66.5;57.75;130.0 USD;130.0;-3.62;3.37;1.004;LOW;1.34%;1.68 USD;06.07.2026;02.04.2026;101.63 USD;493861765120.0;Mega Cap;26.26;41.77;1.69;12.0%;0.12;37.1%;0.37;19.68%;0.2;67.54;9.29 Mrd.;9288375296.0;13.03 Mrd.;13025000448.0;6;SOLID;8;GOOD;PEG Ratio attraktiv | Umsatzwachstum positiv | Gewinnwachstum positiv | solide Gewinnmarge | Free Cashflow positiv | Verschuldung wirkt moderat | Dividende vorhanden;-;LOW RISK;NO;8;STRONG BUY;über EMA20, über EMA50, über EMA100, 1M positiv, fundamental solide
STM;STMicroelectronics N.V.;USD;75.42 USD;75.42;68.12 USD;57.31 USD;47.72 USD;10.72;31.59;6.65;9.27;34.92;127.06;235.07;68.45;79.71 USD;79.71;-5.38;4.77;1.565;NORMAL;0.48%;0.36 USD;23.06.2026;24.03.2026;56.17 USD;67032850432.0;Large Cap;30.83;471.38;0.51;23.0%;0.23;-33.3%;-0.33;1.19%;0.01;15.32;-360.5 Mio.;-360500000.0;2.11 Mrd.;2112000000.0;3;MIXED;8;OK;PEG Ratio attraktiv | Umsatzwachstum positiv | Gewinnmarge positiv | Verschuldung wirkt moderat | Dividende vorhanden;KGV sehr hoch | Gewinnwachstum negativ | Free Cashflow negativ;MEDIUM RISK;NO;8;STRONG BUY;über EMA20, über EMA50, über EMA100, 1M positiv
QMCO;Quantum Corporation;USD;12.05 USD;12.05;10.71 USD;8.88 USD;7.99 USD;12.46;35.6;-5.16;14.82;31.93;136.18;61.03;64.75;15.95 USD;15.95;-24.48;9.58;2.988;NORMAL;0.0%;-;-;-;8.71 USD;176315056.0;Micro Cap;-33.93;-;0.77;8.6%;0.09;-;-;-37.76%;-0.38;-;-38.03 Mio.;-38030376.0;-40.71 Mio.;-40706000.0;2;WEAK;5;OK;PEG Ratio attraktiv | Umsatzwachstum positiv;negative Gewinnmarge | Free Cashflow negativ;HIGH RISK;NO;8;STRONG BUY;über EMA20, über EMA50, über EMA100, 1M positiv, hohes Risiko, Fundamentaldaten schwach
SMTC;Semtech Corporation;USD;156.7 USD;156.7;147.98 USD;126.6 USD;108.86 USD;5.89;23.78;3.76;4.76;28.97;79.95;113.34;60.55;169.35 USD;169.35;-7.47;5.62;2.324;LOW;0.0%;-;05.09.1980;-;124.07 USD;14596788224.0;Large Cap;40.33;-;1.21;15.9%;0.16;22.7%;0.23;-3.04%;-0.03;90.28;132.51 Mio.;132511376.0;189.53 Mio.;189527008.0;5;SOLID;7;GOOD;PEG Ratio attraktiv | Umsatzwachstum positiv | Gewinnwachstum positiv | Free Cashflow positiv | Verschuldung wirkt moderat;Forward KGV sehr hoch | negative Gewinnmarge;MEDIUM RISK;NO;8;STRONG BUY;über EMA20, über EMA50, über EMA100, 1M positiv, fundamental solide
COHR;Coherent Corp.;USD;409.0 USD;409.0;380.22 USD;343.41 USD;298.44 USD;7.57;19.1;8.49;12.7;28.14;61.11;165.58;60.79;426.89 USD;426.89;-4.19;5.9;2.054;NORMAL;0.0%;-;-;-;336.54 USD;80016482304.0;Large Cap;50.52;193.84;0.92;20.5%;0.2;-;-;7.1%;0.07;31.09;-197.63 Mio.;-197631744.0;140.34 Mio.;140342000.0;3;MIXED;7;OK;PEG Ratio attraktiv | Umsatzwachstum positiv | Gewinnmarge positiv | Verschuldung wirkt moderat;Forward KGV sehr hoch | KGV sehr hoch | Free Cashflow negativ;MEDIUM RISK;NO;8;STRONG BUY;über EMA20, über EMA50, über EMA100, 1M positiv
AAOI;Applied Optoelectronics, Inc.;USD;197.27 USD;197.27;180.64 USD;158.39 USD;126.75 USD;9.21;24.55;11.45;6.25;25.21;95.05;671.51;56.71;223.1 USD;223.1;-11.58;9.79;3.671;NORMAL;0.0%;-;-;-;155.23 USD;15829891072.0;Large Cap;41.34;-;0.78;51.4%;0.51;-;-;-8.55%;-0.09;25.36;-445.58 Mio.;-445583264.0;-208.87 Mio.;-208866000.0;3;MIXED;6;OK;PEG Ratio attraktiv | Umsatzwachstum positiv | Verschuldung wirkt moderat;Forward KGV sehr hoch | negative Gewinnmarge | Free Cashflow negativ;HIGH RISK;NO;8;STRONG BUY;über EMA20, über EMA50, über EMA100, 1M positiv, hohes Risiko
RMBS;Rambus, Inc.;USD;155.12 USD;155.12;145.89 USD;130.89 USD;118.99 USD;6.33;18.51;6.75;5.18;22.53;68.77;63.51;64.38;170.66 USD;170.66;-9.11;7.15;1.825;NORMAL;0.0%;-;-;-;128.27 USD;16774205440.0;Large Cap;42.5;73.52;3.8;8.1%;0.08;-1.8%;-0.02;31.89%;0.32;1.68;249.79 Mio.;249791120.0;365.81 Mio.;365814016.0;4;MIXED;8;OK;Umsatzwachstum positiv | solide Gewinnmarge | Free Cashflow positiv | Verschuldung wirkt moderat;Forward KGV sehr hoch | KGV sehr hoch | PEG Ratio hoch | Gewinnwachstum negativ;MEDIUM RISK;NO;8;STRONG BUY;über EMA20, über EMA50, über EMA100, 1M positiv
ON;ON Semiconductor Corporation;USD;122.4 USD;122.4;117.48 USD;101.77 USD;87.08 USD;4.19;20.27;4.38;1.22;21.66;101.15;146.58;59.67;133.93 USD;133.93;-8.61;4.66;1.977;LOW;0.0%;-;-;-;99.74 USD;47589511168.0;Large Cap;28.7;90.0;0.39;4.7%;0.05;-;-;9.46%;0.09;44.34;1.28 Mrd.;1282174976.0;1.4 Mrd.;1396600064.0;4;MIXED;7;OK;PEG Ratio attraktiv | Umsatzwachstum positiv | Gewinnmarge positiv | Free Cashflow positiv | Verschuldung wirkt moderat;KGV sehr hoch;MEDIUM RISK;NO;8;STRONG BUY;über EMA20, über EMA50, über EMA100, 1M positiv
KLAC;KLA Corporation;USD;2120.66 USD;2120.66;1941.95 USD;1811.03 USD;1663.02 USD;9.2;17.1;9.92;9.31;20.42;48.55;83.43;68.6;2131.1 USD;2131.1;-0.49;4.02;1.504;NORMAL;0.43%;9.2 USD;18.05.2026;18.05.2026;1774.81 USD;277016543232.0;Mega Cap;42.54;60.08;2.03;11.5%;0.12;11.8%;0.12;35.66%;0.36;105.4;2.89 Mrd.;2890187008.0;4.4 Mrd.;4401639936.0;4;MIXED;8;OK;Umsatzwachstum positiv | Gewinnwachstum positiv | solide Gewinnmarge | Free Cashflow positiv | Dividende vorhanden;Forward KGV sehr hoch | KGV sehr hoch;MEDIUM RISK;NO;8;STRONG BUY;über EMA20, über EMA50, über EMA100, 1M positiv
NOVT;Novanta Inc.;USD;163.9 USD;163.9;156.33 USD;145.21 USD;137.37 USD;4.85;12.87;4.87;0.27;20.27;20.0;45.11;62.02;168.59 USD;168.59;-2.78;3.95;1.683;LOW;0.0%;-;-;-;142.31 USD;5836961280.0;Mid Cap;39.56;117.92;-;10.4%;0.1;-13.4%;-0.13;5.35%;0.05;22.22;87.25 Mio.;87253000.0;83.98 Mio.;83978000.0;3;MIXED;7;OK;Umsatzwachstum positiv | Gewinnmarge positiv | Free Cashflow positiv | Verschuldung wirkt moderat;KGV sehr hoch | Gewinnwachstum negativ;LOW RISK;NO;8;STRONG BUY;über EMA20, über EMA50, über EMA100, 1M positiv
AMAT;Applied Materials, Inc.;USD;490.97 USD;490.97;452.82 USD;419.18 USD;380.76 USD;8.43;17.13;8.38;7.16;19.71;41.86;96.9;69.3;501.7 USD;501.7;-2.14;3.99;1.672;LOW;0.43%;2.12 USD;21.05.2026;21.05.2026;410.8 USD;389810257920.0;Mega Cap;30.36;46.1;1.54;11.4%;0.11;33.5%;0.34;29.31%;0.29;30.4;3.04 Mrd.;3040375040.0;7.99 Mrd.;7992999936.0;6;SOLID;8;GOOD;PEG Ratio attraktiv | Umsatzwachstum positiv | Gewinnwachstum positiv | solide Gewinnmarge | Free Cashflow positiv | Verschuldung wirkt moderat | Dividende vorhanden;KGV sehr hoch;MEDIUM RISK;NO;8;STRONG BUY;über EMA20, über EMA50, über EMA100, 1M positiv, fundamental solide
SWKS;Skyworks Solutions, Inc.;USD;75.88 USD;75.88;74.57 USD;68.58 USD;65.28 USD;1.76;10.64;3.14;0.52;17.68;35.52;18.55;57.09;83.42 USD;83.42;-9.04;5.0;1.483;LOW;3.74%;2.84 USD;26.05.2026;26.05.2026;67.21 USD;11412804608.0;Large Cap;14.75;31.62;1.59;-1.0%;-0.01;-44.9%;-0.45;8.93%;0.09;20.63;687.84 Mio.;687837504.0;960.0 Mio.;960000000.0;4;MIXED;8;OK;Forward KGV im gesunden Bereich | PEG Ratio attraktiv | Gewinnmarge positiv | Free Cashflow positiv | Verschuldung wirkt moderat | Dividende vorhanden;Umsatzwachstum negativ | Gewinnwachstum negativ;MEDIUM RISK;NO;8;STRONG BUY;über EMA20, über EMA50, über EMA100, 1M positiv
CIFR;Cipher Digital Inc.;USD;24.11 USD;24.11;22.79 USD;20.33 USD;18.52 USD;5.8;18.58;7.39;0.42;16.56;59.14;25.9;65.28;26.29 USD;26.29;-8.29;6.88;3.203;LOW;0.0%;-;-;-;19.92 USD;9858125824.0;Mid Cap;35.97;-;-;-28.8%;-0.29;-;-;0.0%;0.0;641.56;-2.95 Mrd.;-2948059648.0;-69.17 Mio.;-69169000.0;0;WEAK;5;OK;-;Umsatzwachstum negativ | negative Gewinnmarge | Free Cashflow negativ | Verschuldung hoch;MEDIUM RISK;NO;8;STRONG BUY;über EMA20, über EMA50, über EMA100, 1M positiv, Fundamentaldaten schwach
FFIV;F5, Inc.;USD;396.92 USD;396.92;381.99 USD;350.2 USD;324.23 USD;3.91;13.34;0.91;0.33;15.04;39.94;66.62;60.22;409.13 USD;409.13;-2.99;2.29;1.046;LOW;0.0%;-;-;-;343.19 USD;22393657344.0;Large Cap;22.44;32.56;1.7;11.0%;0.11;4.0%;0.04;21.96%;0.22;7.12;759.18 Mio.;759182528.0;1.02 Mrd.;1015414976.0;7;VERY SOLID;8;GOOD;Forward KGV im gesunden Bereich | PEG Ratio attraktiv | Umsatzwachstum positiv | Gewinnwachstum positiv | solide Gewinnmarge | Free Cashflow positiv | Verschuldung wirkt moderat;-;LOW RISK;NO;8;STRONG BUY;über EMA20, über EMA50, über EMA100, 1M positiv, fundamental solide
FLEX;Flex Ltd.;USD;152.77 USD;152.77;141.35 USD;117.61 USD;97.9 USD;8.08;29.9;0.56;3.22;14.86;140.54;161.59;69.77;161.94 USD;161.94;-5.66;7.97;1.638;LOW;0.0%;-;-;-;115.26 USD;55971557376.0;Large Cap;21.99;65.85;0.94;16.9%;0.17;17.1%;0.17;3.15%;0.03;86.8;839.88 Mio.;839875008.0;1.68 Mrd.;1684999936.0;6;SOLID;8;GOOD;Forward KGV im gesunden Bereich | PEG Ratio attraktiv | Umsatzwachstum positiv | Gewinnwachstum positiv | Gewinnmarge positiv | Free Cashflow positiv | Verschuldung wirkt moderat;KGV sehr hoch;MEDIUM RISK;NO;8;STRONG BUY;über EMA20, über EMA50, über EMA100, 1M positiv, fundamental solide
GS;Goldman Sachs Group, Inc. (The);USD;1049.3 USD;1049.3;1004.44 USD;954.11 USD;916.37 USD;4.47;9.98;1.02;0.07;13.83;26.15;30.48;67.76;1092.61 USD;1092.61;-3.96;2.16;1.291;LOW;1.72%;18.0 USD;01.06.2026;01.06.2026;935.02 USD;309551300608.0;Mega Cap;16.05;19.17;1.6;14.5%;0.14;24.2%;0.24;29.36%;0.29;678.6;-;-;-39.79 Mrd.;-39792001024.0;6;SOLID;7;GOOD;Forward KGV im gesunden Bereich | KGV nicht übertrieben | PEG Ratio attraktiv | Umsatzwachstum positiv | Gewinnwachstum positiv | solide Gewinnmarge | Dividende vorhanden;Verschuldung hoch;LOW RISK;NO;8;STRONG BUY;über EMA20, über EMA50, über EMA100, 1M positiv, fundamental solide
IOVA;Iovance Biotherapeutics, Inc.;USD;4.04 USD;4.04;3.95 USD;3.76 USD;3.51 USD;2.34;7.39;-4.49;2.02;13.8;-11.79;65.57;61.65;5.41 USD;5.41;-25.32;5.85;0.698;LOW;0.0%;-;-;-;3.69 USD;1803869696.0;Small Cap;-12.66;-;-;44.8%;0.45;-;-;-123.9%;-1.24;6.62;-149.07 Mio.;-149067872.0;-270.79 Mio.;-270788000.0;2;WEAK;5;OK;Umsatzwachstum positiv | Verschuldung wirkt moderat;negative Gewinnmarge | Free Cashflow negativ;LOW RISK;NO;8;STRONG BUY;über EMA20, über EMA50, über EMA100, 1M positiv, Fundamentaldaten schwach
LRCX;Lam Research Corporation;USD;325.84 USD;325.84;308.82 USD;282.57 USD;254.21 USD;5.51;15.31;7.44;2.75;13.72;51.78;110.63;66.03;343.71 USD;343.71;-5.2;4.04;1.868;LOW;0.32%;1.04 USD;17.06.2026;04.03.2026;276.92 USD;407486038016.0;Mega Cap;41.03;61.71;1.77;23.8%;0.24;40.8%;0.41;30.94%;0.31;35.28;4.35 Mrd.;4352341504.0;6.95 Mrd.;6954616832.0;6;SOLID;8;GOOD;PEG Ratio attraktiv | Umsatzwachstum positiv | Gewinnwachstum positiv | solide Gewinnmarge | Free Cashflow positiv | Verschuldung wirkt moderat | Dividende vorhanden;Forward KGV sehr hoch | KGV sehr hoch;MEDIUM RISK;NO;8;STRONG BUY;über EMA20, über EMA50, über EMA100, 1M positiv, fundamental solide
QRVO;Qorvo, Inc.;USD;100.25 USD;100.25;99.05 USD;92.85 USD;88.94 USD;1.21;7.97;2.0;0.28;12.68;26.24;17.09;57.1;108.23 USD;108.23;-7.37;3.68;1.429;NORMAL;0.0%;-;-;-;90.99 USD;8823370752.0;Mid Cap;12.82;27.69;0.98;-7.0%;-0.07;-5.6%;-0.06;9.21%;0.09;48.03;556.7 Mio.;556697344.0;808.63 Mio.;808630976.0;5;SOLID;8;GOOD;Forward KGV im gesunden Bereich | KGV nicht übertrieben | PEG Ratio attraktiv | Gewinnmarge positiv | Free Cashflow positiv | Verschuldung wirkt moderat;Umsatzwachstum negativ | Gewinnwachstum negativ;LOW RISK;NO;8;STRONG BUY;über EMA20, über EMA50, über EMA100, 1M positiv, fundamental solide
P911.DE;Dr. Ing. h.c. F. Porsche AG   I;EUR;47.94 EUR;47.94;46.24 EUR;44.14 EUR;43.13 EUR;3.67;8.62;2.3;1.83;12.19;21.95;9.7;67.66;48.58 EUR;48.58;-1.32;2.03;0.87;NORMAL;2.11%;1.01 EUR;24.06.2026;24.06.2026;43.25 EUR;43673337856.0;Large Cap;20.72;102.0;0.48;-5.2%;-0.05;-;-;0.87%;0.01;50.4;-430.75 Mio.;-430750016.0;3.82 Mrd.;3823000064.0;3;MIXED;7;OK;Forward KGV im gesunden Bereich | PEG Ratio attraktiv | Gewinnmarge positiv | Verschuldung wirkt moderat | Dividende vorhanden;KGV sehr hoch | Umsatzwachstum negativ | Free Cashflow negativ;LOW RISK;NO;8;STRONG BUY;über EMA20, über EMA50, über EMA100, 1M positiv
NOV;NOV Inc.;USD;21.23 USD;21.23;20.49 USD;20.0 USD;19.14 USD;3.63;6.16;5.41;6.15;10.5;13.08;42.67;51.25;21.45 USD;21.45;-1.03;2.59;0.905;LOW;1.65%;0.35 USD;12.06.2026;01.06.2026;19.6 USD;7620997120.0;Mid Cap;16.12;84.94;1.25;-2.4%;-0.02;-73.7%;-0.74;1.05%;0.01;37.32;776.5 Mio.;776499968.0;1.09 Mrd.;1090000000.0;4;MIXED;8;OK;Forward KGV im gesunden Bereich | PEG Ratio attraktiv | Gewinnmarge positiv | Free Cashflow positiv | Verschuldung wirkt moderat | Dividende vorhanden;KGV sehr hoch | Umsatzwachstum negativ | Gewinnwachstum negativ;LOW RISK;NO;8;STRONG BUY;über EMA20, über EMA50, über EMA100, 1M positiv
TVTX;Travere Therapeutics, Inc.;USD;47.13 USD;47.13;44.65 USD;41.04 USD;37.37 USD;5.56;14.83;2.88;4.64;10.48;72.57;29.98;62.66;47.76 USD;47.76;-1.32;3.05;1.141;NORMAL;0.0%;-;-;-;40.22 USD;4382755840.0;Mid Cap;9.56;-;-;55.6%;0.56;-;-;-4.0%;-0.04;331.88;-51.17 Mio.;-51166000.0;39.61 Mio.;39612000.0;2;WEAK;5;OK;Forward KGV im gesunden Bereich | Umsatzwachstum positiv;negative Gewinnmarge | Free Cashflow negativ | Verschuldung hoch;LOW RISK;NO;8;STRONG BUY;über EMA20, über EMA50, über EMA100, 1M positiv, Fundamentaldaten schwach
VLO;Valero Energy Corporation;USD;258.48 USD;258.48;250.65 USD;242.17 USD;227.31 USD;3.12;6.73;1.04;2.36;9.88;13.89;49.76;50.89;261.45 USD;261.45;-1.14;2.43;0.553;LOW;1.86%;4.8 USD;21.05.2026;21.05.2026;237.33 USD;76749701120.0;Large Cap;12.24;18.88;4.08;6.6%;0.07;-;-;3.57%;0.04;42.66;4.79 Mrd.;4786625024.0;6.26 Mrd.;6264000000.0;5;SOLID;7;GOOD;Forward KGV im gesunden Bereich | KGV nicht übertrieben | Umsatzwachstum positiv | Gewinnmarge positiv | Free Cashflow positiv | Verschuldung wirkt moderat | Dividende vorhanden;PEG Ratio hoch;LOW RISK;NO;8;STRONG BUY;über EMA20, über EMA50, über EMA100, 1M positiv, fundamental solide
UNH;UnitedHealth Group Incorporated;USD;406.05 USD;406.05;383.59 USD;360.04 USD;340.35 USD;5.85;12.78;1.65;6.89;9.82;41.71;24.95;60.74;406.05 USD;406.05;0.0;1.69;0.65;LOW;2.29%;9.28 USD;15.06.2026;09.03.2026;352.84 USD;368752001024.0;Mega Cap;19.43;30.62;1.38;2.0%;0.02;0.7%;0.01;2.68%;0.03;73.98;17.69 Mrd.;17687500800.0;23.15 Mrd.;23153000448.0;6;SOLID;8;GOOD;Forward KGV im gesunden Bereich | PEG Ratio attraktiv | Umsatzwachstum positiv | Gewinnwachstum positiv | Gewinnmarge positiv | Free Cashflow positiv | Verschuldung wirkt moderat | Dividende vorhanden;-;LOW RISK;NO;8;STRONG BUY;über EMA20, über EMA50, über EMA100, 1M positiv, fundamental solide
MPC;Marathon Petroleum Corporation;USD;264.92 USD;264.92;255.32 USD;243.43 USD;228.4 USD;3.76;8.83;1.11;2.42;9.77;22.35;39.39;54.96;267.21 USD;267.21;-0.86;2.31;0.522;LOW;1.48%;3.91 USD;20.05.2026;20.05.2026;238.56 USD;77341310976.0;Large Cap;11.14;17.43;1.01;8.8%;0.09;-;-;3.41%;0.03;146.52;3.52 Mrd.;3518749952.0;9.44 Mrd.;9438000128.0;5;SOLID;7;GOOD;Forward KGV im gesunden Bereich | KGV nicht übertrieben | PEG Ratio attraktiv | Umsatzwachstum positiv | Gewinnmarge positiv | Free Cashflow positiv | Dividende vorhanden;-;LOW RISK;NO;8;STRONG BUY;über EMA20, über EMA50, über EMA100, 1M positiv, fundamental solide
PSX;Phillips 66;USD;182.94 USD;182.94;178.14 USD;172.54 USD;164.64 USD;2.69;6.03;-0.08;1.5;9.48;10.71;37.66;54.82;186.92 USD;186.92;-2.13;2.08;0.674;LOW;2.78%;5.08 USD;18.05.2026;18.05.2026;169.09 USD;73347047424.0;Large Cap;10.73;18.08;1.04;6.9%;0.07;-56.8%;-0.57;3.07%;0.03;91.39;-1.13 Mrd.;-1134499968.0;2.51 Mrd.;2511000064.0;5;SOLID;8;GOOD;Forward KGV im gesunden Bereich | KGV nicht übertrieben | PEG Ratio attraktiv | Umsatzwachstum positiv | Gewinnmarge positiv | Verschuldung wirkt moderat | Dividende vorhanden;Gewinnwachstum negativ | Free Cashflow negativ;LOW RISK;NO;8;STRONG BUY;über EMA20, über EMA50, über EMA100, 1M positiv, fundamental solide
ZVRA;Zevra Therapeutics, Inc.;USD;12.01 USD;12.01;10.93 USD;10.47 USD;10.03 USD;9.89;14.69;13.2;4.53;9.18;36.63;39.65;64.36;12.79 USD;12.79;-6.1;4.26;0.894;NORMAL;0.0%;-;-;-;10.26 USD;709972160.0;Small Cap;6.27;5.98;10.67;77.5%;0.78;-;-;101.58%;1.02;0.56;25.85 Mio.;25852250.0;12.77 Mio.;12766000.0;6;SOLID;7;GOOD;Forward KGV im gesunden Bereich | KGV nicht übertrieben | Umsatzwachstum positiv | solide Gewinnmarge | Free Cashflow positiv | Verschuldung wirkt moderat;PEG Ratio hoch;LOW RISK;NO;8;STRONG BUY;über EMA20, über EMA50, über EMA100, 1M positiv, fundamental solide
STT;State Street Corporation;USD;162.38 USD;162.38;156.5 USD;148.95 USD;140.76 USD;3.75;9.01;0.39;1.62;9.14;30.62;39.84;66.17;162.75 USD;162.75;-0.23;1.45;1.451;LOW;2.07%;3.36 USD;01.07.2026;01.04.2026;145.97 USD;44940046336.0;Large Cap;11.75;16.48;1.09;-2.8%;-0.03;-24.1%;-0.24;21.3%;0.21;-;-;-;-2.64 Mrd.;-2640999936.0;4;MIXED;6;OK;Forward KGV im gesunden Bereich | KGV nicht übertrieben | PEG Ratio attraktiv | solide Gewinnmarge | Dividende vorhanden;Umsatzwachstum negativ | Gewinnwachstum negativ;LOW RISK;NO;8;STRONG BUY;über EMA20, über EMA50, über EMA100, 1M positiv
KDP;Keurig Dr Pepper Inc.;USD;30.88 USD;30.88;29.7 USD;28.8 USD;28.32 USD;3.96;7.21;1.15;2.25;8.27;11.06;13.48;67.9;34.3 USD;34.3;-9.96;1.32;0.424;LOW;2.98%;0.92 USD;26.06.2026;27.03.2026;28.23 USD;42014076928.0;Large Cap;12.23;22.87;1.02;9.4%;0.09;-47.7%;-0.48;10.81%;0.11;85.98;-16.35 Mrd.;-16345499648.0;2.06 Mrd.;2063000064.0;6;SOLID;8;GOOD;Forward KGV im gesunden Bereich | KGV nicht übertrieben | PEG Ratio attraktiv | Umsatzwachstum positiv | solide Gewinnmarge | Verschuldung wirkt moderat | Dividende vorhanden;Gewinnwachstum negativ | Free Cashflow negativ;LOW RISK;NO;8;STRONG BUY;über EMA20, über EMA50, über EMA100, 1M positiv, fundamental solide
SLB;SLB Limited;USD;57.06 USD;57.06;55.83 USD;54.06 USD;50.98 USD;2.22;5.56;4.0;4.77;8.23;21.02;63.09;50.75;58.01 USD;58.01;-1.63;2.13;0.708;LOW;2.07%;1.18 USD;03.06.2026;03.06.2026;52.98 USD;85315461120.0;Large Cap;17.05;25.14;1.89;2.7%;0.03;-13.8%;-0.14;9.26%;0.09;42.52;3.04 Mrd.;3043124992.0;6.32 Mrd.;6316000256.0;6;SOLID;8;GOOD;Forward KGV im gesunden Bereich | KGV nicht übertrieben | PEG Ratio attraktiv | Umsatzwachstum positiv | Gewinnmarge positiv | Free Cashflow positiv | Verschuldung wirkt moderat | Dividende vorhanden;Gewinnwachstum negativ;LOW RISK;NO;8;STRONG BUY;über EMA20, über EMA50, über EMA100, 1M positiv, fundamental solide
MET;MetLife, Inc.;USD;84.55 USD;84.55;81.84 USD;79.05 USD;77.43 USD;3.31;6.95;0.07;3.31;8.09;16.81;12.42;61.28;84.55 USD;84.55;0.0;1.3;0.783;LOW;2.8%;2.37 USD;12.05.2026;12.05.2026;77.47 USD;54402584576.0;Large Cap;7.7;16.35;0.45;2.7%;0.03;35.9%;0.36;4.67%;0.05;178.02;-17.43 Mrd.;-17429749760.0;15.52 Mrd.;15516999680.0;5;SOLID;8;GOOD;Forward KGV im gesunden Bereich | KGV nicht übertrieben | PEG Ratio attraktiv | Umsatzwachstum positiv | Gewinnwachstum positiv | Gewinnmarge positiv | Dividende vorhanden;Free Cashflow negativ;LOW RISK;NO;8;STRONG BUY;über EMA20, über EMA50, über EMA100, 1M positiv, fundamental solide
BESI.AS;BE Semiconductor Industries N.V;EUR;280.9 EUR;280.9;272.19 EUR;247.31 EUR;218.83 EUR;3.2;13.58;3.5;0.97;7.71;48.0;117.61;63.83;288.4 EUR;288.4;-2.6;2.71;1.365;NORMAL;0.56%;1.58 EUR;27.04.2026;27.04.2026;242.36 EUR;22251409408.0;Large Cap;47.37;147.84;2.24;28.3%;0.28;63.5%;0.64;24.0%;0.24;113.61;151.48 Mio.;151480624.0;226.72 Mio.;226720992.0;4;MIXED;8;OK;Umsatzwachstum positiv | Gewinnwachstum positiv | solide Gewinnmarge | Free Cashflow positiv | Dividende vorhanden;Forward KGV sehr hoch | KGV sehr hoch;LOW RISK;NO;8;STRONG BUY;über EMA20, über EMA50, über EMA100, 1M positiv
TRP.TO;TC ENERGY CORP.;CAD;95.36 CAD;95.36;93.64 CAD;90.58 CAD;86.75 CAD;1.84;5.28;-0.49;4.17;7.42;10.41;28.46;49.67;97.9 CAD;97.9;-2.59;1.35;0.977;LOW;3.68%;3.51 CAD;30.06.2026;31.03.2026;88.77 CAD;99342893056.0;Large Cap;24.72;28.13;4.39;6.6%;0.07;-8.5%;-0.09;22.23%;0.22;166.5;267.25 Mio.;267250000.0;8.59 Mrd.;8590000128.0;5;SOLID;8;GOOD;Forward KGV im gesunden Bereich | KGV nicht übertrieben | Umsatzwachstum positiv | solide Gewinnmarge | Free Cashflow positiv | Dividende vorhanden;PEG Ratio hoch | Gewinnwachstum negativ;LOW RISK;NO;8;STRONG BUY;über EMA20, über EMA50, über EMA100, 1M positiv, fundamental solide
WULF;TeraWulf Inc.;USD;25.78 USD;25.78;24.38 USD;21.95 USD;19.33 USD;5.75;17.5;7.44;0.49;7.35;69.3;73.75;68.97;26.74 USD;26.74;-3.57;5.13;4.256;LOW;0.0%;-;-;14.12.2021;21.51 USD;12777309184.0;Large Cap;139.38;-;-;-1.1%;-0.01;-;-;0.0%;0.0;-;-283.34 Mio.;-283343616.0;-197.26 Mio.;-197258000.0;0;WEAK;4;OK;-;Forward KGV sehr hoch | Umsatzwachstum negativ | negative Gewinnmarge | Free Cashflow negativ;MEDIUM RISK;NO;8;STRONG BUY;über EMA20, über EMA50, über EMA100, 1M positiv, Fundamentaldaten schwach
EOG;EOG Resources, Inc.;USD;140.35 USD;140.35;138.05 USD;135.74 USD;130.43 USD;1.67;3.39;1.87;2.73;7.23;7.94;34.45;45.55;148.74 USD;148.74;-5.64;1.92;0.256;LOW;2.91%;4.08 USD;17.07.2026;16.04.2026;133.03 USD;74754416640.0;Large Cap;9.47;13.8;1.1;15.6%;0.16;39.6%;0.4;23.32%;0.23;26.87;2.86 Mrd.;2864250112.0;10.72 Mrd.;10721000448.0;8;VERY SOLID;8;GOOD;Forward KGV im gesunden Bereich | KGV nicht übertrieben | PEG Ratio attraktiv | Umsatzwachstum positiv | Gewinnwachstum positiv | solide Gewinnmarge | Free Cashflow positiv | Verschuldung wirkt moderat | Dividende vorhanden;-;LOW RISK;NO;8;STRONG BUY;über EMA20, über EMA50, über EMA100, 1M positiv, fundamental solide
KIT.OL;KITRON;NOK;113.1 NOK;113.1;109.43 NOK;104.61 NOK;97.42 NOK;3.35;8.11;1.07;1.07;7.1;7.19;73.8;65.74;114.3 NOK;114.3;-1.05;2.93;0.995;LOW;0.62%;0.7 NOK;27.04.2026;27.04.2026;102.52 NOK;24735248384.0;Large Cap;23.34;38.73;2.11;65.7%;0.66;125.0%;1.25;6.64%;0.07;35.71;81.89 Mio.;81887504.0;86.5 Mio.;86500000.0;5;SOLID;8;GOOD;Forward KGV im gesunden Bereich | Umsatzwachstum positiv | Gewinnwachstum positiv | Gewinnmarge positiv | Free Cashflow positiv | Verschuldung wirkt moderat | Dividende vorhanden;-;LOW RISK;NO;8;STRONG BUY;über EMA20, über EMA50, über EMA100, 1M positiv, fundamental solide
HLT;Hilton Worldwide Holdings Inc.;USD;341.13 USD;341.13;329.57 USD;322.37 USD;313.44 USD;3.51;5.82;-0.57;2.55;6.55;11.04;19.48;69.09;343.1 USD;343.1;-0.57;1.75;1.053;LOW;0.18%;0.6 USD;22.05.2026;22.05.2026;315.92 USD;77657686016.0;Large Cap;32.75;52.08;1.7;11.0%;0.11;35.0%;0.35;30.41%;0.3;-;1.68 Mrd.;1684499968.0;2.3 Mrd.;2295000064.0;5;SOLID;7;GOOD;PEG Ratio attraktiv | Umsatzwachstum positiv | Gewinnwachstum positiv | solide Gewinnmarge | Free Cashflow positiv | Dividende vorhanden;KGV sehr hoch;LOW RISK;NO;8;STRONG BUY;über EMA20, über EMA50, über EMA100, 1M positiv, fundamental solide
CP;Canadian Pacific Kansas City Li;USD;90.53 USD;90.53;88.19 USD;85.64 USD;82.94 USD;2.65;5.71;0.67;2.09;6.23;6.4;25.84;67.09;91.26 USD;91.26;-0.8;1.66;1.21;LOW;0.76%;0.69 USD;26.06.2026;27.03.2026;83.93 USD;80366772224.0;Large Cap;21.43;28.03;2.22;-2.5%;-0.03;-3.1%;-0.03;27.21%;0.27;51.29;1.9 Mrd.;1903250048.0;5.13 Mrd.;5128999936.0;5;SOLID;8;GOOD;Forward KGV im gesunden Bereich | KGV nicht übertrieben | solide Gewinnmarge | Free Cashflow positiv | Verschuldung wirkt moderat | Dividende vorhanden;Umsatzwachstum negativ | Gewinnwachstum negativ;LOW RISK;NO;8;STRONG BUY;über EMA20, über EMA50, über EMA100, 1M positiv, fundamental solide
CSX;CSX Corporation;USD;47.06 USD;47.06;45.85 USD;44.34 USD;42.31 USD;2.62;6.12;0.14;2.61;6.16;14.7;34.65;57.98;47.06 USD;47.06;0.0;1.32;1.222;LOW;1.19%;0.56 USD;29.05.2026;29.05.2026;43.45 USD;87434723328.0;Large Cap;21.71;28.87;2.14;1.7%;0.02;26.5%;0.27;21.55%;0.22;143.06;1.13 Mrd.;1129874944.0;4.63 Mrd.;4630000128.0;6;SOLID;8;GOOD;Forward KGV im gesunden Bereich | KGV nicht übertrieben | Umsatzwachstum positiv | Gewinnwachstum positiv | solide Gewinnmarge | Free Cashflow positiv | Dividende vorhanden;-;LOW RISK;NO;8;STRONG BUY;über EMA20, über EMA50, über EMA100, 1M positiv, fundamental solide
TER;Teradyne, Inc.;USD;375.76 USD;375.76;371.42 USD;353.93 USD;321.17 USD;1.17;6.17;4.98;1.7;6.15;23.01;109.64;62.97;417.92 USD;417.92;-10.09;6.34;1.794;LOW;0.14%;0.52 USD;21.05.2026;21.05.2026;346.85 USD;58821500928.0;Large Cap;39.15;69.58;1.42;87.0%;0.87;314.8%;3.15;22.55%;0.23;2.62;298.31 Mio.;298311264.0;777.9 Mio.;777902016.0;6;SOLID;8;GOOD;PEG Ratio attraktiv | Umsatzwachstum positiv | Gewinnwachstum positiv | solide Gewinnmarge | Free Cashflow positiv | Verschuldung wirkt moderat | Dividende vorhanden;KGV sehr hoch;MEDIUM RISK;NO;8;STRONG BUY;über EMA20, über EMA50, über EMA100, 1M positiv, fundamental solide
PBF;PBF Energy Inc.;USD;42.71 USD;42.71;41.64 USD;41.33 USD;39.62 USD;2.56;3.33;0.49;2.1;5.93;-5.83;28.37;52.09;50.89 USD;50.89;-16.07;3.35;0.116;LOW;2.58%;1.1 USD;14.05.2026;14.05.2026;40.51 USD;5052954112.0;Mid Cap;7.76;11.27;-;11.9%;0.12;-;-;1.46%;0.01;63.72;-884.35 Mio.;-884350016.0;259.7 Mio.;259700000.0;4;MIXED;6;OK;Forward KGV im gesunden Bereich | KGV nicht übertrieben | Umsatzwachstum positiv | Gewinnmarge positiv | Verschuldung wirkt moderat | Dividende vorhanden;Free Cashflow negativ;LOW RISK;NO;8;STRONG BUY;über EMA20, über EMA50, über EMA100, 1M positiv
MRK;Merck & Company, Inc.;USD;118.83 USD;118.83;116.88 USD;115.83 USD;113.23 USD;1.66;2.59;-1.62;3.18;5.81;3.14;15.39;60.42;123.18 USD;123.18;-3.53;1.9;0.218;LOW;2.86%;3.4 USD;15.06.2026;16.03.2026;113.51 USD;293452218368.0;Mega Cap;12.42;33.47;5.62;4.9%;0.05;-;-;13.59%;0.14;106.94;14.05 Mrd.;14049250304.0;17.89 Mrd.;17890000896.0;4;MIXED;7;OK;Forward KGV im gesunden Bereich | Umsatzwachstum positiv | solide Gewinnmarge | Free Cashflow positiv | Dividende vorhanden;PEG Ratio hoch;LOW RISK;NO;8;STRONG BUY;über EMA20, über EMA50, über EMA100, 1M positiv
VECO;Veeco Instruments Inc.;USD;60.96 USD;60.96;58.29 USD;51.83 USD;44.88 USD;4.57;17.6;4.29;6.47;5.6;91.44;108.54;59.08;63.66 USD;63.66;-4.25;5.9;1.39;LOW;0.0%;-;-;-;50.8 USD;3720296192.0;Mid Cap;20.02;160.41;0.81;-5.4%;-0.05;-;-;3.53%;0.04;29.59;33.39 Mio.;33391124.0;57.44 Mio.;57436000.0;4;MIXED;7;OK;Forward KGV im gesunden Bereich | PEG Ratio attraktiv | Gewinnmarge positiv | Free Cashflow positiv | Verschuldung wirkt moderat;KGV sehr hoch | Umsatzwachstum negativ;MEDIUM RISK;NO;8;STRONG BUY;über EMA20, über EMA50, über EMA100, 1M positiv
8035.T;TOKYO ELECTRON;JPY;55020.0 JPY;55020.0;53350.68 JPY;48780.89 JPY;44505.75 JPY;3.13;12.79;-7.45;3.69;4.9;27.58;79.96;63.49;63660.0 JPY;63660.0;-13.57;4.34;1.397;NORMAL;1.31%;722.0 JPY;29.09.2026;29.09.2026;47805.27 JPY;25134081507328.0;Mega Cap;42.98;47.62;2.26;8.6%;0.09;50.5%;0.51;23.51%;0.24;-;229.11 Mrd.;229109252096.0;539.73 Mrd.;539731984384.0;4;MIXED;7;OK;Umsatzwachstum positiv | Gewinnwachstum positiv | solide Gewinnmarge | Free Cashflow positiv | Dividende vorhanden;Forward KGV sehr hoch | KGV sehr hoch;LOW RISK;NO;8;STRONG BUY;über EMA20, über EMA50, über EMA100, 1M positiv
ESTA;Establishment Labs Holdings Inc;USD;75.49 USD;75.49;71.32 USD;69.08 USD;67.28 USD;5.83;9.26;1.58;10.88;4.8;5.78;10.99;68.38;79.67 USD;79.67;-5.25;3.42;1.107;LOW;0.0%;-;-;-;67.7 USD;2221552896.0;Mid Cap;1006.47;-;-;44.7%;0.45;-;-;-19.05%;-0.19;1785.54;-27.83 Mio.;-27834000.0;-34.48 Mio.;-34475000.0;1;WEAK;5;OK;Umsatzwachstum positiv;Forward KGV sehr hoch | negative Gewinnmarge | Free Cashflow negativ | Verschuldung hoch;LOW RISK;NO;8;STRONG BUY;über EMA20, über EMA50, über EMA100, 1M positiv, Fundamentaldaten schwach
JBL;Jabil Inc.;USD;366.02 USD;366.02;358.81 USD;334.69 USD;304.91 USD;2.01;9.36;3.62;1.68;4.72;45.16;76.72;60.26;380.25 USD;380.25;-3.74;3.35;1.287;LOW;0.09%;0.32 USD;15.05.2026;15.05.2026;328.0 USD;38615543808.0;Large Cap;25.09;49.33;0.82;23.1%;0.23;96.2%;0.96;2.48%;0.02;328.91;1.2 Mrd.;1203750016.0;1.73 Mrd.;1728000000.0;4;MIXED;8;OK;PEG Ratio attraktiv | Umsatzwachstum positiv | Gewinnwachstum positiv | Gewinnmarge positiv | Free Cashflow positiv | Dividende vorhanden;KGV sehr hoch | Verschuldung hoch;LOW RISK;NO;8;STRONG BUY;über EMA20, über EMA50, über EMA100, 1M positiv
FAST;Fastenal Company;USD;46.35 USD;46.35;45.07 USD;44.85 USD;44.62 USD;2.86;3.35;-0.93;5.38;4.5;-1.48;16.28;67.35;49.59 USD;49.59;-6.52;1.38;0.729;LOW;1.98%;0.92 USD;28.04.2026;28.04.2026;43.96 USD;53217165312.0;Large Cap;33.77;41.02;3.37;12.4%;0.12;13.8%;0.14;15.39%;0.15;11.17;903.86 Mio.;903862528.0;1.41 Mrd.;1412099968.0;5;SOLID;8;GOOD;Umsatzwachstum positiv | Gewinnwachstum positiv | solide Gewinnmarge | Free Cashflow positiv | Verschuldung wirkt moderat | Dividende vorhanden;PEG Ratio hoch;LOW RISK;NO;8;STRONG BUY;über EMA20, über EMA50, über EMA100, 1M positiv, fundamental solide
TJX;TJX Companies, Inc. (The);USD;160.67 USD;160.67;156.15 USD;155.76 USD;154.68 USD;2.89;3.16;-0.02;5.18;4.35;0.17;5.57;69.7;164.46 USD;164.46;-2.31;1.55;0.619;LOW;1.19%;1.92 USD;14.05.2026;14.05.2026;152.64 USD;177492852736.0;Large Cap;27.9;31.26;3.46;9.2%;0.09;29.3%;0.29;9.4%;0.09;136.31;4.31 Mrd.;4314250240.0;7.6 Mrd.;7599000064.0;3;MIXED;8;OK;Umsatzwachstum positiv | Gewinnwachstum positiv | Gewinnmarge positiv | Free Cashflow positiv | Dividende vorhanden;PEG Ratio hoch;LOW RISK;NO;8;STRONG BUY;über EMA20, über EMA50, über EMA100, 1M positiv
EIX;Edison International;USD;71.42 USD;71.42;70.78 USD;70.22 USD;68.25 USD;0.91;1.71;-2.6;3.37;4.16;1.49;24.09;60.69;75.82 USD;75.82;-5.8;1.46;0.661;LOW;4.91%;3.51 USD;07.04.2026;07.04.2026;68.81 USD;27481982976.0;Large Cap;10.97;7.76;3.46;7.7%;0.08;-63.2%;-0.63;18.12%;0.18;226.1;-1.13 Mrd.;-1134000000.0;6.0 Mrd.;6002999808.0;4;MIXED;8;OK;Forward KGV im gesunden Bereich | KGV nicht übertrieben | Umsatzwachstum positiv | solide Gewinnmarge | Dividende vorhanden;PEG Ratio hoch | Gewinnwachstum negativ | Free Cashflow negativ | Verschuldung hoch;LOW RISK;NO;8;STRONG BUY;über EMA20, über EMA50, über EMA100, 1M positiv
GNL;Global Net Lease, Inc.;USD;9.48 USD;9.48;9.36 USD;9.32 USD;9.14 USD;1.28;1.67;0.91;2.54;3.89;3.7;20.13;55.92;9.76 USD;9.76;-2.96;1.24;0.986;NORMAL;8.02%;0.76 USD;13.04.2026;13.04.2026;9.13 USD;2008050688.0;Mid Cap;-157.92;-;-;-17.5%;-0.17;-;-;-8.72%;-0.09;159.3;672.85 Mio.;672852096.0;203.3 Mio.;203299008.0;1;WEAK;5;OK;Free Cashflow positiv | Dividende vorhanden;Umsatzwachstum negativ | negative Gewinnmarge;LOW RISK;NO;8;STRONG BUY;über EMA20, über EMA50, über EMA100, 1M positiv, Fundamentaldaten schwach
GLW;Corning Incorporated;USD;189.04 USD;189.04;186.59 USD;173.43 USD;153.69 USD;1.31;9.0;6.45;6.98;3.8;40.51;126.89;55.33;207.96 USD;207.96;-9.1;5.89;1.155;LOW;0.59%;1.12 USD;29.05.2026;29.05.2026;169.96 USD;162690678784.0;Large Cap;45.15;90.88;1.39;20.0%;0.2;138.9%;1.39;11.09%;0.11;80.36;612.0 Mio.;612000000.0;2.91 Mrd.;2905999872.0;6;SOLID;8;GOOD;PEG Ratio attraktiv | Umsatzwachstum positiv | Gewinnwachstum positiv | solide Gewinnmarge | Free Cashflow positiv | Verschuldung wirkt moderat | Dividende vorhanden;Forward KGV sehr hoch | KGV sehr hoch;LOW RISK;NO;8;STRONG BUY;über EMA20, über EMA50, über EMA100, 1M positiv, fundamental solide
C;Citigroup, Inc.;USD;133.9 USD;133.9;128.33 USD;124.75 USD;120.05 USD;4.34;7.34;1.08;3.73;3.73;23.48;31.94;69.8;135.15 USD;135.15;-0.92;1.63;1.115;NORMAL;1.79%;2.4 USD;04.05.2026;04.05.2026;122.25 USD;228376739840.0;Mega Cap;10.69;16.55;0.73;15.9%;0.16;56.1%;0.56;20.36%;0.2;-;-;-;-30.8 Mrd.;-30797000704.0;6;SOLID;6;GOOD;Forward KGV im gesunden Bereich | KGV nicht übertrieben | PEG Ratio attraktiv | Umsatzwachstum positiv | Gewinnwachstum positiv | solide Gewinnmarge | Dividende vorhanden;-;LOW RISK;NO;8;STRONG BUY;über EMA20, über EMA50, über EMA100, 1M positiv, fundamental solide
DINO;HF Sinclair Corporation;USD;72.58 USD;72.58;70.27 USD;66.31 USD;61.73 USD;3.29;9.45;1.67;2.5;3.67;27.84;41.31;56.83;73.99 USD;73.99;-1.9;2.39;0.707;LOW;2.76%;2.0 USD;11.05.2026;11.05.2026;64.99 USD;13084391424.0;Large Cap;9.75;10.9;0.97;11.8%;0.12;-;-;4.46%;0.04;34.67;1.38 Mrd.;1380499968.0;1.86 Mrd.;1860999936.0;6;SOLID;7;GOOD;Forward KGV im gesunden Bereich | KGV nicht übertrieben | PEG Ratio attraktiv | Umsatzwachstum positiv | Gewinnmarge positiv | Free Cashflow positiv | Verschuldung wirkt moderat | Dividende vorhanden;-;LOW RISK;NO;8;STRONG BUY;über EMA20, über EMA50, über EMA100, 1M positiv, fundamental solide
JCI;Johnson Controls International ;USD;144.21 USD;144.21;140.97 USD;139.21 USD;134.97 USD;2.3;3.59;0.39;7.69;3.56;5.45;24.39;59.76;147.4 USD;147.4;-2.16;2.07;1.337;LOW;1.11%;1.6 USD;15.06.2026;16.03.2026;136.43 USD;87984775168.0;Large Cap;25.17;43.97;1.95;8.2%;0.08;38.9%;0.39;14.45%;0.14;70.32;2.87 Mrd.;2870374912.0;1.74 Mrd.;1738000000.0;6;SOLID;8;GOOD;PEG Ratio attraktiv | Umsatzwachstum positiv | Gewinnwachstum positiv | solide Gewinnmarge | Free Cashflow positiv | Verschuldung wirkt moderat | Dividende vorhanden;-;LOW RISK;NO;8;STRONG BUY;über EMA20, über EMA50, über EMA100, 1M positiv, fundamental solide
BEN;Franklin Resources, Inc.;USD;31.44 USD;31.44;30.95 USD;29.34 USD;27.65 USD;1.6;7.15;0.36;1.63;3.03;18.51;43.61;46.1;32.35 USD;32.35;-2.8;2.15;1.593;LOW;4.2%;1.32 USD;29.06.2026;31.03.2026;28.76 USD;16339211264.0;Large Cap;10.62;24.0;0.39;8.7%;0.09;87.2%;0.87;8.12%;0.08;23.47;-242.14 Mio.;-242137504.0;978.7 Mio.;978700032.0;6;SOLID;8;GOOD;Forward KGV im gesunden Bereich | KGV nicht übertrieben | PEG Ratio attraktiv | Umsatzwachstum positiv | Gewinnwachstum positiv | Gewinnmarge positiv | Verschuldung wirkt moderat | Dividende vorhanden;Free Cashflow negativ;LOW RISK;NO;8;STRONG BUY;über EMA20, über EMA50, über EMA100, 1M positiv, fundamental solide
SPG;Simon Property Group, Inc.;USD;206.99 USD;206.99;204.56 USD;201.07 USD;196.16 USD;1.19;2.94;-1.58;2.12;2.78;4.15;14.22;64.49;210.31 USD;210.31;-1.58;1.21;1.346;LOW;4.25%;8.8 USD;09.06.2026;10.03.2026;197.05 USD;78651981824.0;Large Cap;30.86;14.38;4.58;19.3%;0.19;16.4%;0.16;70.59%;0.71;457.47;2.49 Mrd.;2494690560.0;4.14 Mrd.;4142711040.0;5;SOLID;8;GOOD;KGV nicht übertrieben | Umsatzwachstum positiv | Gewinnwachstum positiv | solide Gewinnmarge | Free Cashflow positiv | Dividende vorhanden;PEG Ratio hoch | Verschuldung hoch;LOW RISK;NO;8;STRONG BUY;über EMA20, über EMA50, über EMA100, 1M positiv, fundamental solide
CI;The Cigna Group;USD;290.09 USD;290.09;281.58 USD;279.66 USD;278.03 USD;3.02;3.73;0.21;6.41;2.72;3.73;5.99;53.94;327.14 USD;327.14;-11.33;1.97;0.302;LOW;2.15%;6.24 USD;04.06.2026;04.06.2026;274.07 USD;76738199552.0;Large Cap;8.67;2.55;0.87;4.6%;0.05;29.1%;0.29;2.26%;0.02;72.81;6.92 Mrd.;6923375104.0;8.81 Mrd.;8812000256.0;7;VERY SOLID;8;GOOD;Forward KGV im gesunden Bereich | KGV nicht übertrieben | PEG Ratio attraktiv | Umsatzwachstum positiv | Gewinnwachstum positiv | Gewinnmarge positiv | Free Cashflow positiv | Verschuldung wirkt moderat | Dividende vorhanden;-;LOW RISK;NO;8;STRONG BUY;über EMA20, über EMA50, über EMA100, 1M positiv, fundamental solide
UNP;Union Pacific Corporation;USD;270.45 USD;270.45;266.01 USD;260.68 USD;253.25 USD;1.67;3.75;-0.69;2.64;2.63;4.48;19.17;47.06;277.95 USD;277.95;-2.7;1.57;0.974;LOW;2.04%;5.52 USD;29.05.2026;29.05.2026;255.47 USD;160569753600.0;Large Cap;19.74;22.26;3.33;3.2%;0.03;6.2%;0.06;29.2%;0.29;162.25;4.03 Mrd.;4034374912.0;9.52 Mrd.;9520000000.0;6;SOLID;8;GOOD;Forward KGV im gesunden Bereich | KGV nicht übertrieben | Umsatzwachstum positiv | Gewinnwachstum positiv | solide Gewinnmarge | Free Cashflow positiv | Dividende vorhanden;PEG Ratio hoch;LOW RISK;NO;8;STRONG BUY;über EMA20, über EMA50, über EMA100, 1M positiv, fundamental solide
LIN;Linde plc;USD;504.11 USD;504.11;503.83 USD;498.96 USD;487.35 USD;0.06;1.03;-0.75;1.67;2.4;3.54;24.85;45.34;515.95 USD;515.95;-2.29;1.19;0.732;LOW;1.27%;6.4 USD;04.06.2026;04.06.2026;488.98 USD;233073885184.0;Mega Cap;25.58;33.43;2.36;8.2%;0.08;13.4%;0.13;20.44%;0.2;65.64;4.69 Mrd.;4694499840.0;10.43 Mrd.;10428999680.0;5;SOLID;8;GOOD;Umsatzwachstum positiv | Gewinnwachstum positiv | solide Gewinnmarge | Free Cashflow positiv | Verschuldung wirkt moderat | Dividende vorhanden;-;LOW RISK;NO;8;STRONG BUY;über EMA20, über EMA50, über EMA100, 1M positiv, fundamental solide
BKR;Baker Hughes Company;USD;65.0 USD;65.0;64.74 USD;63.75 USD;60.91 USD;0.41;1.97;3.85;3.22;2.31;8.35;32.17;47.03;69.44 USD;69.44;-6.39;2.29;0.938;LOW;1.42%;0.92 USD;05.05.2026;05.05.2026;62.47 USD;64484462592.0;Large Cap;23.36;20.77;2.51;2.5%;0.03;132.5%;1.32;11.17%;0.11;82.94;3.15 Mrd.;3151249920.0;3.6 Mrd.;3600999936.0;7;VERY SOLID;8;GOOD;Forward KGV im gesunden Bereich | KGV nicht übertrieben | Umsatzwachstum positiv | Gewinnwachstum positiv | solide Gewinnmarge | Free Cashflow positiv | Verschuldung wirkt moderat | Dividende vorhanden;-;LOW RISK;NO;8;STRONG BUY;über EMA20, über EMA50, über EMA100, 1M positiv, fundamental solide
ETN;Eaton Corporation, PLC;USD;406.48 USD;406.48;403.65 USD;396.09 USD;383.89 USD;0.7;2.62;2.66;1.6;2.12;15.24;19.66;61.42;431.82 USD;431.82;-5.87;2.8;1.192;LOW;1.08%;4.4 USD;08.05.2026;08.05.2026;388.17 USD;157785702400.0;Large Cap;25.85;39.76;2.99;16.8%;0.17;-9.4%;-0.09;13.99%;0.14;110.46;2.65 Mrd.;2646500096.0;4.74 Mrd.;4741000192.0;3;MIXED;8;OK;Umsatzwachstum positiv | solide Gewinnmarge | Free Cashflow positiv | Dividende vorhanden;Gewinnwachstum negativ;LOW RISK;NO;8;STRONG BUY;über EMA20, über EMA50, über EMA100, 1M positiv
EQR;Equity Residential;USD;67.23 USD;67.23;66.12 USD;64.49 USD;63.18 USD;1.68;4.25;-1.41;2.16;2.08;7.82;11.73;62.16;68.19 USD;68.19;-1.41;1.28;0.764;LOW;4.18%;2.81 USD;30.03.2026;30.03.2026;63.2 USD;25976059904.0;Large Cap;41.45;26.89;16.1;2.5%;0.03;-64.6%;-0.65;30.63%;0.31;78.42;1.42 Mrd.;1416540928.0;1.62 Mrd.;1623752960.0;5;SOLID;8;GOOD;KGV nicht übertrieben | Umsatzwachstum positiv | solide Gewinnmarge | Free Cashflow positiv | Verschuldung wirkt moderat | Dividende vorhanden;Forward KGV sehr hoch | PEG Ratio hoch | Gewinnwachstum negativ;LOW RISK;NO;8;STRONG BUY;über EMA20, über EMA50, über EMA100, 1M positiv, fundamental solide
JPM;JP Morgan Chase & Co.;USD;312.2 USD;312.2;304.43 USD;303.65 USD;303.33 USD;2.55;2.81;-0.05;5.27;1.94;6.9;2.46;62.06;332.91 USD;332.91;-6.22;1.39;1.0;LOW;1.92%;6.0 USD;06.07.2026;06.04.2026;297.58 USD;836543447040.0;Mega Cap;13.26;14.94;1.66;12.7%;0.13;17.2%;0.17;33.94%;0.34;-;-;-;-107.7 Mrd.;-107704000512.0;6;SOLID;6;GOOD;Forward KGV im gesunden Bereich | KGV nicht übertrieben | PEG Ratio attraktiv | Umsatzwachstum positiv | Gewinnwachstum positiv | solide Gewinnmarge | Dividende vorhanden;-;LOW RISK;NO;8;STRONG BUY;über EMA20, über EMA50, über EMA100, 1M positiv, fundamental solide
INTC;Intel Corporation;USD;111.75 USD;111.75;109.86 USD;94.47 USD;77.06 USD;1.72;18.29;12.69;2.21;1.94;143.2;203.59;52.85;129.44 USD;129.44;-13.67;6.13;2.228;NORMAL;0.0%;-;07.08.2024;07.08.2024;92.58 USD;561655513088.0;Mega Cap;72.59;-;1.36;7.2%;0.07;-;-;-5.9%;-0.06;36.03;-8.3 Mrd.;-8301250048.0;9.98 Mrd.;9980000256.0;3;MIXED;6;OK;PEG Ratio attraktiv | Umsatzwachstum positiv | Verschuldung wirkt moderat;Forward KGV sehr hoch | negative Gewinnmarge | Free Cashflow negativ;MEDIUM RISK;NO;8;STRONG BUY;über EMA20, über EMA50, über EMA100, 1M positiv
CAT;Caterpillar, Inc.;USD;913.09 USD;913.09;892.76 USD;846.34 USD;781.05 USD;2.28;7.89;0.97;5.52;1.94;29.56;59.82;60.61;940.48 USD;940.48;-2.91;2.87;1.603;LOW;0.66%;6.04 USD;20.04.2026;20.04.2026;829.41 USD;420559618048.0;Mega Cap;30.45;45.47;2.15;22.2%;0.22;30.2%;0.3;13.33%;0.13;230.79;3.78 Mrd.;3776624896.0;12.32 Mrd.;12320000000.0;4;MIXED;8;OK;Umsatzwachstum positiv | Gewinnwachstum positiv | solide Gewinnmarge | Free Cashflow positiv | Dividende vorhanden;KGV sehr hoch | Verschuldung hoch;LOW RISK;NO;8;STRONG BUY;über EMA20, über EMA50, über EMA100, 1M positiv
IBE.MC;ACCIONES IBERDROLA;EUR;19.76 EUR;19.76;19.63 EUR;19.63 EUR;19.34 EUR;0.67;0.7;-0.43;2.07;1.62;2.09;10.01;55.52;20.47 EUR;20.47;-3.47;0.9;0.584;NORMAL;3.44%;0.68 EUR;06.07.2026;06.07.2026;19.24 EUR;133568815104.0;Large Cap;18.45;24.71;3.29;-4.5%;-0.04;-18.6%;-0.19;13.77%;0.14;94.89;-;-;-;-;4;MIXED;7;OK;Forward KGV im gesunden Bereich | KGV nicht übertrieben | solide Gewinnmarge | Verschuldung wirkt moderat | Dividende vorhanden;PEG Ratio hoch | Umsatzwachstum negativ | Gewinnwachstum negativ;LOW RISK;NO;8;STRONG BUY;über EMA20, über EMA50, über EMA100, 1M positiv
ALL;Allstate Corporation (The);USD;215.79 USD;215.79;213.02 USD;212.07 USD;209.59 USD;1.3;1.76;-2.36;4.14;1.53;2.51;2.43;45.7;223.4 USD;223.4;-3.41;1.64;0.192;LOW;2.0%;4.32 USD;01.06.2026;01.06.2026;207.82 USD;55550148608.0;Large Cap;8.22;4.77;2.65;3.0%;0.03;338.4%;3.38;17.81%;0.18;23.72;12.43 Mrd.;12428999680.0;11.71 Mrd.;11708000256.0;7;VERY SOLID;8;GOOD;Forward KGV im gesunden Bereich | KGV nicht übertrieben | Umsatzwachstum positiv | Gewinnwachstum positiv | solide Gewinnmarge | Free Cashflow positiv | Verschuldung wirkt moderat | Dividende vorhanden;-;LOW RISK;NO;8;STRONG BUY;über EMA20, über EMA50, über EMA100, 1M positiv, fundamental solide
ROST;Ross Stores, Inc.;USD;227.87 USD;227.87;226.22 USD;221.38 USD;211.6 USD;0.73;2.93;-1.09;1.69;1.51;6.29;28.8;64.13;234.81 USD;234.81;-2.96;2.32;0.866;LOW;0.78%;1.78 USD;09.06.2026;13.03.2026;216.95 USD;73117237248.0;Large Cap;26.61;31.83;2.8;20.6%;0.21;37.4%;0.37;9.74%;0.1;74.91;2.05 Mrd.;2047583488.0;3.45 Mrd.;3453177088.0;4;MIXED;8;OK;Umsatzwachstum positiv | Gewinnwachstum positiv | Gewinnmarge positiv | Free Cashflow positiv | Verschuldung wirkt moderat | Dividende vorhanden;-;LOW RISK;NO;8;STRONG BUY;über EMA20, über EMA50, über EMA100, 1M positiv
ASM.AS;ASM International N.V.;EUR;890.0 EUR;890.0;874.0 EUR;825.38 EUR;760.11 EUR;1.83;7.83;2.65;2.61;1.28;24.61;89.41;63.5;905.0 EUR;905.0;-1.66;2.67;1.547;NORMAL;0.37%;3.25 EUR;13.05.2026;13.05.2026;808.87 EUR;43508604928.0;Large Cap;32.96;44.26;1.92;2.8%;0.03;-;-;31.01%;0.31;1.68;59.45 Mio.;59450000.0;758.2 Mio.;758200000.0;5;SOLID;7;GOOD;PEG Ratio attraktiv | Umsatzwachstum positiv | solide Gewinnmarge | Free Cashflow positiv | Verschuldung wirkt moderat | Dividende vorhanden;-;LOW RISK;NO;8;STRONG BUY;über EMA20, über EMA50, über EMA100, 1M positiv, fundamental solide
CARR;Carrier Global Corporation;USD;67.93 USD;67.93;65.44 USD;63.53 USD;61.79 USD;3.79;6.93;1.14;4.32;1.05;12.86;25.94;59.87;79.79 USD;79.79;-14.87;2.67;1.337;LOW;1.41%;0.96 USD;21.07.2026;04.05.2026;62.25 USD;56417177600.0;Large Cap;21.22;45.28;1.62;2.4%;0.02;-40.7%;-0.41;5.99%;0.06;91.1;849.75 Mio.;849750016.0;2.11 Mrd.;2108999936.0;5;SOLID;8;GOOD;Forward KGV im gesunden Bereich | PEG Ratio attraktiv | Umsatzwachstum positiv | Gewinnmarge positiv | Free Cashflow positiv | Verschuldung wirkt moderat | Dividende vorhanden;KGV sehr hoch | Gewinnwachstum negativ;LOW RISK;NO;8;STRONG BUY;über EMA20, über EMA50, über EMA100, 1M positiv, fundamental solide
CCI;Crown Castle Inc.;USD;92.01 USD;92.01;90.88 USD;89.05 USD;88.21 USD;1.24;3.32;-2.62;1.08;1.03;3.38;4.1;56.22;109.95 USD;109.95;-16.32;2.02;0.948;LOW;4.62%;4.25 USD;15.06.2026;13.03.2026;87.27 USD;40157945856.0;Large Cap;31.07;38.82;1.54;-4.8%;-0.05;-;-;25.14%;0.25;-;1.2 Mrd.;1202875008.0;2.92 Mrd.;2924999936.0;3;MIXED;6;OK;PEG Ratio attraktiv | solide Gewinnmarge | Free Cashflow positiv | Dividende vorhanden;Umsatzwachstum negativ;LOW RISK;NO;8;STRONG BUY;über EMA20, über EMA50, über EMA100, 1M positiv
MDLZ;Mondelez International, Inc.;USD;61.87 USD;61.87;61.26 USD;60.16 USD;59.2 USD;1.0;2.84;-0.27;1.34;0.91;7.26;10.09;51.82;68.95 USD;68.95;-10.27;1.19;0.4;LOW;3.23%;2.0 USD;30.06.2026;31.03.2026;58.96 USD;79419408384.0;Large Cap;18.27;30.63;1.02;8.2%;0.08;41.3%;0.41;6.64%;0.07;83.79;2.85 Mrd.;2847500032.0;3.89 Mrd.;3888999936.0;6;SOLID;8;GOOD;Forward KGV im gesunden Bereich | PEG Ratio attraktiv | Umsatzwachstum positiv | Gewinnwachstum positiv | Gewinnmarge positiv | Free Cashflow positiv | Verschuldung wirkt moderat | Dividende vorhanden;-;LOW RISK;NO;8;STRONG BUY;über EMA20, über EMA50, über EMA100, 1M positiv, fundamental solide
BIIB;Biogen Inc.;USD;193.07 USD;193.07;193.05 USD;189.84 USD;185.09 USD;0.01;1.7;-1.16;0.44;0.88;2.65;6.12;51.72;204.53 USD;204.53;-5.6;2.22;0.177;LOW;0.0%;-;-;-;186.04 USD;28504299520.0;Large Cap;11.6;20.76;3.94;1.9%;0.02;31.1%;0.31;13.8%;0.14;35.18;1.93 Mrd.;1930925056.0;2.59 Mrd.;2590799872.0;7;VERY SOLID;8;GOOD;Forward KGV im gesunden Bereich | KGV nicht übertrieben | Umsatzwachstum positiv | Gewinnwachstum positiv | solide Gewinnmarge | Free Cashflow positiv | Verschuldung wirkt moderat;PEG Ratio hoch;LOW RISK;NO;8;STRONG BUY;über EMA20, über EMA50, über EMA100, 1M positiv, fundamental solide
ELE.MC;ENDESA,S.A.;EUR;36.41 EUR;36.41;36.39 EUR;36.21 EUR;34.99 EUR;0.06;0.56;-0.93;1.99;0.61;9.37;18.41;52.44;38.6 EUR;38.6;-5.67;1.21;0.576;NORMAL;4.34%;1.58 EUR;08.07.2026;08.07.2026;35.48 EUR;37393522688.0;Large Cap;15.67;16.18;3.76;-1.3%;-0.01;26.4%;0.26;11.17%;0.11;120.03;1.45 Mrd.;1450397056.0;3.84 Mrd.;3844999936.0;5;SOLID;8;GOOD;Forward KGV im gesunden Bereich | KGV nicht übertrieben | Gewinnwachstum positiv | solide Gewinnmarge | Free Cashflow positiv | Dividende vorhanden;PEG Ratio hoch | Umsatzwachstum negativ;LOW RISK;NO;8;STRONG BUY;über EMA20, über EMA50, über EMA100, 1M positiv, fundamental solide
PSA;Public Storage;USD;311.02 USD;311.02;304.1 USD;299.92 USD;294.15 USD;2.28;3.7;0.43;5.14;0.54;2.36;15.84;67.16;312.17 USD;312.17;-0.37;1.62;0.963;LOW;3.86%;12.0 USD;15.06.2026;16.03.2026;293.92 USD;54597361664.0;Large Cap;30.61;32.1;4.51;3.2%;0.03;32.8%;0.33;39.06%;0.39;107.65;2.34 Mrd.;2337331968.0;3.18 Mrd.;3176186880.0;4;MIXED;8;OK;Umsatzwachstum positiv | Gewinnwachstum positiv | solide Gewinnmarge | Free Cashflow positiv | Dividende vorhanden;PEG Ratio hoch;LOW RISK;NO;8;STRONG BUY;über EMA20, über EMA50, über EMA100, 1M positiv
TRN.MI;TERNA;EUR;10.06 EUR;10.06;9.93 EUR;9.93 EUR;9.77 EUR;1.28;1.3;0.05;3.62;0.4;2.31;12.22;57.34;10.32 EUR;10.32;-2.57;1.26;0.615;NORMAL;3.98%;0.4 EUR;22.06.2026;22.06.2026;9.73 EUR;20177950720.0;Large Cap;17.98;18.97;2.14;9.6%;0.1;-;-;27.16%;0.27;173.45;-895.05 Mio.;-895049984.0;2.53 Mrd.;2527800064.0;4;MIXED;7;OK;Forward KGV im gesunden Bereich | KGV nicht übertrieben | Umsatzwachstum positiv | solide Gewinnmarge | Dividende vorhanden;Free Cashflow negativ;LOW RISK;NO;8;STRONG BUY;über EMA20, über EMA50, über EMA100, 1M positiv
USB;U.S. Bancorp;USD;55.51 USD;55.51;54.71 USD;54.6 USD;53.95 USD;1.47;1.68;-0.32;3.66;0.36;4.03;15.68;60.53;60.07 USD;60.07;-7.59;1.54;0.999;LOW;3.71%;2.06 USD;31.03.2026;31.03.2026;53.5 USD;86103285760.0;Large Cap;9.82;11.64;1.9;4.6%;0.05;14.8%;0.15;29.29%;0.29;-;-;-;9.62 Mrd.;9617999872.0;6;SOLID;6;GOOD;Forward KGV im gesunden Bereich | KGV nicht übertrieben | PEG Ratio attraktiv | Umsatzwachstum positiv | Gewinnwachstum positiv | solide Gewinnmarge | Dividende vorhanden;-;LOW RISK;NO;8;STRONG BUY;über EMA20, über EMA50, über EMA100, 1M positiv, fundamental solide
SLAB;Silicon Laboratories, Inc.;USD;218.16 USD;218.16;217.63 USD;212.87 USD;200.1 USD;0.25;2.49;0.03;0.13;0.24;7.34;72.98;60.45;219.13 USD;219.13;-0.44;0.36;1.361;LOW;0.0%;-;-;-;208.62 USD;7195479552.0;Mid Cap;52.59;-;3.12;20.1%;0.2;-;-;-6.13%;-0.06;-;15.37 Mio.;15368750.0;52.51 Mio.;52514000.0;2;WEAK;5;OK;Umsatzwachstum positiv | Free Cashflow positiv;Forward KGV sehr hoch | PEG Ratio hoch | negative Gewinnmarge;LOW RISK;NO;8;STRONG BUY;über EMA20, über EMA50, über EMA100, 1M positiv, Fundamentaldaten schwach
RDW;Redwire Corporation;USD;18.48 USD;18.48;17.86 USD;14.38 USD;12.25 USD;3.49;28.46;0.16;-10.64;100.86;103.74;244.12;58.99;25.9 USD;25.9;-28.65;10.11;2.936;LOW;0.0%;-;-;-;14.1 USD;3675819008.0;Mid Cap;-45.07;-;-;57.9%;0.58;-;-;-80.9%;-0.81;11.32;-71.32 Mio.;-71324128.0;-138.92 Mio.;-138916000.0;2;WEAK;5;OK;Umsatzwachstum positiv | Verschuldung wirkt moderat;negative Gewinnmarge | Free Cashflow negativ;MEDIUM RISK;NO;7;STRONG BUY;über EMA20, über EMA50, über EMA100, 1M positiv, Fundamentaldaten schwach
DHER.DE;Delivery Hero SE              N;EUR;38.5 EUR;38.5;34.38 EUR;28.25 EUR;24.94 EUR;11.99;36.3;-1.91;2.2;92.6;116.6;130.33;75.02;39.35 EUR;39.35;-2.16;4.64;1.855;LOW;0.0%;-;-;-;27.68 EUR;11694342144.0;Large Cap;71.4;-;-;10.1%;0.1;-;-;-5.57%;-0.06;257.86;355.65 Mio.;355649984.0;79.5 Mio.;79500000.0;2;WEAK;5;OK;Umsatzwachstum positiv | Free Cashflow positiv;Forward KGV sehr hoch | negative Gewinnmarge | Verschuldung hoch;HIGH RISK;NO;7;WATCH - OVERBOUGHT;über EMA20, über EMA50, über EMA100, 1M positiv, kurzfristig heiß gelaufen, hohes Risiko, Fundamentaldaten schwach
UMAC;Unusual Machines, Inc.;USD;25.08 USD;25.08;23.04 USD;18.94 USD;16.73 USD;8.87;32.42;-6.07;-13.16;85.78;64.35;194.71;62.79;33.42 USD;33.42;-24.96;13.41;;LOW;0.0%;-;-;-;18.56 USD;1198671616.0;Small Cap;-125.4;-;-;296.4%;2.96;-;-;-32.72%;-0.33;1.0;-33.71 Mio.;-33707000.0;-37.4 Mio.;-37396980.0;2;WEAK;5;OK;Umsatzwachstum positiv | Verschuldung wirkt moderat;negative Gewinnmarge | Free Cashflow negativ;MEDIUM RISK;NO;7;STRONG BUY;über EMA20, über EMA50, über EMA100, 1M positiv, Fundamentaldaten schwach
MRVL;Marvell Technology, Inc.;USD;295.15 USD;295.15;227.72 USD;181.48 USD;147.13 USD;29.61;62.64;12.02;34.51;84.46;290.19;236.88;75.12;316.43 USD;316.43;-6.73;7.95;2.277;NORMAL;0.08%;0.24 USD;10.04.2026;10.04.2026;177.85 USD;258419507200.0;Mega Cap;47.82;101.78;1.49;27.6%;0.28;-80.4%;-0.8;28.99%;0.29;28.97;2.27 Mrd.;2269700096.0;2.06 Mrd.;2056400000.0;5;SOLID;8;GOOD;PEG Ratio attraktiv | Umsatzwachstum positiv | solide Gewinnmarge | Free Cashflow positiv | Verschuldung wirkt moderat | Dividende vorhanden;Forward KGV sehr hoch | KGV sehr hoch | Gewinnwachstum negativ;HIGH RISK;NO;7;WATCH - OVERBOUGHT;über EMA20, über EMA50, über EMA100, 1M positiv, kurzfristig heiß gelaufen, hohes Risiko, fundamental solide
MP1.AX;MEGAPORT FPO [MP1];AUD;18.48 AUD;18.48;13.98 AUD;11.72 AUD;11.13 AUD;32.18;57.64;15.18;23.27;84.25;140.62;29.78;89.66;18.48 AUD;18.48;0.0;6.17;1.339;HIGH;0.0%;-;-;-;11.49 AUD;3531130112.0;Mid Cap;88.53;-;-;26.3%;0.26;-;-;-7.94%;-0.08;18.4;80.81 Mio.;80814624.0;72.59 Mio.;72589000.0;3;MIXED;5;OK;Umsatzwachstum positiv | Free Cashflow positiv | Verschuldung wirkt moderat;Forward KGV sehr hoch | negative Gewinnmarge;HIGH RISK;NO;7;WATCH - OVERBOUGHT;über EMA20, über EMA50, über EMA100, 1M positiv, kurzfristig heiß gelaufen, hohes Volumen, hohes Risiko
ALAB;Astera Labs, Inc.;USD;348.96 USD;348.96;300.44 USD;241.57 USD;204.77 USD;16.15;44.46;10.06;9.02;78.36;190.8;126.28;73.44;363.54 USD;363.54;-4.01;6.86;3.963;LOW;0.0%;-;-;-;236.74 USD;59815370752.0;Large Cap;82.95;234.2;-;93.4%;0.93;144.4%;1.44;26.72%;0.27;2.8;240.0 Mio.;240004880.0;383.4 Mio.;383400000.0;5;SOLID;7;GOOD;Umsatzwachstum positiv | Gewinnwachstum positiv | solide Gewinnmarge | Free Cashflow positiv | Verschuldung wirkt moderat;Forward KGV sehr hoch | KGV sehr hoch;HIGH RISK;NO;7;WATCH - OVERBOUGHT;über EMA20, über EMA50, über EMA100, 1M positiv, kurzfristig heiß gelaufen, hohes Risiko, fundamental solide
AEVA;Aeva Technologies, Inc.;USD;23.3 USD;23.3;23.17 USD;19.77 USD;17.69 USD;0.55;17.86;1.26;-16.22;70.57;54.51;121.27;58.75;37.79 USD;37.79;-38.34;8.77;2.409;LOW;0.0%;-;-;-;19.37 USD;1573570048.0;Small Cap;-15.13;-;-;85.9%;0.86;-;-;0.0%;0.0;-;-67.77 Mio.;-67766248.0;-110.13 Mio.;-110133000.0;1;WEAK;4;OK;Umsatzwachstum positiv;negative Gewinnmarge | Free Cashflow negativ;MEDIUM RISK;NO;7;STRONG BUY;über EMA20, über EMA50, über EMA100, 1M positiv, Fundamentaldaten schwach
SPCE;Virgin Galactic Holdings, Inc.;USD;4.26 USD;4.26;4.02 USD;3.4 USD;3.18 USD;6.07;25.55;-2.63;-43.28;69.92;66.6;15.27;59.08;7.52 USD;7.52;-43.28;13.14;;LOW;0.0%;-;-;-;3.33 USD;445487648.0;Small Cap;-8.84;-;-;-50.8%;-0.51;-;-;0.0%;0.0;142.91;-303.65 Mio.;-303645632.0;-217.72 Mio.;-217724992.0;0;WEAK;5;OK;-;Umsatzwachstum negativ | negative Gewinnmarge | Free Cashflow negativ;LOW RISK;NO;7;STRONG BUY;über EMA20, über EMA50, über EMA100, 1M positiv, Fundamentaldaten schwach
HPE;Hewlett Packard Enterprise Comp;USD;49.96 USD;49.96;42.1 USD;34.62 USD;29.92 USD;18.65;44.28;1.53;6.29;68.2;134.17;134.93;75.43;56.15 USD;56.15;-11.03;5.53;1.448;LOW;1.14%;0.57 USD;16.06.2026;24.03.2026;33.93 USD;66150588416.0;Large Cap;12.44;46.69;0.85;40.0%;0.4;-;-;4.01%;0.04;84.03;3.84 Mrd.;3836000000.0;6.36 Mrd.;6358000128.0;5;SOLID;7;GOOD;Forward KGV im gesunden Bereich | PEG Ratio attraktiv | Umsatzwachstum positiv | Gewinnmarge positiv | Free Cashflow positiv | Verschuldung wirkt moderat | Dividende vorhanden;KGV sehr hoch;HIGH RISK;NO;7;WATCH - OVERBOUGHT;über EMA20, über EMA50, über EMA100, 1M positiv, kurzfristig heiß gelaufen, hohes Risiko, fundamental solide
SEDG;SolarEdge Technologies, Inc.;USD;64.89 USD;64.89;63.73 USD;54.41 USD;47.67 USD;1.83;19.27;2.72;-14.39;68.07;84.14;82.94;60.73;78.51 USD;78.51;-17.35;8.05;1.415;LOW;0.0%;-;-;-;53.32 USD;3946492928.0;Mid Cap;41.43;-;4.61;41.5%;0.41;-;-;-28.56%;-0.29;98.45;277.84 Mio.;277839360.0;94.87 Mio.;94866000.0;3;MIXED;6;OK;Umsatzwachstum positiv | Free Cashflow positiv | Verschuldung wirkt moderat;Forward KGV sehr hoch | PEG Ratio hoch | negative Gewinnmarge;MEDIUM RISK;NO;7;STRONG BUY;über EMA20, über EMA50, über EMA100, 1M positiv
OUST;Ouster, Inc.;USD;40.8 USD;40.8;38.62 USD;32.26 USD;28.49 USD;5.65;26.47;2.82;-9.19;66.46;92.63;82.31;63.56;47.09 USD;47.09;-13.36;8.55;3.243;LOW;0.0%;-;-;-;31.62 USD;2597856256.0;Mid Cap;-906.67;-;-;48.9%;0.49;-;-;-30.12%;-0.3;6.31;-46.81 Mio.;-46808624.0;-42.36 Mio.;-42358000.0;2;WEAK;5;OK;Umsatzwachstum positiv | Verschuldung wirkt moderat;negative Gewinnmarge | Free Cashflow negativ;MEDIUM RISK;NO;7;STRONG BUY;über EMA20, über EMA50, über EMA100, 1M positiv, Fundamentaldaten schwach
6981.T;MURATA MANUFACTURING CO;JPY;8711.0 JPY;8711.0;8189.3 JPY;6486.79 JPY;5282.49 JPY;6.37;34.29;-10.15;-16.96;48.91;116.31;190.78;68.04;10490.0 JPY;10490.0;-16.96;5.24;1.256;HIGH;0.8%;70.0 JPY;29.09.2026;30.03.2027;6357.05 JPY;15856557883392.0;Mega Cap;36.71;68.07;2.67;11.8%;0.12;140.8%;1.41;12.78%;0.13;2.05;115.03 Mrd.;115032498176.0;425.22 Mrd.;425222012928.0;5;SOLID;8;GOOD;Umsatzwachstum positiv | Gewinnwachstum positiv | solide Gewinnmarge | Free Cashflow positiv | Verschuldung wirkt moderat | Dividende vorhanden;KGV sehr hoch;LOW RISK;NO;7;STRONG BUY;über EMA20, über EMA50, über EMA100, 1M positiv, hohes Volumen, fundamental solide
MU;Micron Technology, Inc.;USD;939.04 USD;939.04;861.15 USD;697.48 USD;563.86 USD;9.05;34.63;8.68;-9.32;45.22;136.6;308.15;67.87;1079.57 USD;1079.57;-13.02;6.78;2.173;NORMAL;0.06%;0.6 USD;30.03.2026;30.03.2026;683.53 USD;1058987311104.0;Mega Cap;8.86;44.36;0.3;196.3%;1.96;756.0%;7.56;41.49%;0.41;14.9;2.89 Mrd.;2893499904.0;30.65 Mrd.;30652999680.0;7;VERY SOLID;8;GOOD;Forward KGV im gesunden Bereich | PEG Ratio attraktiv | Umsatzwachstum positiv | Gewinnwachstum positiv | solide Gewinnmarge | Free Cashflow positiv | Verschuldung wirkt moderat | Dividende vorhanden;-;HIGH RISK;NO;7;STRONG BUY;über EMA20, über EMA50, über EMA100, 1M positiv, hohes Risiko, fundamental solide
OKTA;Okta, Inc.;USD;117.25 USD;117.25;105.23 USD;92.16 USD;87.36 USD;11.42;27.23;-1.24;-16.12;44.97;47.21;45.54;67.44;139.79 USD;139.79;-16.12;6.7;0.794;LOW;0.0%;-;-;-;90.32 USD;20559370240.0;Large Cap;27.4;84.96;1.13;11.2%;0.11;21.2%;0.21;8.24%;0.08;5.96;977.75 Mio.;977750016.0;920.0 Mio.;920000000.0;5;SOLID;8;GOOD;PEG Ratio attraktiv | Umsatzwachstum positiv | Gewinnwachstum positiv | Gewinnmarge positiv | Free Cashflow positiv | Verschuldung wirkt moderat;KGV sehr hoch;MEDIUM RISK;NO;7;STRONG BUY;über EMA20, über EMA50, über EMA100, 1M positiv, fundamental solide
SHLS;Shoals Technologies Group, Inc.;USD;10.91 USD;10.91;10.77 USD;9.41 USD;8.75 USD;1.38;16.02;0.97;-10.39;39.22;86.58;33.6;59.14;12.77 USD;12.77;-14.53;6.12;1.875;LOW;0.0%;-;-;-;9.22 USD;1831229440.0;Small Cap;21.51;54.58;0.94;74.9%;0.75;-;-;6.27%;0.06;36.49;-69.16 Mio.;-69157872.0;-39.94 Mio.;-39939000.0;4;MIXED;7;OK;Forward KGV im gesunden Bereich | PEG Ratio attraktiv | Umsatzwachstum positiv | Gewinnmarge positiv | Verschuldung wirkt moderat;KGV sehr hoch | Free Cashflow negativ;MEDIUM RISK;NO;7;STRONG BUY;über EMA20, über EMA50, über EMA100, 1M positiv
HIVE;HIVE Digital Technologies Ltd;USD;3.97 USD;3.97;3.85 USD;3.24 USD;3.0 USD;3.21;22.4;5.31;-16.6;38.33;80.45;24.06;59.21;6.96 USD;6.96;-42.96;8.06;3.719;LOW;0.0%;-;-;-;3.18 USD;1061700352.0;Small Cap;6.02;-;-;218.6%;2.19;-;-;-48.63%;-0.49;3.23;96.32 Mio.;96322496.0;97.24 Mio.;97241000.0;4;MIXED;5;OK;Forward KGV im gesunden Bereich | Umsatzwachstum positiv | Free Cashflow positiv | Verschuldung wirkt moderat;negative Gewinnmarge;MEDIUM RISK;NO;7;STRONG BUY;über EMA20, über EMA50, über EMA100, 1M positiv
PANW;Palo Alto Networks, Inc.;USD;267.02 USD;267.02;254.98 USD;221.66 USD;202.69 USD;4.72;20.46;-1.85;-11.14;35.87;63.65;44.06;57.76;300.48 USD;300.48;-11.14;3.41;0.942;LOW;0.0%;-;-;-;217.23 USD;217619824640.0;Mega Cap;64.97;234.23;4.48;31.1%;0.31;-;-;7.95%;0.08;7.7;3.58 Mrd.;3579375104.0;4.22 Mrd.;4216999936.0;3;MIXED;7;OK;Umsatzwachstum positiv | Gewinnmarge positiv | Free Cashflow positiv | Verschuldung wirkt moderat;Forward KGV sehr hoch | KGV sehr hoch | PEG Ratio hoch;LOW RISK;NO;7;STRONG BUY;über EMA20, über EMA50, über EMA100, 1M positiv
FR.PA;VALEO;EUR;15.22 EUR;15.22;13.44 EUR;12.23 EUR;11.67 EUR;13.17;24.45;0.63;15.4;35.41;39.36;46.97;72.75;16.64 EUR;16.64;-8.56;4.46;1.296;NORMAL;2.89%;0.44 EUR;26.05.2026;26.05.2026;11.98 EUR;3696389632.0;Mid Cap;6.95;18.78;0.18;-1.3%;-0.01;387.6%;3.88;0.96%;0.01;161.19;239.0 Mio.;239000000.0;2.29 Mrd.;2288999936.0;5;SOLID;8;GOOD;Forward KGV im gesunden Bereich | KGV nicht übertrieben | PEG Ratio attraktiv | Gewinnwachstum positiv | Gewinnmarge positiv | Free Cashflow positiv | Dividende vorhanden;Umsatzwachstum negativ;MEDIUM RISK;NO;7;STRONG BUY;über EMA20, über EMA50, über EMA100, 1M positiv, fundamental solide
6479.T;MINEBEA MITSUMI INC;JPY;4546.0 JPY;4546.0;4281.21 JPY;3737.61 JPY;3420.73 JPY;6.18;21.63;-8.97;-3.71;34.5;37.78;61.53;65.74;4994.0 JPY;4994.0;-8.97;3.6;1.003;NORMAL;1.32%;60.0 JPY;29.09.2026;30.03.2027;3662.86 JPY;1825653260288.0;Mega Cap;21.16;18.43;1.07;15.3%;0.15;214.2%;2.14;5.95%;0.06;52.96;-34.49 Mrd.;-34487623680.0;94.85 Mrd.;94849998848.0;6;SOLID;8;GOOD;Forward KGV im gesunden Bereich | KGV nicht übertrieben | PEG Ratio attraktiv | Umsatzwachstum positiv | Gewinnwachstum positiv | Gewinnmarge positiv | Verschuldung wirkt moderat | Dividende vorhanden;Free Cashflow negativ;LOW RISK;NO;7;STRONG BUY;über EMA20, über EMA50, über EMA100, 1M positiv, fundamental solide
IONQ;IonQ, Inc.;USD;63.6 USD;63.6;60.58 USD;52.19 USD;47.83 USD;4.98;21.86;12.01;-8.2;33.39;76.57;35.61;64.04;82.09 USD;82.09;-22.52;6.78;3.184;LOW;0.0%;-;-;-;51.15 USD;23739967488.0;Large Cap;-61.01;163.08;-;754.7%;7.55;-;-;174.88%;1.75;0.61;-91.36 Mio.;-91360376.0;-401.19 Mio.;-401185984.0;3;MIXED;6;OK;Umsatzwachstum positiv | solide Gewinnmarge | Verschuldung wirkt moderat;KGV sehr hoch | Free Cashflow negativ;MEDIUM RISK;NO;7;STRONG BUY;über EMA20, über EMA50, über EMA100, 1M positiv
FTNT;Fortinet, Inc.;USD;143.15 USD;143.15;131.45 USD;112.61 USD;100.35 USD;8.9;27.12;-1.06;-2.71;32.58;69.57;77.72;67.49;149.67 USD;149.67;-4.36;4.3;1.109;LOW;0.0%;-;-;-;110.36 USD;104878612480.0;Large Cap;41.78;55.48;3.26;20.1%;0.2;28.6%;0.29;27.49%;0.27;57.31;1.81 Mrd.;1813049984.0;2.8 Mrd.;2804400128.0;5;SOLID;8;GOOD;Umsatzwachstum positiv | Gewinnwachstum positiv | solide Gewinnmarge | Free Cashflow positiv | Verschuldung wirkt moderat;Forward KGV sehr hoch | KGV sehr hoch | PEG Ratio hoch;LOW RISK;NO;7;STRONG BUY;über EMA20, über EMA50, über EMA100, 1M positiv, fundamental solide
UMC;United Microelectronics Corpora;USD;20.09 USD;20.09;19.24 USD;15.93 USD;13.35 USD;4.43;26.11;1.98;-12.23;32.52;106.05;174.08;63.94;22.89 USD;22.89;-12.23;4.64;1.591;LOW;2.39%;0.48 USD;24.06.2025;24.06.2025;15.61 USD;50411569152.0;Large Cap;24.99;32.4;1.47;5.5%;0.06;108.1%;1.08;20.82%;0.21;18.69;34.35 Mrd.;34353795072.0;98.02 Mrd.;98019819520.0;7;VERY SOLID;8;GOOD;Forward KGV im gesunden Bereich | PEG Ratio attraktiv | Umsatzwachstum positiv | Gewinnwachstum positiv | solide Gewinnmarge | Free Cashflow positiv | Verschuldung wirkt moderat | Dividende vorhanden;-;LOW RISK;NO;7;STRONG BUY;über EMA20, über EMA50, über EMA100, 1M positiv, fundamental solide
93M1.DE;MPH Health Care AG            I;EUR;28.4 EUR;28.4;25.47 EUR;23.41 EUR;22.29 EUR;11.49;21.32;6.77;7.98;32.09;34.6;44.53;71.79;28.7 EUR;28.7;-1.05;3.96;1.038;HIGH;17.61%;5.0 EUR;10.07.2026;10.07.2026;22.94 EUR;121591304.0;Micro Cap;-;-;-;-93.5%;-0.94;-;-;0.0%;0.0;5.71;-14.53 Mio.;-14525613.0;3.74 Mio.;3741028.0;1;WEAK;4;OK;Verschuldung wirkt moderat | Dividende vorhanden;Umsatzwachstum negativ | negative Gewinnmarge | Free Cashflow negativ;MEDIUM RISK;NO;7;STRONG BUY;über EMA20, über EMA50, über EMA100, 1M positiv, hohes Volumen, Fundamentaldaten schwach
CRWD;CrowdStrike Holdings, Inc.;USD;657.81 USD;657.81;651.51 USD;564.14 USD;513.71 USD;0.97;16.6;-1.97;-15.9;30.07;54.36;31.16;55.6;782.17 USD;782.17;-15.9;3.59;1.244;LOW;0.0%;-;-;-;552.85 USD;167455277056.0;Large Cap;105.33;-;5.46;25.6%;0.26;-;-;-0.6%;-0.01;17.57;1.93 Mrd.;1926365056.0;1.82 Mrd.;1819179008.0;3;MIXED;6;OK;Umsatzwachstum positiv | Free Cashflow positiv | Verschuldung wirkt moderat;Forward KGV sehr hoch | PEG Ratio hoch | negative Gewinnmarge;LOW RISK;NO;7;STRONG BUY;über EMA20, über EMA50, über EMA100, 1M positiv
FLNC;Fluence Energy, Inc.;USD;24.5 USD;24.5;22.03 USD;19.34 USD;18.41 USD;11.24;26.65;6.94;-9.76;29.15;55.46;29.02;58.76;32.23 USD;32.23;-23.98;13.56;2.765;LOW;0.0%;-;-;-;18.96 USD;4515611648.0;Mid Cap;121.5;-;3.18;7.7%;0.08;-;-;-1.62%;-0.02;87.73;-133.67 Mio.;-133672128.0;-236.03 Mio.;-236027008.0;2;WEAK;6;OK;Umsatzwachstum positiv | Verschuldung wirkt moderat;Forward KGV sehr hoch | PEG Ratio hoch | negative Gewinnmarge | Free Cashflow negativ;HIGH RISK;NO;7;STRONG BUY;über EMA20, über EMA50, über EMA100, 1M positiv, hohes Risiko, Fundamentaldaten schwach
FSLR;First Solar, Inc.;USD;277.01 USD;277.01;270.28 USD;242.17 USD;231.64 USD;2.49;14.39;-0.72;-8.58;29.1;44.43;1.76;63.79;318.25 USD;318.25;-12.96;4.15;1.692;LOW;0.0%;-;-;-;237.33 USD;29765656576.0;Large Cap;11.82;17.88;0.73;23.6%;0.24;65.1%;0.65;30.73%;0.31;5.94;1.15 Mrd.;1147664768.0;2.45 Mrd.;2450221056.0;8;VERY SOLID;8;GOOD;Forward KGV im gesunden Bereich | KGV nicht übertrieben | PEG Ratio attraktiv | Umsatzwachstum positiv | Gewinnwachstum positiv | solide Gewinnmarge | Free Cashflow positiv | Verschuldung wirkt moderat;-;LOW RISK;NO;7;STRONG BUY;über EMA20, über EMA50, über EMA100, 1M positiv, fundamental solide
GEN;Gen Digital Inc.;USD;25.88 USD;25.88;24.79 USD;23.0 USD;22.91 USD;4.4;12.49;-1.54;-6.79;28.84;15.05;-0.33;62.21;31.54 USD;31.54;-17.97;3.21;1.205;LOW;1.93%;0.5 USD;18.05.2026;18.05.2026;22.54 USD;15587976192.0;Large Cap;7.87;16.48;1.51;27.0%;0.27;265.2%;2.65;19.46%;0.19;316.35;1.42 Mrd.;1422249984.0;1.54 Mrd.;1544999936.0;7;VERY SOLID;8;GOOD;Forward KGV im gesunden Bereich | KGV nicht übertrieben | PEG Ratio attraktiv | Umsatzwachstum positiv | Gewinnwachstum positiv | solide Gewinnmarge | Free Cashflow positiv | Dividende vorhanden;Verschuldung hoch;LOW RISK;NO;7;STRONG BUY;über EMA20, über EMA50, über EMA100, 1M positiv, fundamental solide
TENB;Tenable Holdings, Inc.;USD;27.52 USD;27.52;26.02 USD;23.4 USD;22.79 USD;5.78;17.63;-1.18;-6.14;27.76;29.93;4.76;65.11;35.46 USD;35.46;-22.39;3.84;0.989;LOW;0.0%;-;-;-;22.93 USD;3034684928.0;Mid Cap;12.67;-;0.99;9.6%;0.1;-;-;-1.15%;-0.01;169.93;255.8 Mio.;255797248.0;267.31 Mio.;267314000.0;4;MIXED;6;OK;Forward KGV im gesunden Bereich | PEG Ratio attraktiv | Umsatzwachstum positiv | Free Cashflow positiv;negative Gewinnmarge;LOW RISK;NO;7;STRONG BUY;über EMA20, über EMA50, über EMA100, 1M positiv
ABAT;American Battery Technology Com;USD;3.94 USD;3.94;3.48 USD;3.38 USD;3.47 USD;13.52;16.63;26.85;10.2;27.67;16.03;10.2;63.95;11.33 USD;11.33;-65.18;8.08;1.127;HIGH;0.0%;-;-;-;3.31 USD;538154880.0;Small Cap;-28.18;-;-;697.1%;6.97;-;-;0.0%;0.0;0.2;-580404.0;-580404.0;-25.44 Mio.;-25438712.0;2;WEAK;5;OK;Umsatzwachstum positiv | Verschuldung wirkt moderat;negative Gewinnmarge | Free Cashflow negativ;MEDIUM RISK;NO;7;STRONG BUY;über EMA20, über EMA50, über EMA100, 1M positiv, hohes Volumen, Fundamentaldaten schwach
6762.T;TDK CORP;JPY;3715.0 JPY;3715.0;3555.19 JPY;3054.61 JPY;2713.01 JPY;4.49;21.62;-9.63;-9.48;27.07;60.52;56.73;65.6;4111.0 JPY;4111.0;-9.63;4.46;0.711;NORMAL;1.08%;40.0 JPY;29.09.2026;30.03.2027;2993.51 JPY;7051592335360.0;Mega Cap;34.76;36.15;2.23;21.0%;0.21;129.9%;1.3;7.81%;0.08;27.95;35.04 Mrd.;35036000256.0;507.67 Mrd.;507672002560.0;4;MIXED;8;OK;Umsatzwachstum positiv | Gewinnwachstum positiv | Gewinnmarge positiv | Free Cashflow positiv | Verschuldung wirkt moderat | Dividende vorhanden;-;LOW RISK;NO;7;STRONG BUY;über EMA20, über EMA50, über EMA100, 1M positiv
SYNA;Synaptics Incorporated;USD;134.34 USD;134.34;130.3 USD;112.88 USD;99.24 USD;3.1;19.01;9.42;-0.44;26.98;81.3;98.32;58.41;147.57 USD;147.57;-8.97;6.13;1.964;NORMAL;0.0%;-;-;-;110.62 USD;5190586368.0;Mid Cap;25.48;-;0.51;10.4%;0.1;-;-;-4.1%;-0.04;64.72;145.72 Mio.;145724992.0;139.0 Mio.;139000000.0;4;MIXED;6;OK;PEG Ratio attraktiv | Umsatzwachstum positiv | Free Cashflow positiv | Verschuldung wirkt moderat;negative Gewinnmarge;MEDIUM RISK;NO;7;STRONG BUY;über EMA20, über EMA50, über EMA100, 1M positiv
IFX.DE;INFINEON TECHNOLOGIES AG      N;EUR;78.24 EUR;78.24;74.71 EUR;63.39 EUR;54.49 EUR;4.72;23.42;1.22;-2.63;26.89;78.04;135.0;67.82;88.0 EUR;88.0;-11.09;4.46;1.978;NORMAL;0.45%;0.35 EUR;20.02.2026;20.02.2026;62.12 EUR;101672853504.0;Large Cap;30.27;95.41;0.75;-;-;-;-;7.23%;0.07;47.65;1.36 Mrd.;1356125056.0;2.89 Mrd.;2891000064.0;3;MIXED;6;OK;PEG Ratio attraktiv | Gewinnmarge positiv | Free Cashflow positiv | Verschuldung wirkt moderat | Dividende vorhanden;KGV sehr hoch;MEDIUM RISK;NO;7;STRONG BUY;über EMA20, über EMA50, über EMA100, 1M positiv
F;Ford Motor Company;USD;15.15 USD;15.15;14.75 USD;13.67 USD;13.16 USD;2.73;10.85;1.71;-8.87;25.99;24.36;17.61;64.75;17.44 USD;17.44;-13.1;4.25;1.798;LOW;3.96%;0.6 USD;12.05.2026;12.05.2026;13.4 USD;60388016128.0;Large Cap;8.24;-;8.48;6.4%;0.06;430.8%;4.31;-3.22%;-0.03;425.54;-2.25 Mrd.;-2247500032.0;18.92 Mrd.;18919000064.0;3;MIXED;7;OK;Forward KGV im gesunden Bereich | Umsatzwachstum positiv | Gewinnwachstum positiv | Dividende vorhanden;PEG Ratio hoch | negative Gewinnmarge | Free Cashflow negativ | Verschuldung hoch;LOW RISK;NO;7;STRONG BUY;über EMA20, über EMA50, über EMA100, 1M positiv
HIMX;Himax Technologies, Inc.;USD;20.19 USD;20.19;20.01 USD;16.25 USD;13.31 USD;0.88;24.24;0.55;-7.85;25.95;162.89;172.47;57.74;24.19 USD;24.19;-16.54;8.43;2.275;LOW;1.24%;0.25 USD;30.06.2026;30.06.2025;15.93 USD;3521659392.0;Mid Cap;20.19;106.26;1.49;-7.5%;-0.07;-59.8%;-0.6;3.91%;0.04;64.49;-18.08 Mio.;-18082876.0;87.99 Mio.;87990000.0;3;MIXED;8;OK;Forward KGV im gesunden Bereich | PEG Ratio attraktiv | Gewinnmarge positiv | Verschuldung wirkt moderat | Dividende vorhanden;KGV sehr hoch | Umsatzwachstum negativ | Gewinnwachstum negativ | Free Cashflow negativ;MEDIUM RISK;NO;7;STRONG BUY;über EMA20, über EMA50, über EMA100, 1M positiv
ZETA;Zeta Global Holdings Corp.;USD;21.64 USD;21.64;20.71 USD;19.08 USD;18.54 USD;4.48;13.36;-1.75;-14.21;25.2;14.41;19.07;59.85;25.25 USD;25.25;-14.32;4.76;1.345;LOW;0.0%;-;-;-;18.7 USD;5392688640.0;Mid Cap;18.2;-;0.77;49.9%;0.5;-;-;-1.61%;-0.02;24.83;254.79 Mio.;254794000.0;213.84 Mio.;213836992.0;5;SOLID;6;GOOD;Forward KGV im gesunden Bereich | PEG Ratio attraktiv | Umsatzwachstum positiv | Free Cashflow positiv | Verschuldung wirkt moderat;negative Gewinnmarge;LOW RISK;NO;7;STRONG BUY;über EMA20, über EMA50, über EMA100, 1M positiv, fundamental solide
FM.TO;FIRST QUANTUM MINERALS LTD;CAD;40.73 CAD;40.73;40.07 CAD;37.83 CAD;36.5 CAD;1.64;7.68;1.77;-6.41;23.35;17.65;33.76;65.79;46.13 CAD;46.13;-11.71;4.3;1.979;LOW;0.0%;-;25.08.2023;25.08.2023;37.07 CAD;33732020224.0;Large Cap;14.03;-;0.96;18.0%;0.18;-;-;-3.69%;-0.04;65.77;31.62 Mio.;31625000.0;2.36 Mrd.;2359000064.0;5;SOLID;6;GOOD;Forward KGV im gesunden Bereich | PEG Ratio attraktiv | Umsatzwachstum positiv | Free Cashflow positiv | Verschuldung wirkt moderat;negative Gewinnmarge;MEDIUM RISK;NO;7;STRONG BUY;über EMA20, über EMA50, über EMA100, 1M positiv, fundamental solide
DDOG;Datadog, Inc.;USD;232.2 USD;232.2;222.37 USD;186.13 USD;163.84 USD;4.42;24.75;-0.82;-16.32;23.03;89.76;46.59;59.47;277.49 USD;277.49;-16.32;6.75;1.553;LOW;0.0%;-;-;-;182.41 USD;82652176384.0;Large Cap;81.58;580.49;1.46;32.2%;0.32;104.0%;1.04;3.69%;0.04;32.22;936.73 Mio.;936726528.0;1.11 Mrd.;1113216000.0;5;SOLID;8;GOOD;PEG Ratio attraktiv | Umsatzwachstum positiv | Gewinnwachstum positiv | Gewinnmarge positiv | Free Cashflow positiv | Verschuldung wirkt moderat;Forward KGV sehr hoch | KGV sehr hoch;MEDIUM RISK;NO;7;STRONG BUY;über EMA20, über EMA50, über EMA100, 1M positiv, fundamental solide
WOLF;Wolfspeed, Inc.;USD;55.29 USD;55.29;57.2 USD;45.54 USD;36.25 USD;-3.33;21.42;0.43;4.43;22.44;191.95;169.73;46.93;73.5 USD;73.5;-24.77;10.6;;LOW;0.0%;-;-;-;44.63 USD;2672909312.0;Mid Cap;-11.05;-;-;-19.0%;-0.19;-;-;-72.93%;-0.73;179.16;76.74 Mio.;76737504.0;-391.3 Mio.;-391300000.0;1;WEAK;5;OK;Free Cashflow positiv;Umsatzwachstum negativ | negative Gewinnmarge;LOW RISK;NO;7;STRONG BUY;über EMA50, über EMA100, 1M positiv, Fundamentaldaten schwach
SZG.DE;SALZGITTER AG                 I;EUR;62.15 EUR;62.15;59.23 EUR;53.8 EUR;49.24 EUR;4.93;15.52;-1.04;1.28;22.11;21.05;104.79;70.76;66.55 EUR;66.55;-6.61;3.58;2.172;LOW;0.32%;0.2 EUR;04.06.2026;04.06.2026;52.73 EUR;3361525760.0;Mid Cap;9.41;-;0.83;0.7%;0.01;-;-;0.47%;0.0;50.59;-458.4 Mio.;-458400000.0;626.4 Mio.;626400000.0;4;MIXED;6;OK;Forward KGV im gesunden Bereich | PEG Ratio attraktiv | Umsatzwachstum positiv | Gewinnmarge positiv | Verschuldung wirkt moderat | Dividende vorhanden;Free Cashflow negativ;MEDIUM RISK;NO;7;STRONG BUY;über EMA20, über EMA50, über EMA100, 1M positiv
NOKIA.HE;Nokia Corporation;EUR;12.87 EUR;12.87;12.68 EUR;10.88 EUR;9.15 EUR;1.47;18.26;-1.68;-3.38;22.05;92.49;153.41;58.23;14.69 EUR;14.69;-12.36;4.61;0.781;NORMAL;1.09%;0.14 EUR;27.04.2026;27.04.2026;10.67 EUR;71847215104.0;Large Cap;32.8;91.93;1.46;2.4%;0.02;-;-;3.98%;0.04;15.63;1.6 Mrd.;1597124992.0;1.96 Mrd.;1964000000.0;4;MIXED;7;OK;PEG Ratio attraktiv | Umsatzwachstum positiv | Gewinnmarge positiv | Free Cashflow positiv | Verschuldung wirkt moderat | Dividende vorhanden;KGV sehr hoch;LOW RISK;NO;7;STRONG BUY;über EMA20, über EMA50, über EMA100, 1M positiv
SNDK;Sandisk Corporation;USD;1635.35 USD;1635.35;1549.81 USD;1277.41 USD;996.99 USD;5.52;28.02;4.88;-7.16;22.04;189.14;660.49;64.21;1831.5 USD;1831.5;-10.71;6.28;;LOW;0.0%;-;-;-;1251.86 USD;242178588672.0;Mega Cap;8.93;55.78;-;251.0%;2.51;-;-;34.19%;0.34;1.5;2.26 Mrd.;2259500032.0;4.64 Mrd.;4639000064.0;5;SOLID;6;GOOD;Forward KGV im gesunden Bereich | Umsatzwachstum positiv | solide Gewinnmarge | Free Cashflow positiv | Verschuldung wirkt moderat;KGV sehr hoch;LOW RISK;NO;7;STRONG BUY;über EMA20, über EMA50, über EMA100, 1M positiv, fundamental solide
MRK.DE;MERCK KGAA                    I;EUR;137.45 EUR;137.45;128.24 EUR;121.3 EUR;118.3 EUR;7.18;13.31;0.44;5.04;21.8;13.94;21.5;83.01;139.5 EUR;139.5;-1.47;2.07;0.815;NORMAL;1.6%;2.2 EUR;27.04.2026;27.04.2026;118.88 EUR;59760218112.0;Large Cap;15.8;23.58;2.71;-2.8%;-0.03;-10.1%;-0.1;12.08%;0.12;40.37;3.08 Mrd.;3080075008.0;4.19 Mrd.;4194200064.0;5;SOLID;8;GOOD;Forward KGV im gesunden Bereich | KGV nicht übertrieben | solide Gewinnmarge | Free Cashflow positiv | Verschuldung wirkt moderat | Dividende vorhanden;Umsatzwachstum negativ | Gewinnwachstum negativ;LOW RISK;NO;7;WATCH - OVERBOUGHT;über EMA20, über EMA50, über EMA100, 1M positiv, kurzfristig heiß gelaufen, fundamental solide
CORZ;Core Scientific, Inc.;USD;27.11 USD;27.11;25.8 USD;22.91 USD;20.68 USD;5.09;18.31;4.87;-5.04;21.24;69.44;67.55;63.55;29.05 USD;29.05;-6.68;4.41;5.484;LOW;0.0%;-;-;-;22.46 USD;8617870336.0;Mid Cap;91.38;-;-;44.9%;0.45;-;-;0.0%;0.0;-;174.97 Mio.;174972256.0;573.17 Mio.;573168000.0;2;WEAK;4;OK;Umsatzwachstum positiv | Free Cashflow positiv;Forward KGV sehr hoch | negative Gewinnmarge;MEDIUM RISK;NO;7;STRONG BUY;über EMA20, über EMA50, über EMA100, 1M positiv, Fundamentaldaten schwach
HPQ;HP Inc.;USD;25.34 USD;25.34;24.4 USD;22.37 USD;21.64 USD;3.86;13.27;-0.92;-13.62;20.75;33.18;8.69;64.26;29.34 USD;29.34;-13.62;4.54;1.184;LOW;4.73%;1.2 USD;10.06.2026;11.03.2026;21.93 USD;23178577920.0;Large Cap;8.42;9.39;21.32;9.0%;0.09;16.2%;0.16;4.45%;0.04;-;3.45 Mrd.;3450874880.0;4.59 Mrd.;4593999872.0;5;SOLID;7;GOOD;Forward KGV im gesunden Bereich | KGV nicht übertrieben | Umsatzwachstum positiv | Gewinnwachstum positiv | Gewinnmarge positiv | Free Cashflow positiv | Dividende vorhanden;PEG Ratio hoch;LOW RISK;NO;7;STRONG BUY;über EMA20, über EMA50, über EMA100, 1M positiv, fundamental solide
AMD;Advanced Micro Devices, Inc.;USD;491.36 USD;491.36;469.45 USD;392.09 USD;327.19 USD;4.67;25.32;5.36;-3.68;20.3;146.36;129.35;63.07;542.52 USD;542.52;-9.43;5.7;2.492;LOW;0.0%;-;27.04.1995;-;384.25 USD;801211875328.0;Mega Cap;37.58;164.89;1.12;37.8%;0.38;91.2%;0.91;13.37%;0.13;6.0;7.17 Mrd.;7173374976.0;9.72 Mrd.;9724999680.0;6;SOLID;8;GOOD;PEG Ratio attraktiv | Umsatzwachstum positiv | Gewinnwachstum positiv | solide Gewinnmarge | Free Cashflow positiv | Verschuldung wirkt moderat;KGV sehr hoch;MEDIUM RISK;NO;7;STRONG BUY;über EMA20, über EMA50, über EMA100, 1M positiv, fundamental solide
MDB;MongoDB, Inc.;USD;352.73 USD;352.73;335.58 USD;310.38 USD;310.02 USD;5.11;13.64;0.57;-12.66;20.22;33.65;8.11;54.54;440.6 USD;440.6;-19.94;5.69;1.553;LOW;0.0%;-;-;-;304.18 USD;28371154944.0;Large Cap;48.07;-;1.67;25.2%;0.25;-;-;-1.12%;-0.01;2.0;517.61 Mio.;517605376.0;596.85 Mio.;596849984.0;4;MIXED;6;OK;PEG Ratio attraktiv | Umsatzwachstum positiv | Free Cashflow positiv | Verschuldung wirkt moderat;Forward KGV sehr hoch | negative Gewinnmarge;MEDIUM RISK;NO;7;STRONG BUY;über EMA20, über EMA50, über EMA100, 1M positiv
RCAT;Red Cat Holdings, Inc.;USD;12.44 USD;12.44;12.23 USD;12.07 USD;12.05 USD;1.69;3.02;-1.92;-16.2;20.04;-17.53;69.67;65.66;17.36 USD;17.36;-28.36;8.28;1.242;LOW;0.0%;-;-;-;11.83 USD;1891734784.0;Small Cap;-34.53;-;-;849.1%;8.49;-;-;-138.36%;-1.38;5.78;-89.16 Mio.;-89164896.0;-105.17 Mio.;-105172000.0;2;WEAK;5;OK;Umsatzwachstum positiv | Verschuldung wirkt moderat;negative Gewinnmarge | Free Cashflow negativ;LOW RISK;NO;7;STRONG BUY;über EMA20, über EMA50, über EMA100, 1M positiv, Fundamentaldaten schwach
DR0.DE;Deutsche Rohstoff AG          N;EUR;112.0 EUR;112.0;101.81 EUR;95.13 EUR;84.84 EUR;10.01;17.73;1.45;12.68;19.4;44.14;147.79;70.37;112.0 EUR;112.0;0.0;2.76;;LOW;2.01%;2.25 EUR;24.06.2026;24.06.2026;93.23 EUR;536484608.0;Small Cap;7.6;4.47;-;146.5%;1.47;-;-;42.73%;0.43;69.04;5.66 Mio.;5662463.0;113.65 Mio.;113648664.0;6;SOLID;6;GOOD;Forward KGV im gesunden Bereich | KGV nicht übertrieben | Umsatzwachstum positiv | solide Gewinnmarge | Free Cashflow positiv | Verschuldung wirkt moderat | Dividende vorhanden;-;LOW RISK;NO;7;STRONG BUY;über EMA20, über EMA50, über EMA100, 1M positiv, fundamental solide
NBIS;Nebius Group N.V.;USD;220.11 USD;220.11;219.34 USD;184.91 USD;154.92 USD;0.35;19.04;-3.38;-16.79;19.13;130.12;132.45;56.14;264.51 USD;264.51;-16.79;7.48;1.434;LOW;0.0%;-;-;-;181.21 USD;55885533184.0;Large Cap;609.35;84.66;0.63;683.9%;6.84;-;-;93.09%;0.93;132.43;-6.15 Mrd.;-6147975168.0;2.84 Mrd.;2840300032.0;3;MIXED;7;OK;PEG Ratio attraktiv | Umsatzwachstum positiv | solide Gewinnmarge;Forward KGV sehr hoch | KGV sehr hoch | Free Cashflow negativ;MEDIUM RISK;NO;7;STRONG BUY;über EMA20, über EMA50, über EMA100, 1M positiv
LLY;Eli Lilly and Company;USD;1156.48 USD;1156.48;1063.43 USD;1013.04 USD;990.8 USD;8.75;14.16;2.21;6.86;18.82;17.82;5.08;78.13;1156.48 USD;1156.48;0.0;2.63;0.517;NORMAL;0.6%;6.92 USD;15.05.2026;15.05.2026;992.78 USD;1031281901568.0;Mega Cap;25.99;41.05;1.52;55.5%;0.56;169.9%;1.7;34.99%;0.35;139.01;9.16 Mrd.;9156599808.0;20.48 Mrd.;20480000000.0;5;SOLID;8;GOOD;PEG Ratio attraktiv | Umsatzwachstum positiv | Gewinnwachstum positiv | solide Gewinnmarge | Free Cashflow positiv | Dividende vorhanden;-;MEDIUM RISK;NO;7;WATCH - OVERBOUGHT;über EMA20, über EMA50, über EMA100, 1M positiv, kurzfristig heiß gelaufen, fundamental solide
IRDM;Iridium Communications Inc;USD;47.62 USD;47.62;46.84 USD;41.2 USD;34.95 USD;1.66;15.58;0.54;-0.41;18.47;100.02;193.74;59.13;52.07 USD;52.07;-8.56;3.89;0.89;LOW;1.26%;0.6 USD;15.06.2026;16.03.2026;40.37 USD;5034226688.0;Mid Cap;34.42;48.1;2.7;1.9%;0.02;-25.9%;-0.26;12.05%;0.12;381.97;252.99 Mio.;252985376.0;410.61 Mio.;410607008.0;3;MIXED;8;OK;Umsatzwachstum positiv | solide Gewinnmarge | Free Cashflow positiv | Dividende vorhanden;KGV sehr hoch | Gewinnwachstum negativ | Verschuldung hoch;LOW RISK;NO;7;STRONG BUY;über EMA20, über EMA50, über EMA100, 1M positiv
BUG;Global X Cybersecurity ETF;USD;34.68 USD;34.68;33.92 USD;31.0 USD;29.9 USD;2.25;11.87;-1.53;-10.04;18.2;29.84;11.45;56.99;38.55 USD;38.55;-10.04;2.86;;NORMAL;0.0%;-;-;-;30.38 USD;;UNKNOWN;-;25.8;-;-;-;-;-;-;-;-;-;-;-;-;1;UNKNOWN;1;LOW;KGV nicht übertrieben;Fundamentaldaten unvollständig;LOW RISK;NO;7;STRONG BUY;über EMA20, über EMA50, über EMA100, 1M positiv, Fundamentaldaten unvollständig
EC;Ecopetrol S.A.;USD;15.34 USD;15.34;14.68 USD;13.93 USD;13.03 USD;4.5;10.16;1.27;-5.58;18.02;27.72;63.17;65.11;16.25 USD;16.25;-5.58;3.35;-0.031;LOW;4.24%;0.65 USD;29.04.2026;29.04.2026;13.65 USD;31542673408.0;Large Cap;9.59;11.12;0.77;-8.7%;-0.09;-7.7%;-0.08;7.51%;0.08;103.17;8922.44 Mrd.;8922439090176.0;-;-;4;MIXED;8;OK;Forward KGV im gesunden Bereich | KGV nicht übertrieben | PEG Ratio attraktiv | Gewinnmarge positiv | Free Cashflow positiv | Dividende vorhanden;Umsatzwachstum negativ | Gewinnwachstum negativ;LOW RISK;NO;7;STRONG BUY;über EMA20, über EMA50, über EMA100, 1M positiv
CIBR;First Trust NASDAQ Cybersecurit;USD;86.07 USD;86.07;83.94 USD;76.9 USD;73.31 USD;2.53;11.92;-0.73;-8.58;17.68;31.05;18.5;59.34;94.32 USD;94.32;-8.75;2.36;;LOW;0.0%;-;-;-;75.36 USD;;UNKNOWN;-;32.29;-;-;-;-;-;-;-;-;-;-;-;-;0;UNKNOWN;1;LOW;-;Fundamentaldaten unvollständig;LOW RISK;NO;7;STRONG BUY;über EMA20, über EMA50, über EMA100, 1M positiv, Fundamentaldaten unvollständig
HUT;Hut 8 Corp.;USD;119.06 USD;119.06;112.72 USD;94.06 USD;78.07 USD;5.63;26.58;6.08;-10.06;17.67;131.81;181.0;66.28;133.02 USD;133.02;-10.49;7.97;6.044;LOW;0.0%;-;-;-;92.18 USD;13405454336.0;Large Cap;-64.1;-;-;225.5%;2.25;-;-;-109.77%;-1.1;25.02;-300.6 Mio.;-300598368.0;-132.6 Mio.;-132599000.0;2;WEAK;5;OK;Umsatzwachstum positiv | Verschuldung wirkt moderat;negative Gewinnmarge | Free Cashflow negativ;MEDIUM RISK;NO;7;STRONG BUY;über EMA20, über EMA50, über EMA100, 1M positiv, Fundamentaldaten schwach
QBTS;D-Wave Quantum Inc.;USD;25.86 USD;25.86;25.38 USD;22.75 USD;22.02 USD;1.93;13.68;8.45;-11.36;17.62;37.36;15.42;62.79;44.78 USD;44.78;-42.24;8.89;2.055;LOW;0.0%;-;-;-;22.3 USD;9581564928.0;Mid Cap;-67.24;-;-;-80.9%;-0.81;-;-;0.0%;0.0;4.17;-63.51 Mio.;-63507248.0;-97.66 Mio.;-97663000.0;1;WEAK;5;OK;Verschuldung wirkt moderat;Umsatzwachstum negativ | negative Gewinnmarge | Free Cashflow negativ;MEDIUM RISK;NO;7;STRONG BUY;über EMA20, über EMA50, über EMA100, 1M positiv, Fundamentaldaten schwach
TWST;Twist Bioscience Corporation;USD;68.75 USD;68.75;64.16 USD;58.49 USD;52.65 USD;7.15;17.53;-0.69;1.3;17.43;41.28;116.86;76.6;73.93 USD;73.93;-7.01;4.37;2.214;LOW;0.0%;-;-;-;57.32 USD;4280841472.0;Mid Cap;-33.53;-;-;19.3%;0.19;-;-;-19.85%;-0.2;24.36;-58.48 Mio.;-58482500.0;-55.59 Mio.;-55587000.0;2;WEAK;5;OK;Umsatzwachstum positiv | Verschuldung wirkt moderat;negative Gewinnmarge | Free Cashflow negativ;HIGH RISK;NO;7;WATCH - OVERBOUGHT;über EMA20, über EMA50, über EMA100, 1M positiv, kurzfristig heiß gelaufen, hohes Risiko, Fundamentaldaten schwach
LSCC;Lattice Semiconductor Corporati;USD;140.72 USD;140.72;138.92 USD;125.31 USD;111.31 USD;1.29;12.3;3.8;-2.78;17.34;54.45;100.97;63.14;154.6 USD;154.6;-8.98;4.16;1.788;LOW;0.0%;-;-;-;122.8 USD;19279745024.0;Large Cap;60.89;1005.14;0.59;42.2%;0.42;337.2%;3.37;3.46%;0.03;5.39;118.34 Mio.;118340376.0;193.47 Mio.;193470000.0;5;SOLID;8;GOOD;PEG Ratio attraktiv | Umsatzwachstum positiv | Gewinnwachstum positiv | Gewinnmarge positiv | Free Cashflow positiv | Verschuldung wirkt moderat;Forward KGV sehr hoch | KGV sehr hoch;LOW RISK;NO;7;STRONG BUY;über EMA20, über EMA50, über EMA100, 1M positiv, fundamental solide
MNST;Monster Beverage Corporation;USD;88.9 USD;88.9;86.67 USD;82.86 USD;80.01 USD;2.57;7.29;-0.73;-0.22;17.02;15.91;18.47;51.45;89.55 USD;89.55;-0.73;2.75;0.542;LOW;0.0%;-;-;08.11.1990;81.2 USD;86944923648.0;Large Cap;34.37;42.95;2.6;26.9%;0.27;28.9%;0.29;23.11%;0.23;1.08;1.68 Mrd.;1684340480.0;2.2 Mrd.;2195563008.0;5;SOLID;8;GOOD;Umsatzwachstum positiv | Gewinnwachstum positiv | solide Gewinnmarge | Free Cashflow positiv | Verschuldung wirkt moderat;-;LOW RISK;NO;7;STRONG BUY;über EMA20, über EMA50, über EMA100, 1M positiv, fundamental solide
HLIT;Harmonic Inc.;USD;14.23 USD;14.23;14.1 USD;12.63 USD;11.57 USD;0.92;12.69;7.23;-9.99;15.88;43.3;49.16;57.82;17.11 USD;17.11;-16.83;5.9;1.306;LOW;0.0%;-;-;-;12.37 USD;1543904128.0;Small Cap;18.31;177.88;1.84;43.4%;0.43;31.9%;0.32;-10.56%;-0.11;36.9;-81.87 Mio.;-81867248.0;56.05 Mio.;56051000.0;5;SOLID;8;GOOD;Forward KGV im gesunden Bereich | PEG Ratio attraktiv | Umsatzwachstum positiv | Gewinnwachstum positiv | Verschuldung wirkt moderat;KGV sehr hoch | negative Gewinnmarge | Free Cashflow negativ;MEDIUM RISK;NO;7;STRONG BUY;über EMA20, über EMA50, über EMA100, 1M positiv, fundamental solide
ASML;ASML Holding N.V. - New York Re;USD;1751.75 USD;1751.75;1618.37 USD;1526.71 USD;1429.56 USD;8.24;14.74;6.7;7.56;15.51;28.3;68.87;73.02;1757.47 USD;1757.47;-0.33;3.46;1.396;NORMAL;0.5%;8.79 USD;27.04.2026;27.04.2026;1496.18 USD;675155410944.0;Mega Cap;36.68;58.31;2.42;13.2%;0.13;19.2%;0.19;29.71%;0.3;12.99;8.24 Mrd.;8243274752.0;10.53 Mrd.;10531500032.0;5;SOLID;8;GOOD;Umsatzwachstum positiv | Gewinnwachstum positiv | solide Gewinnmarge | Free Cashflow positiv | Verschuldung wirkt moderat | Dividende vorhanden;KGV sehr hoch;MEDIUM RISK;NO;7;STRONG BUY;über EMA20, über EMA50, über EMA100, 1M positiv, fundamental solide
6324.T;HARMONIC DRIVE SYSTEMS;JPY;7160.0 JPY;7160.0;6904.28 JPY;5921.9 JPY;5077.03 JPY;3.7;20.91;0.99;-7.97;14.93;53.21;165.05;62.99;8000.0 JPY;8000.0;-10.5;6.68;1.056;NORMAL;0.28%;20.0 JPY;29.09.2026;30.03.2027;5803.46 JPY;677814206464.0;Mega Cap;94.6;420.68;2.54;13.7%;0.14;-78.0%;-0.78;2.7%;0.03;22.47;486.5 Mio.;486500000.0;6.42 Mrd.;6424999936.0;3;MIXED;8;OK;Umsatzwachstum positiv | Gewinnmarge positiv | Free Cashflow positiv | Verschuldung wirkt moderat | Dividende vorhanden;Forward KGV sehr hoch | KGV sehr hoch | Gewinnwachstum negativ;LOW RISK;NO;7;STRONG BUY;über EMA20, über EMA50, über EMA100, 1M positiv
ASML.AS;ASML HOLDING;EUR;1514.6 EUR;1514.6;1396.01 EUR;1313.02 EUR;1227.5 EUR;8.5;15.35;3.58;8.65;14.79;26.52;69.41;79.0;1514.6 EUR;1514.6;0.0;3.1;1.396;NORMAL;0.71%;10.8 EUR;24.04.2026;24.04.2026;1286.76 EUR;583753596928.0;Mega Cap;36.53;58.52;2.5;13.2%;0.13;19.2%;0.19;29.71%;0.3;12.99;8.24 Mrd.;8243274752.0;10.53 Mrd.;10531500032.0;5;SOLID;8;GOOD;Umsatzwachstum positiv | Gewinnwachstum positiv | solide Gewinnmarge | Free Cashflow positiv | Verschuldung wirkt moderat | Dividende vorhanden;KGV sehr hoch;HIGH RISK;NO;7;WATCH - OVERBOUGHT;über EMA20, über EMA50, über EMA100, 1M positiv, kurzfristig heiß gelaufen, hohes Risiko, fundamental solide
TDC;Teradata Corporation;USD;33.85 USD;33.85;33.16 USD;31.0 USD;29.62 USD;2.09;9.19;0.45;-8.09;14.24;16.89;19.78;54.55;37.88 USD;37.88;-10.64;3.29;0.597;LOW;0.0%;-;-;-;30.38 USD;3185284864.0;Mid Cap;11.79;7.75;6.0;6.2%;0.06;671.1%;6.71;24.93%;0.25;99.28;335.38 Mio.;335375008.0;698.0 Mio.;698000000.0;7;VERY SOLID;8;GOOD;Forward KGV im gesunden Bereich | KGV nicht übertrieben | Umsatzwachstum positiv | Gewinnwachstum positiv | solide Gewinnmarge | Free Cashflow positiv | Verschuldung wirkt moderat;PEG Ratio hoch;LOW RISK;NO;7;STRONG BUY;über EMA20, über EMA50, über EMA100, 1M positiv, fundamental solide
APP;Applovin Corporation;USD;569.45 USD;569.45;539.12 USD;502.65 USD;498.82 USD;5.62;13.29;2.2;-7.21;14.15;11.97;-2.89;66.79;733.6 USD;733.6;-22.38;4.04;2.455;LOW;0.0%;-;-;-;492.59 USD;191299076096.0;Large Cap;25.97;49.6;1.53;59.0%;0.59;113.1%;1.13;64.29%;0.64;162.89;3.18 Mrd.;3180097280.0;4.44 Mrd.;4439283200.0;5;SOLID;8;GOOD;PEG Ratio attraktiv | Umsatzwachstum positiv | Gewinnwachstum positiv | solide Gewinnmarge | Free Cashflow positiv;KGV sehr hoch;MEDIUM RISK;NO;7;STRONG BUY;über EMA20, über EMA50, über EMA100, 1M positiv, fundamental solide
HACK;Amplify Cybersecurity ETF;USD;96.64 USD;96.64;94.61 USD;87.88 USD;84.22 USD;2.15;9.98;-0.67;-7.96;14.09;24.77;16.54;58.82;105.37 USD;105.37;-8.28;2.26;;NORMAL;0.0%;-;-;-;86.12 USD;;UNKNOWN;-;29.02;-;-;-;-;-;-;-;-;-;-;-;-;1;UNKNOWN;1;LOW;KGV nicht übertrieben;Fundamentaldaten unvollständig;LOW RISK;NO;7;STRONG BUY;über EMA20, über EMA50, über EMA100, 1M positiv, Fundamentaldaten unvollständig
ILMN;Illumina, Inc.;USD;157.93 USD;157.93;153.38 USD;143.03 USD;135.99 USD;2.96;10.42;-2.71;-3.94;13.85;23.15;21.66;67.48;170.93 USD;170.93;-7.61;2.82;1.49;LOW;0.0%;-;-;-;140.17 USD;23894052864.0;Large Cap;26.67;28.71;2.85;4.8%;0.05;6.1%;0.06;19.42%;0.19;95.07;845.63 Mio.;845625024.0;1.13 Mrd.;1128000000.0;6;SOLID;8;GOOD;KGV nicht übertrieben | Umsatzwachstum positiv | Gewinnwachstum positiv | solide Gewinnmarge | Free Cashflow positiv | Verschuldung wirkt moderat;-;LOW RISK;NO;7;STRONG BUY;über EMA20, über EMA50, über EMA100, 1M positiv, fundamental solide
WDC;Western Digital Corporation;USD;527.72 USD;527.72;511.49 USD;444.83 USD;371.61 USD;3.17;18.63;3.13;-3.36;13.79;103.78;235.07;64.19;593.96 USD;593.96;-11.15;4.23;2.2;NORMAL;0.11%;0.6 USD;05.06.2026;05.06.2026;435.94 USD;181923233792.0;Large Cap;29.66;31.55;0.46;45.5%;0.46;482.9%;4.83;55.29%;0.55;17.81;2.08 Mrd.;2075000064.0;3.29 Mrd.;3286000128.0;6;SOLID;8;GOOD;PEG Ratio attraktiv | Umsatzwachstum positiv | Gewinnwachstum positiv | solide Gewinnmarge | Free Cashflow positiv | Verschuldung wirkt moderat | Dividende vorhanden;-;MEDIUM RISK;NO;7;STRONG BUY;über EMA20, über EMA50, über EMA100, 1M positiv, fundamental solide
ATEN;A10 Networks, Inc.;USD;30.88 USD;30.88;29.67 USD;27.35 USD;24.74 USD;4.09;12.92;1.01;-2.09;13.48;48.35;82.79;65.44;32.64 USD;32.64;-5.39;2.16;1.181;LOW;0.78%;0.24 USD;15.05.2026;15.05.2026;26.8 USD;2223303680.0;Mid Cap;26.17;50.62;14.76;13.4%;0.13;29.4%;0.29;14.9%;0.15;102.67;50.9 Mio.;50898376.0;69.92 Mio.;69921000.0;4;MIXED;8;OK;Umsatzwachstum positiv | Gewinnwachstum positiv | solide Gewinnmarge | Free Cashflow positiv | Dividende vorhanden;KGV sehr hoch | PEG Ratio hoch;LOW RISK;NO;7;STRONG BUY;über EMA20, über EMA50, über EMA100, 1M positiv
ABCL;AbCellera Biologics Inc.;USD;5.47 USD;5.47;5.37 USD;4.73 USD;4.35 USD;1.83;15.53;-2.76;-15.4;13.38;52.23;50.14;63.55;6.46 USD;6.46;-15.4;6.64;;LOW;0.0%;-;-;-;4.64 USD;1668876544.0;Small Cap;-7.59;-;-;96.3%;0.96;-;-;-181.74%;-1.82;14.32;-105.4 Mio.;-105397248.0;-153.26 Mio.;-153264000.0;2;WEAK;5;OK;Umsatzwachstum positiv | Verschuldung wirkt moderat;negative Gewinnmarge | Free Cashflow negativ;LOW RISK;NO;7;STRONG BUY;über EMA20, über EMA50, über EMA100, 1M positiv, Fundamentaldaten schwach
MS;Morgan Stanley;USD;213.32 USD;213.32;203.85 USD;192.83 USD;183.96 USD;4.65;10.63;0.66;1.09;12.17;31.94;28.41;70.83;218.27 USD;218.27;-2.27;1.69;1.221;LOW;1.88%;4.0 USD;30.04.2026;30.04.2026;188.97 USD;336466247680.0;Mega Cap;16.8;19.32;2.55;16.3%;0.16;31.9%;0.32;24.75%;0.25;502.25;-;-;-1.01 Mrd.;-1011000000.0;5;SOLID;7;GOOD;Forward KGV im gesunden Bereich | KGV nicht übertrieben | Umsatzwachstum positiv | Gewinnwachstum positiv | solide Gewinnmarge | Dividende vorhanden;Verschuldung hoch;LOW RISK;NO;7;STRONG BUY;über EMA20, über EMA50, über EMA100, 1M positiv, fundamental solide
SMSN.IL;SAMSUNG ELECTRONICS CO LTD (ATT;USD;5140.0 USD;5140.0;5040.18 USD;4398.68 USD;3753.78 USD;1.98;16.85;1.28;-10.45;12.08;60.97;197.42;60.63;5905.0 USD;5905.0;-12.96;4.82;0.882781;NORMAL;0.52%;26.94 USD;29.06.2023;30.03.2026;4310.71 USD;;UNKNOWN;81.95;53.3;1.3;-22.3%;-0.22;-87.6%;-0.88;13.13%;0.13;2.55;-13459.99 Mrd.;-13459988152320.0;52053.9 Mrd.;52053900525568.0;3;MIXED;8;OK;PEG Ratio attraktiv | solide Gewinnmarge | Verschuldung wirkt moderat | Dividende vorhanden;Forward KGV sehr hoch | KGV sehr hoch | Umsatzwachstum negativ | Gewinnwachstum negativ | Free Cashflow negativ;LOW RISK;NO;7;STRONG BUY;über EMA20, über EMA50, über EMA100, 1M positiv
MAR;Marriott International;USD;392.45 USD;392.45;373.93 USD;360.89 USD;345.8 USD;4.95;8.74;-0.02;4.11;11.69;18.07;29.32;76.81;392.51 USD;392.51;-0.02;1.55;1.105;LOW;0.74%;2.92 USD;22.05.2026;22.05.2026;353.67 USD;103483285504.0;Large Cap;30.02;41.14;2.33;12.6%;0.13;1.7%;0.02;35.97%;0.36;-;1.8 Mrd.;1796875008.0;3.42 Mrd.;3423000064.0;4;MIXED;7;OK;Umsatzwachstum positiv | Gewinnwachstum positiv | solide Gewinnmarge | Free Cashflow positiv | Dividende vorhanden;-;LOW RISK;NO;7;WATCH - OVERBOUGHT;über EMA20, über EMA50, über EMA100, 1M positiv, kurzfristig heiß gelaufen
CNR.TO;CANADIAN NATIONAL RAILWAY CO.;CAD;168.78 CAD;168.78;161.69 CAD;155.56 CAD;149.81 CAD;4.39;8.5;0.5;2.2;11.52;13.24;29.69;85.1;168.78 CAD;168.78;0.0;1.6;1.002;LOW;2.17%;3.66 CAD;09.06.2026;10.03.2026;152.45 CAD;102381944832.0;Large Cap;19.32;22.24;2.69;-0.5%;-0.01;1.1%;0.01;27.23%;0.27;105.66;2.6 Mrd.;2598500096.0;7.15 Mrd.;7150000128.0;5;SOLID;8;GOOD;Forward KGV im gesunden Bereich | KGV nicht übertrieben | Gewinnwachstum positiv | solide Gewinnmarge | Free Cashflow positiv | Dividende vorhanden;Umsatzwachstum negativ;LOW RISK;NO;7;WATCH - OVERBOUGHT;über EMA20, über EMA50, über EMA100, 1M positiv, kurzfristig heiß gelaufen, fundamental solide
QUTM.DE;VanEck ETF-Quantum Computing  R;EUR;27.61 EUR;27.61;27.26 EUR;25.14 EUR;23.63 EUR;1.28;9.84;1.45;-6.34;11.11;34.06;33.58;64.47;29.8 EUR;29.8;-7.35;2.59;;NORMAL;0.0%;-;-;-;24.63 EUR;;UNKNOWN;-;-;-;-;-;-;-;-;-;-;-;-;-;-;0;UNKNOWN;0;LOW;-;Fundamentaldaten unvollständig;LOW RISK;NO;7;STRONG BUY;über EMA20, über EMA50, über EMA100, 1M positiv, Fundamentaldaten unvollständig
DOCN;DigitalOcean Holdings, Inc.;USD;166.93 USD;166.93;157.66 USD;131.33 USD;105.73 USD;5.88;27.11;-1.73;-3.76;10.97;210.11;269.89;63.63;180.5 USD;180.5;-7.52;8.5;1.57;LOW;0.0%;-;-;-;128.7 USD;17421512704.0;Large Cap;95.0;73.21;1.54;22.4%;0.22;-61.7%;-0.62;24.96%;0.25;169.95;157.55 Mio.;157550368.0;292.44 Mio.;292435008.0;4;MIXED;8;OK;PEG Ratio attraktiv | Umsatzwachstum positiv | solide Gewinnmarge | Free Cashflow positiv;Forward KGV sehr hoch | KGV sehr hoch | Gewinnwachstum negativ;MEDIUM RISK;NO;7;STRONG BUY;über EMA20, über EMA50, über EMA100, 1M positiv
DAVE;Dave Inc.;USD;276.55 USD;276.55;257.41 USD;243.24 USD;229.39 USD;7.43;13.69;7.09;-2.13;10.94;26.74;29.76;62.59;282.56 USD;282.56;-2.13;4.29;3.885;LOW;0.0%;-;-;-;238.37 USD;3516124928.0;Mid Cap;13.39;17.76;-;46.7%;0.47;104.1%;1.04;37.21%;0.37;131.62;85.75 Mio.;85745624.0;326.8 Mio.;326801984.0;6;SOLID;7;GOOD;Forward KGV im gesunden Bereich | KGV nicht übertrieben | Umsatzwachstum positiv | Gewinnwachstum positiv | solide Gewinnmarge | Free Cashflow positiv;-;MEDIUM RISK;NO;7;STRONG BUY;über EMA20, über EMA50, über EMA100, 1M positiv, fundamental solide
COHU;Cohu, Inc.;USD;52.67 USD;52.67;50.83 USD;45.42 USD;39.5 USD;3.6;15.94;5.73;-3.37;10.92;83.12;119.07;63.54;57.59 USD;57.59;-8.55;4.6;1.623;LOW;0.0%;-;24.02.2020;24.02.2020;44.51 USD;2484489728.0;Mid Cap;36.14;-;1.15;29.3%;0.29;-;-;-11.54%;-0.12;42.92;69.16 Mio.;69161000.0;52.19 Mio.;52187000.0;4;MIXED;6;OK;PEG Ratio attraktiv | Umsatzwachstum positiv | Free Cashflow positiv | Verschuldung wirkt moderat;negative Gewinnmarge;LOW RISK;NO;7;STRONG BUY;über EMA20, über EMA50, über EMA100, 1M positiv
PUBM;PubMatic, Inc.;USD;11.35 USD;11.35;10.94 USD;10.05 USD;9.39 USD;3.73;12.84;-1.69;-7.16;10.79;27.9;24.67;65.79;13.67 USD;13.67;-17.01;3.08;1.535;LOW;0.0%;-;-;-;9.85 USD;526899520.0;Small Cap;23.23;-;4.95;-2.0%;-0.02;-;-;-6.21%;-0.06;17.01;52.97 Mio.;52971624.0;82.73 Mio.;82733000.0;3;MIXED;6;OK;Forward KGV im gesunden Bereich | Free Cashflow positiv | Verschuldung wirkt moderat;PEG Ratio hoch | Umsatzwachstum negativ | negative Gewinnmarge;LOW RISK;NO;7;STRONG BUY;über EMA20, über EMA50, über EMA100, 1M positiv
ARE;Alexandria Real Estate Equities;USD;50.49 USD;50.49;49.08 USD;47.98 USD;49.4 USD;2.86;5.22;-1.55;3.81;10.76;-0.98;-2.86;61.49;83.51 USD;83.51;-39.55;3.67;1.202;LOW;5.7%;2.88 USD;30.06.2026;31.03.2026;47.02 USD;8797993984.0;Mid Cap;-57.37;-;3.24;-11.5%;-0.12;-;-;-36.14%;-0.36;66.51;1.41 Mrd.;1408723072.0;1.4 Mrd.;1402721024.0;2;WEAK;6;OK;Free Cashflow positiv | Verschuldung wirkt moderat | Dividende vorhanden;PEG Ratio hoch | Umsatzwachstum negativ | negative Gewinnmarge;LOW RISK;NO;7;STRONG BUY;über EMA20, über EMA50, über EMA100, 1M positiv, Fundamentaldaten schwach
CDNS;Cadence Design Systems, Inc.;USD;394.93 USD;394.93;376.66 USD;349.08 USD;332.32 USD;4.85;13.13;4.98;-4.64;10.66;31.71;28.91;64.54;416.39 USD;416.39;-5.15;3.2;1.149;LOW;0.0%;-;-;-;342.1 USD;108928008192.0;Large Cap;42.08;92.06;3.57;18.7%;0.19;23.0%;0.23;21.18%;0.21;46.99;1.5 Mrd.;1499152256.0;1.6 Mrd.;1597542016.0;5;SOLID;8;GOOD;Umsatzwachstum positiv | Gewinnwachstum positiv | solide Gewinnmarge | Free Cashflow positiv | Verschuldung wirkt moderat;Forward KGV sehr hoch | KGV sehr hoch | PEG Ratio hoch;LOW RISK;NO;7;STRONG BUY;über EMA20, über EMA50, über EMA100, 1M positiv, fundamental solide
DHL.DE;DEUTSCHE POST AG              N;EUR;51.76 EUR;51.76;50.2 EUR;48.19 EUR;46.59 EUR;3.1;7.42;-0.77;0.7;10.48;12.17;22.56;77.95;52.96 EUR;52.96;-2.27;2.56;1.127;NORMAL;3.67%;1.9 EUR;06.05.2026;06.05.2026;47.22 EUR;57932029952.0;Large Cap;14.08;16.75;2.69;-1.9%;-0.02;7.2%;0.07;4.25%;0.04;121.82;5.19 Mrd.;5193999872.0;9.62 Mrd.;9619999744.0;4;MIXED;8;OK;Forward KGV im gesunden Bereich | KGV nicht übertrieben | Gewinnwachstum positiv | Gewinnmarge positiv | Free Cashflow positiv | Dividende vorhanden;Umsatzwachstum negativ;LOW RISK;NO;7;WATCH - OVERBOUGHT;über EMA20, über EMA50, über EMA100, 1M positiv, kurzfristig heiß gelaufen
ABBV;AbbVie Inc.;USD;222.68 USD;222.68;215.72 USD;212.9 USD;213.73 USD;3.22;4.6;-2.0;4.58;9.85;-3.37;-0.58;65.85;238.71 USD;238.71;-6.72;1.57;0.309;LOW;3.11%;6.92 USD;15.04.2026;15.04.2026;208.64 USD;393429417984.0;Mega Cap;13.7;108.62;0.63;12.4%;0.12;-46.2%;-0.46;5.79%;0.06;-;20.81 Mrd.;20811624448.0;21.22 Mrd.;21223999488.0;4;MIXED;7;OK;Forward KGV im gesunden Bereich | PEG Ratio attraktiv | Umsatzwachstum positiv | Gewinnmarge positiv | Free Cashflow positiv | Dividende vorhanden;KGV sehr hoch | Gewinnwachstum negativ;LOW RISK;NO;7;STRONG BUY;über EMA20, über EMA50, über EMA100, 1M positiv
KRI.AT;KRI-KRI S.A.;EUR;28.3 EUR;28.3;26.21 EUR;24.71 EUR;23.35 EUR;7.98;14.51;0.18;4.81;9.69;18.41;52.81;75.38;28.6 EUR;28.6;-1.05;2.23;0.909;LOW;1.59%;0.45 EUR;20.08.2026;20.08.2026;24.22 EUR;932934016.0;Small Cap;18.03;23.01;-;35.4%;0.35;91.7%;0.92;11.57%;0.12;10.09;11.03 Mio.;11026628.0;47.6 Mio.;47599588.0;7;VERY SOLID;7;GOOD;Forward KGV im gesunden Bereich | KGV nicht übertrieben | Umsatzwachstum positiv | Gewinnwachstum positiv | solide Gewinnmarge | Free Cashflow positiv | Verschuldung wirkt moderat | Dividende vorhanden;-;LOW RISK;NO;7;WATCH - OVERBOUGHT;über EMA20, über EMA50, über EMA100, 1M positiv, kurzfristig heiß gelaufen, fundamental solide
ORCL;Oracle Corporation;USD;213.18 USD;213.18;208.13 USD;190.02 USD;185.18 USD;2.42;12.19;-0.23;-14.09;9.55;38.2;4.65;60.8;325.76 USD;325.76;-34.56;4.38;1.655;LOW;0.94%;2.0 USD;09.04.2026;09.04.2026;186.22 USD;613058019328.0;Mega Cap;26.47;38.2;1.35;21.7%;0.22;24.5%;0.24;25.3%;0.25;415.26;-22.3 Mrd.;-22298499072.0;23.51 Mrd.;23513999360.0;4;MIXED;8;OK;PEG Ratio attraktiv | Umsatzwachstum positiv | Gewinnwachstum positiv | solide Gewinnmarge | Dividende vorhanden;Free Cashflow negativ | Verschuldung hoch;LOW RISK;NO;7;STRONG BUY;über EMA20, über EMA50, über EMA100, 1M positiv
GFS;GlobalFoundries Inc.;USD;77.61 USD;77.61;77.34 USD;67.9 USD;58.76 USD;0.36;14.3;2.75;-2.9;9.42;60.58;120.05;59.2;89.96 USD;89.96;-13.73;5.26;1.767;LOW;0.62%;0.48 USD;24.06.2026;-;66.54 USD;42562600960.0;Large Cap;30.89;52.44;1.53;3.1%;0.03;-52.5%;-0.53;11.37%;0.11;14.68;1.19 Mrd.;1192999936.0;1.94 Mrd.;1942000000.0;5;SOLID;8;GOOD;PEG Ratio attraktiv | Umsatzwachstum positiv | solide Gewinnmarge | Free Cashflow positiv | Verschuldung wirkt moderat | Dividende vorhanden;KGV sehr hoch | Gewinnwachstum negativ;MEDIUM RISK;NO;7;STRONG BUY;über EMA20, über EMA50, über EMA100, 1M positiv, fundamental solide
HALO;Halozyme Therapeutics, Inc.;USD;71.29 USD;71.29;68.69 USD;67.82 USD;67.93 USD;3.79;5.12;-0.34;4.62;9.36;5.83;-1.89;63.88;81.23 USD;81.23;-12.24;2.23;0.869;LOW;0.0%;-;-;-;66.46 USD;8455920640.0;Mid Cap;7.21;25.01;-;42.2%;0.42;31.2%;0.31;23.13%;0.23;991.21;228.12 Mio.;228120752.0;677.41 Mio.;677414976.0;6;SOLID;7;GOOD;Forward KGV im gesunden Bereich | KGV nicht übertrieben | Umsatzwachstum positiv | Gewinnwachstum positiv | solide Gewinnmarge | Free Cashflow positiv;Verschuldung hoch;LOW RISK;NO;7;STRONG BUY;über EMA20, über EMA50, über EMA100, 1M positiv, fundamental solide
CNI;Canadian National Railway Compa;USD;120.97 USD;120.97;116.88 USD;112.87 USD;108.84 USD;3.5;7.18;0.49;1.3;9.14;11.0;29.49;80.53;121.23 USD;121.23;-0.21;1.65;1.002;HIGH;2.22%;2.69 USD;09.06.2026;10.03.2026;110.61 USD;73380405248.0;Large Cap;19.29;22.12;2.66;-0.5%;-0.01;1.1%;0.01;27.23%;0.27;105.66;2.6 Mrd.;2598500096.0;7.15 Mrd.;7150000128.0;5;SOLID;8;GOOD;Forward KGV im gesunden Bereich | KGV nicht übertrieben | Gewinnwachstum positiv | solide Gewinnmarge | Free Cashflow positiv | Dividende vorhanden;Umsatzwachstum negativ;LOW RISK;NO;7;WATCH - OVERBOUGHT;über EMA20, über EMA50, über EMA100, 1M positiv, kurzfristig heiß gelaufen, hohes Volumen, fundamental solide
MMM;3M Company;USD;155.46 USD;155.46;151.02 USD;149.96 USD;151.81 USD;2.94;3.67;1.11;3.0;8.71;0.03;-8.1;58.61;172.94 USD;172.94;-10.11;1.54;1.095;LOW;2.01%;3.12 USD;22.05.2026;22.05.2026;146.96 USD;81082851328.0;Large Cap;16.44;29.9;1.62;1.3%;0.01;-39.7%;-0.4;11.14%;0.11;396.5;2.32 Mrd.;2322374912.0;2.96 Mrd.;2959000064.0;6;SOLID;8;GOOD;Forward KGV im gesunden Bereich | KGV nicht übertrieben | PEG Ratio attraktiv | Umsatzwachstum positiv | solide Gewinnmarge | Free Cashflow positiv | Dividende vorhanden;Gewinnwachstum negativ | Verschuldung hoch;LOW RISK;NO;7;STRONG BUY;über EMA20, über EMA50, über EMA100, 1M positiv, fundamental solide
TWLO;Twilio Inc.;USD;213.74 USD;213.74;202.66 USD;177.73 USD;157.85 USD;5.47;20.26;-5.42;-6.06;8.46;70.34;68.29;57.24;236.64 USD;236.64;-9.68;6.13;1.38;LOW;0.0%;-;-;-;174.17 USD;32440143872.0;Large Cap;32.38;323.85;0.42;20.0%;0.2;375.0%;3.75;1.96%;0.02;13.72;879.87 Mio.;879865344.0;965.41 Mio.;965408000.0;5;SOLID;8;GOOD;PEG Ratio attraktiv | Umsatzwachstum positiv | Gewinnwachstum positiv | Gewinnmarge positiv | Free Cashflow positiv | Verschuldung wirkt moderat;KGV sehr hoch;MEDIUM RISK;NO;7;STRONG BUY;über EMA20, über EMA50, über EMA100, 1M positiv, fundamental solide
HP;Helmerich & Payne, Inc.;USD;39.67 USD;39.67;38.95 USD;37.85 USD;35.66 USD;1.84;4.8;5.89;1.11;8.18;16.96;45.05;42.51;41.53 USD;41.53;-4.49;3.12;0.573;LOW;2.52%;1.0 USD;18.08.2026;18.05.2026;37.09 USD;3960263680.0;Mid Cap;30.11;-;6.81;-8.2%;-0.08;-;-;-9.38%;-0.09;76.14;359.36 Mio.;359362624.0;547.55 Mio.;547553984.0;2;WEAK;6;OK;Free Cashflow positiv | Verschuldung wirkt moderat | Dividende vorhanden;PEG Ratio hoch | Umsatzwachstum negativ | negative Gewinnmarge;LOW RISK;NO;7;STRONG BUY;über EMA20, über EMA50, über EMA100, 1M positiv, Fundamentaldaten schwach
DAL;Delta Air Lines, Inc.;USD;78.87 USD;78.87;76.89 USD;72.94 USD;70.01 USD;2.57;8.13;-0.69;-3.19;8.16;28.98;23.38;69.36;82.49 USD;82.49;-4.39;2.53;1.313;LOW;0.95%;0.75 USD;14.05.2026;14.05.2026;71.48 USD;51817148416.0;Large Cap;9.79;11.51;0.21;12.9%;0.13;-;-;6.87%;0.07;105.02;3.09 Mrd.;3093374976.0;8.4 Mrd.;8396000256.0;5;SOLID;7;GOOD;Forward KGV im gesunden Bereich | KGV nicht übertrieben | PEG Ratio attraktiv | Umsatzwachstum positiv | Gewinnmarge positiv | Free Cashflow positiv | Dividende vorhanden;-;LOW RISK;NO;7;STRONG BUY;über EMA20, über EMA50, über EMA100, 1M positiv, fundamental solide
SLG;SL Green Realty Corp;USD;48.91 USD;48.91;44.88 USD;43.1 USD;42.91 USD;8.99;13.49;2.26;9.32;8.02;25.2;5.88;72.52;63.59 USD;63.59;-23.08;2.39;1.604;NORMAL;5.48%;2.68 USD;31.03.2026;31.03.2026;42.23 USD;3766206976.0;Mid Cap;-26.92;-;1.3;-4.0%;-0.04;-;-;-16.17%;-0.16;150.04;743.51 Mio.;743510464.0;58.61 Mio.;58608000.0;2;WEAK;6;OK;PEG Ratio attraktiv | Free Cashflow positiv | Dividende vorhanden;Umsatzwachstum negativ | negative Gewinnmarge;MEDIUM RISK;NO;7;STRONG BUY;über EMA20, über EMA50, über EMA100, 1M positiv, Fundamentaldaten schwach
D;Dominion Energy, Inc.;USD;65.76 USD;65.76;65.39 USD;63.87 USD;62.5 USD;0.56;2.96;-1.7;1.78;7.8;5.43;8.55;44.76;67.61 USD;67.61;-2.74;2.23;0.642;LOW;4.06%;2.67 USD;29.05.2026;29.05.2026;62.59 USD;57836744704.0;Large Cap;17.24;19.4;2.92;23.1%;0.23;-10.2%;-0.1;16.93%;0.17;154.9;-9.95 Mrd.;-9948250112.0;5.06 Mrd.;5059999744.0;4;MIXED;8;OK;Forward KGV im gesunden Bereich | KGV nicht übertrieben | Umsatzwachstum positiv | solide Gewinnmarge | Dividende vorhanden;Gewinnwachstum negativ | Free Cashflow negativ;LOW RISK;NO;7;STRONG BUY;über EMA20, über EMA50, über EMA100, 1M positiv
6752.T;PANASONIC HOLDINGS CORP;JPY;3574.0 JPY;3574.0;3528.26 JPY;3219.2 JPY;2874.28 JPY;1.3;11.02;-4.79;-0.58;7.72;38.9;111.82;57.21;3916.0 JPY;3916.0;-8.73;3.48;0.858;NORMAL;1.51%;54.0 JPY;29.09.2026;30.03.2027;3154.82 JPY;8344227020800.0;Mega Cap;21.17;46.3;1.01;5.4%;0.05;-17.4%;-0.17;2.35%;0.02;29.79;-182.93 Mrd.;-182932881408.0;624.29 Mrd.;624288989184.0;4;MIXED;8;OK;Forward KGV im gesunden Bereich | PEG Ratio attraktiv | Umsatzwachstum positiv | Gewinnmarge positiv | Verschuldung wirkt moderat | Dividende vorhanden;KGV sehr hoch | Gewinnwachstum negativ | Free Cashflow negativ;LOW RISK;NO;7;STRONG BUY;über EMA20, über EMA50, über EMA100, 1M positiv
PBA;Pembina Pipeline Corp.;USD;48.41 USD;48.41;47.9 USD;46.39 USD;44.55 USD;1.07;4.35;-0.84;1.79;7.67;10.61;28.62;43.06;49.58 USD;49.58;-2.36;1.53;0.703;LOW;4.3%;2.08 USD;15.06.2026;16.03.2026;45.46 USD;28147269632.0;Large Cap;22.14;25.35;2.83;-7.7%;-0.08;0.2%;0.0;22.23%;0.22;82.35;1.4 Mrd.;1401874944.0;2.8 Mrd.;2796000000.0;6;SOLID;8;GOOD;Forward KGV im gesunden Bereich | KGV nicht übertrieben | Gewinnwachstum positiv | solide Gewinnmarge | Free Cashflow positiv | Verschuldung wirkt moderat | Dividende vorhanden;Umsatzwachstum negativ;LOW RISK;NO;7;STRONG BUY;über EMA20, über EMA50, über EMA100, 1M positiv, fundamental solide
IOS.DE;IONOS Group SE                N;EUR;29.76 EUR;29.76;28.79 EUR;27.54 EUR;27.17 EUR;3.39;8.08;-3.31;-1.78;7.59;34.36;8.61;52.21;42.55 EUR;42.55;-30.06;3.49;0.458;NORMAL;0.0%;-;-;-;26.98 EUR;4072556032.0;Mid Cap;12.83;19.08;-;5.7%;0.06;5.0%;0.05;17.34%;0.17;277.85;231.94 Mio.;231940128.0;413.8 Mio.;413804992.0;6;SOLID;7;GOOD;Forward KGV im gesunden Bereich | KGV nicht übertrieben | Umsatzwachstum positiv | Gewinnwachstum positiv | solide Gewinnmarge | Free Cashflow positiv;Verschuldung hoch;LOW RISK;NO;7;STRONG BUY;über EMA20, über EMA50, über EMA100, 1M positiv, fundamental solide
CRMD;CorMedix Inc.;USD;8.51 USD;8.51;8.15 USD;7.85 USD;8.04 USD;4.33;8.41;1.73;0.65;7.39;35.0;-11.87;65.37;16.56 USD;16.56;-48.64;2.76;1.471;LOW;0.0%;-;-;-;7.69 USD;667233344.0;Small Cap;24.3;3.92;-;226.1%;2.26;42.8%;0.43;45.25%;0.45;33.73;119.84 Mio.;119837056.0;197.69 Mio.;197691008.0;7;VERY SOLID;7;GOOD;Forward KGV im gesunden Bereich | KGV nicht übertrieben | Umsatzwachstum positiv | Gewinnwachstum positiv | solide Gewinnmarge | Free Cashflow positiv | Verschuldung wirkt moderat;-;LOW RISK;NO;7;STRONG BUY;über EMA20, über EMA50, über EMA100, 1M positiv, fundamental solide
GM;General Motors Company;USD;83.99 USD;83.99;80.32 USD;78.61 USD;77.29 USD;4.57;6.84;2.29;1.8;7.35;10.72;16.11;78.87;85.99 USD;85.99;-2.33;2.24;1.3;LOW;0.86%;0.72 USD;05.06.2026;05.06.2026;77.04 USD;75730862080.0;Large Cap;5.97;30.65;0.36;-0.9%;-0.01;-15.8%;-0.16;1.38%;0.01;199.05;22.47 Mrd.;22466625536.0;23.76 Mrd.;23755999232.0;3;MIXED;8;OK;Forward KGV im gesunden Bereich | PEG Ratio attraktiv | Gewinnmarge positiv | Free Cashflow positiv | Dividende vorhanden;Umsatzwachstum negativ | Gewinnwachstum negativ;LOW RISK;NO;7;WATCH - OVERBOUGHT;über EMA20, über EMA50, über EMA100, 1M positiv, kurzfristig heiß gelaufen
PTEN;Patterson-UTI Energy, Inc.;USD;12.07 USD;12.07;11.78 USD;11.21 USD;10.14 USD;2.48;7.62;4.87;4.68;6.74;37.77;119.99;42.27;12.74 USD;12.74;-5.22;3.01;0.599;LOW;3.31%;0.4 USD;01.06.2026;01.06.2026;10.99 USD;4581985280.0;Mid Cap;122.28;-;0.73;-12.7%;-0.13;-;-;-2.56%;-0.03;40.08;344.65 Mio.;344645888.0;816.94 Mio.;816936000.0;3;MIXED;6;OK;PEG Ratio attraktiv | Free Cashflow positiv | Verschuldung wirkt moderat | Dividende vorhanden;Forward KGV sehr hoch | Umsatzwachstum negativ | negative Gewinnmarge;LOW RISK;NO;7;STRONG BUY;über EMA20, über EMA50, über EMA100, 1M positiv
SANM;Sanmina Corporation;USD;252.01 USD;252.01;249.79 USD;217.76 USD;191.04 USD;0.89;15.73;-0.03;-4.86;6.3;93.43;61.97;63.97;282.72 USD;282.72;-10.86;4.42;1.556;LOW;0.0%;-;-;-;213.4 USD;13507433472.0;Large Cap;19.35;53.51;0.99;102.3%;1.02;46.6%;0.47;2.29%;0.02;92.65;-80.89 Mio.;-80893624.0;977.35 Mio.;977347008.0;5;SOLID;8;GOOD;Forward KGV im gesunden Bereich | PEG Ratio attraktiv | Umsatzwachstum positiv | Gewinnwachstum positiv | Gewinnmarge positiv | Verschuldung wirkt moderat;KGV sehr hoch | Free Cashflow negativ;LOW RISK;NO;7;STRONG BUY;über EMA20, über EMA50, über EMA100, 1M positiv, fundamental solide
PRU;Prudential Financial, Inc.;USD;104.18 USD;104.18;101.47 USD;99.81 USD;99.93 USD;2.67;4.37;-0.43;3.67;6.19;6.51;-0.87;58.23;115.56 USD;115.56;-9.85;1.26;0.855;LOW;5.38%;5.6 USD;26.05.2026;26.05.2026;97.81 USD;36182593536.0;Large Cap;7.13;10.73;1.1;15.3%;0.15;-14.3%;-0.14;5.48%;0.05;158.97;10.38 Mrd.;10378999808.0;9.78 Mrd.;9784999936.0;5;SOLID;8;GOOD;Forward KGV im gesunden Bereich | KGV nicht übertrieben | PEG Ratio attraktiv | Umsatzwachstum positiv | Gewinnmarge positiv | Free Cashflow positiv | Dividende vorhanden;Gewinnwachstum negativ;LOW RISK;NO;7;STRONG BUY;über EMA20, über EMA50, über EMA100, 1M positiv, fundamental solide
AAPL;Apple Inc.;USD;304.63 USD;304.63;302.81 USD;288.63 USD;277.73 USD;0.6;5.54;-0.88;-0.55;6.08;17.14;9.96;57.85;315.2 USD;315.2;-3.35;1.29;1.086;NORMAL;0.35%;1.08 USD;11.05.2026;11.05.2026;282.85 USD;4474209304576.0;Mega Cap;31.71;36.84;2.47;16.6%;0.17;21.8%;0.22;27.15%;0.27;79.55;101.09 Mrd.;101090746368.0;140.22 Mrd.;140222005248.0;5;SOLID;8;GOOD;Umsatzwachstum positiv | Gewinnwachstum positiv | solide Gewinnmarge | Free Cashflow positiv | Verschuldung wirkt moderat | Dividende vorhanden;-;LOW RISK;NO;7;STRONG BUY;über EMA20, über EMA50, über EMA100, 1M positiv, fundamental solide
QDVE.DE;iShsV-S&P 500 Inf.Te.Sec.U.ETFR;EUR;43.41 EUR;43.41;43.02 EUR;40.31 EUR;38.23 EUR;0.92;7.68;-0.16;-4.72;6.06;28.2;21.72;62.33;46.01 EUR;46.01;-5.65;1.55;;NORMAL;0.0%;-;-;-;39.51 EUR;;UNKNOWN;-;-;-;-;-;-;-;-;-;-;-;-;-;-;0;UNKNOWN;0;LOW;-;Fundamentaldaten unvollständig;LOW RISK;NO;7;STRONG BUY;über EMA20, über EMA50, über EMA100, 1M positiv, Fundamentaldaten unvollständig
BIP;Brookfield Infrastructure Partn;USD;38.74 USD;38.74;38.3 USD;37.4 USD;36.58 USD;1.15;3.6;-0.14;-0.35;6.02;3.12;9.85;57.04;39.29 USD;39.29;-1.39;1.32;1.031;NORMAL;4.7%;1.82 USD;29.05.2026;29.05.2026;36.65 USD;30560131072.0;Large Cap;27.07;58.7;4.73;16.9%;0.17;-;-;1.4%;0.01;201.44;-1.56 Mrd.;-1557250048.0;6.0 Mrd.;5996000256.0;1;WEAK;7;OK;Umsatzwachstum positiv | Gewinnmarge positiv | Dividende vorhanden;KGV sehr hoch | PEG Ratio hoch | Free Cashflow negativ | Verschuldung hoch;LOW RISK;NO;7;STRONG BUY;über EMA20, über EMA50, über EMA100, 1M positiv, Fundamentaldaten schwach
UAL;United Airlines Holdings, Inc.;USD;105.68 USD;105.68;103.62 USD;100.26 USD;100.11 USD;1.99;5.41;-0.05;-5.44;6.0;10.74;4.03;66.28;117.53 USD;117.53;-10.08;3.34;1.291;LOW;0.0%;-;07.01.2008;07.01.2008;98.25 USD;34300528640.0;Large Cap;7.43;9.45;6.5;10.6%;0.11;84.5%;0.84;6.06%;0.06;195.08;1.65 Mrd.;1647000064.0;9.52 Mrd.;9520000000.0;5;SOLID;8;GOOD;Forward KGV im gesunden Bereich | KGV nicht übertrieben | Umsatzwachstum positiv | Gewinnwachstum positiv | Gewinnmarge positiv | Free Cashflow positiv;PEG Ratio hoch;LOW RISK;NO;7;STRONG BUY;über EMA20, über EMA50, über EMA100, 1M positiv, fundamental solide
AMT;American Tower Corporation (REI;USD;190.33 USD;190.33;184.94 USD;181.47 USD;180.41 USD;2.91;4.88;-1.95;1.49;5.87;2.45;7.1;70.59;225.84 USD;225.84;-15.72;1.92;0.891;LOW;3.67%;6.98 USD;12.06.2026;14.04.2026;177.84 USD;88673427456.0;Large Cap;27.56;30.75;2.04;6.8%;0.07;76.9%;0.77;26.81%;0.27;444.55;4.61 Mrd.;4614362624.0;5.57 Mrd.;5569600000.0;4;MIXED;8;OK;Umsatzwachstum positiv | Gewinnwachstum positiv | solide Gewinnmarge | Free Cashflow positiv | Dividende vorhanden;Verschuldung hoch;LOW RISK;NO;7;STRONG BUY;über EMA20, über EMA50, über EMA100, 1M positiv
LHA.DE;DEUTSCHE LUFTHANSA AG         V;EUR;8.28 EUR;8.28;8.14 EUR;7.91 EUR;7.85 EUR;1.77;4.73;-1.85;-0.48;5.82;2.69;5.74;66.04;9.13 EUR;9.13;-9.33;2.29;1.309;NORMAL;3.99%;0.33 EUR;13.05.2026;13.05.2026;7.75 EUR;9929913344.0;Mid Cap;5.92;6.37;0.8;7.6%;0.08;-;-;3.87%;0.04;105.02;-2.18 Mrd.;-2176499968.0;4.35 Mrd.;4353999872.0;4;MIXED;7;OK;Forward KGV im gesunden Bereich | KGV nicht übertrieben | PEG Ratio attraktiv | Umsatzwachstum positiv | Gewinnmarge positiv | Dividende vorhanden;Free Cashflow negativ;LOW RISK;NO;7;STRONG BUY;über EMA20, über EMA50, über EMA100, 1M positiv
TKA.DE;thyssenkrupp AG               I;EUR;11.35 EUR;11.35;11.12 EUR;10.37 EUR;9.93 EUR;2.11;9.55;-2.28;-0.61;5.82;15.77;33.35;64.46;12.27 EUR;12.27;-7.49;3.36;1.561;LOW;1.32%;0.15 EUR;02.02.2026;02.02.2026;10.16 EUR;7068847104.0;Mid Cap;11.24;1135.5;119.85;-2.3%;-0.02;-99.4%;-0.99;0.03%;0.0;7.84;-1.13 Mrd.;-1134000000.0;486.0 Mio.;486000000.0;2;WEAK;8;OK;Forward KGV im gesunden Bereich | Gewinnmarge positiv | Verschuldung wirkt moderat | Dividende vorhanden;KGV sehr hoch | PEG Ratio hoch | Umsatzwachstum negativ | Gewinnwachstum negativ | Free Cashflow negativ;LOW RISK;NO;7;STRONG BUY;über EMA20, über EMA50, über EMA100, 1M positiv, Fundamentaldaten schwach
AMGN;Amgen Inc.;USD;345.35 USD;345.35;337.4 USD;339.44 USD;339.26 USD;2.36;1.74;-1.21;4.93;5.73;-5.34;1.68;69.7;385.25 USD;385.25;-10.36;1.64;0.416;LOW;2.92%;10.08 USD;15.05.2026;15.05.2026;332.65 USD;186388267008.0;Large Cap;14.71;24.03;2.31;5.8%;0.06;4.4%;0.04;20.96%;0.21;623.75;7.44 Mrd.;7436624896.0;10.76 Mrd.;10755999744.0;6;SOLID;8;GOOD;Forward KGV im gesunden Bereich | KGV nicht übertrieben | Umsatzwachstum positiv | Gewinnwachstum positiv | solide Gewinnmarge | Free Cashflow positiv | Dividende vorhanden;Verschuldung hoch;LOW RISK;NO;7;STRONG BUY;über EMA20, über EMA50, über EMA100, 1M positiv, fundamental solide
CL2.PA;Amundi MSCI USA Daily (2x) Leve;EUR;29.86 EUR;29.86;29.6 EUR;27.98 EUR;26.68 EUR;0.86;6.72;-1.47;-2.32;5.72;18.8;18.42;66.92;30.76 EUR;30.76;-2.93;1.16;;LOW;0.0%;-;-;-;27.42 EUR;;UNKNOWN;-;-;-;-;-;-;-;-;-;-;-;-;-;-;0;UNKNOWN;0;LOW;-;Fundamentaldaten unvollständig;LOW RISK;NO;7;STRONG BUY;über EMA20, über EMA50, über EMA100, 1M positiv, Fundamentaldaten unvollständig
MTSI;MACOM Technology Solutions Hold;USD;361.94 USD;361.94;363.04 USD;324.59 USD;282.97 USD;-0.3;11.51;4.79;2.3;5.07;58.07;115.36;51.37;409.68 USD;409.68;-11.65;4.5;1.662;LOW;0.0%;-;-;-;318.1 USD;27614492672.0;Large Cap;52.88;154.02;2.05;22.5%;0.23;42.9%;0.43;16.46%;0.16;29.2;81.53 Mio.;81527872.0;251.61 Mio.;251611008.0;5;SOLID;8;GOOD;Umsatzwachstum positiv | Gewinnwachstum positiv | solide Gewinnmarge | Free Cashflow positiv | Verschuldung wirkt moderat;Forward KGV sehr hoch | KGV sehr hoch;LOW RISK;NO;7;STRONG BUY;über EMA50, über EMA100, 1M positiv, fundamental solide
ADM;Archer-Daniels-Midland Company;USD;80.92 USD;80.92;79.8 USD;76.12 USD;72.09 USD;1.4;6.31;0.0;-2.06;5.06;22.43;35.54;51.89;84.11 USD;84.11;-3.79;1.75;0.603;LOW;2.57%;2.08 USD;20.05.2026;20.05.2026;74.6 USD;38999920640.0;Large Cap;15.59;36.12;2.56;1.6%;0.02;0.9%;0.01;1.34%;0.01;46.13;1.58 Mrd.;1578499968.0;5.94 Mrd.;5944000000.0;5;SOLID;8;GOOD;Forward KGV im gesunden Bereich | Umsatzwachstum positiv | Gewinnwachstum positiv | Gewinnmarge positiv | Free Cashflow positiv | Verschuldung wirkt moderat | Dividende vorhanden;-;LOW RISK;NO;7;STRONG BUY;über EMA20, über EMA50, über EMA100, 1M positiv, fundamental solide
IUIT.L;ISHARES V PUBLIC LIMITED COMPAN;USD;50.07 USD;50.07;49.92 USD;46.84 USD;44.49 USD;0.31;6.89;-0.2;-5.39;5.01;27.63;19.78;58.29;53.53 USD;53.53;-6.46;1.63;;NORMAL;0.0%;-;-;-;45.9 USD;;UNKNOWN;-;39.28;-;-;-;-;-;-;-;-;-;-;-;-;0;UNKNOWN;1;LOW;-;Fundamentaldaten unvollständig;LOW RISK;NO;7;STRONG BUY;über EMA20, über EMA50, über EMA100, 1M positiv, Fundamentaldaten unvollständig
PPG;PPG Industries, Inc.;USD;113.43 USD;113.43;110.27 USD;109.1 USD;108.65 USD;2.86;3.97;-0.33;1.21;4.81;2.05;14.95;73.48;129.96 USD;129.96;-12.72;2.06;1.062;LOW;2.5%;2.84 USD;11.05.2026;11.05.2026;106.91 USD;25282433024.0;Large Cap;13.09;16.25;1.73;6.7%;0.07;4.2%;0.04;9.83%;0.1;93.74;729.0 Mio.;729000000.0;1.99 Mrd.;1992000000.0;7;VERY SOLID;8;GOOD;Forward KGV im gesunden Bereich | KGV nicht übertrieben | PEG Ratio attraktiv | Umsatzwachstum positiv | Gewinnwachstum positiv | Gewinnmarge positiv | Free Cashflow positiv | Verschuldung wirkt moderat | Dividende vorhanden;-;LOW RISK;NO;7;STRONG BUY;über EMA20, über EMA50, über EMA100, 1M positiv, fundamental solide
ESLT;Elbit Systems Ltd.;USD;832.91 USD;832.91;827.7 USD;826.05 USD;788.95 USD;0.63;0.83;1.16;-2.93;4.77;-6.11;77.77;62.51;1013.23 USD;1013.23;-17.8;3.16;-0.252;LOW;0.48%;4.0 USD;23.06.2026;13.04.2026;809.53 USD;39007068160.0;Large Cap;46.11;67.44;8.79;15.5%;0.15;42.1%;0.42;7.14%;0.07;21.01;96.18 Mio.;96182496.0;875.85 Mio.;875852032.0;4;MIXED;8;OK;Umsatzwachstum positiv | Gewinnwachstum positiv | Gewinnmarge positiv | Free Cashflow positiv | Verschuldung wirkt moderat | Dividende vorhanden;Forward KGV sehr hoch | KGV sehr hoch | PEG Ratio hoch;LOW RISK;NO;7;STRONG BUY;über EMA20, über EMA50, über EMA100, 1M positiv
EW;Edwards Lifesciences Corporatio;USD;86.65 USD;86.65;85.09 USD;83.49 USD;82.76 USD;1.84;3.8;0.81;-1.71;4.71;3.3;-0.11;64.04;88.16 USD;88.16;-1.71;1.71;0.866;LOW;0.0%;-;-;-;81.82 USD;49895948288.0;Large Cap;25.73;46.84;2.07;16.7%;0.17;8.2%;0.08;17.39%;0.17;6.81;902.14 Mio.;902137472.0;1.36 Mrd.;1358599936.0;5;SOLID;8;GOOD;Umsatzwachstum positiv | Gewinnwachstum positiv | solide Gewinnmarge | Free Cashflow positiv | Verschuldung wirkt moderat;KGV sehr hoch;LOW RISK;NO;7;STRONG BUY;über EMA20, über EMA50, über EMA100, 1M positiv, fundamental solide
JNJ;Johnson & Johnson;USD;231.6 USD;231.6;228.03 USD;229.03 USD;226.16 USD;1.57;1.12;-0.5;3.62;4.69;-2.79;12.82;56.63;247.14 USD;247.14;-6.29;1.19;0.256;LOW;2.31%;5.36 USD;26.05.2026;26.05.2026;224.45 USD;557523468288.0;Mega Cap;18.21;26.81;3.03;9.9%;0.1;-52.9%;-0.53;21.83%;0.22;67.73;12.51 Mrd.;12511375360.0;22.87 Mrd.;22869999616.0;6;SOLID;8;GOOD;Forward KGV im gesunden Bereich | KGV nicht übertrieben | Umsatzwachstum positiv | solide Gewinnmarge | Free Cashflow positiv | Verschuldung wirkt moderat | Dividende vorhanden;PEG Ratio hoch | Gewinnwachstum negativ;LOW RISK;NO;7;STRONG BUY;über EMA20, über EMA50, über EMA100, 1M positiv, fundamental solide
CVX;Chevron Corporation;USD;189.24 USD;189.24;187.5 USD;187.2 USD;182.58 USD;0.93;1.09;1.03;1.83;4.64;0.56;28.98;41.86;209.23 USD;209.23;-9.56;1.63;0.472;LOW;3.76%;7.12 USD;19.05.2026;19.05.2026;183.45 USD;376880005120.0;Mega Cap;15.06;33.03;0.82;2.3%;0.02;-44.5%;-0.45;5.93%;0.06;23.99;11.78 Mrd.;11776499712.0;31.26 Mrd.;31264000000.0;5;SOLID;8;GOOD;Forward KGV im gesunden Bereich | PEG Ratio attraktiv | Umsatzwachstum positiv | Gewinnmarge positiv | Free Cashflow positiv | Verschuldung wirkt moderat | Dividende vorhanden;Gewinnwachstum negativ;LOW RISK;NO;7;STRONG BUY;über EMA20, über EMA50, über EMA100, 1M positiv, fundamental solide
TRGP;Targa Resources, Inc.;USD;264.0 USD;264.0;262.57 USD;253.31 USD;237.4 USD;0.54;4.22;-0.03;1.9;4.58;11.01;54.02;39.82;276.75 USD;276.75;-4.61;1.99;0.71;LOW;1.61%;4.25 USD;30.04.2026;30.04.2026;248.25 USD;56665989120.0;Large Cap;21.45;26.94;1.25;-10.2%;-0.1;142.9%;1.43;12.87%;0.13;585.25;-318.55 Mio.;-318550016.0;3.7 Mrd.;3702500096.0;5;SOLID;8;GOOD;Forward KGV im gesunden Bereich | KGV nicht übertrieben | PEG Ratio attraktiv | Gewinnwachstum positiv | solide Gewinnmarge | Dividende vorhanden;Umsatzwachstum negativ | Free Cashflow negativ | Verschuldung hoch;LOW RISK;NO;7;STRONG BUY;über EMA20, über EMA50, über EMA100, 1M positiv, fundamental solide
PCAR;PACCAR Inc.;USD;118.81 USD;118.81;114.18 USD;115.79 USD;115.68 USD;4.06;2.61;1.83;8.53;4.5;-3.37;15.3;64.44;129.08 USD;129.08;-7.96;1.98;0.992;LOW;1.18%;1.4 USD;13.05.2026;13.05.2026;113.47 USD;62528065536.0;Large Cap;17.54;25.28;1.19;-8.9%;-0.09;19.7%;0.2;8.91%;0.09;76.16;1.49 Mrd.;1485162496.0;4.48 Mrd.;4477300224.0;6;SOLID;8;GOOD;Forward KGV im gesunden Bereich | KGV nicht übertrieben | PEG Ratio attraktiv | Gewinnwachstum positiv | Gewinnmarge positiv | Free Cashflow positiv | Verschuldung wirkt moderat | Dividende vorhanden;Umsatzwachstum negativ;LOW RISK;NO;7;STRONG BUY;über EMA20, über EMA50, über EMA100, 1M positiv, fundamental solide
LQQ.PA;Amundi Nasdaq-100 Daily (2x) Le;EUR;1963.2 EUR;1963.2;1961.86 EUR;1791.86 EUR;1656.05 EUR;0.07;9.56;-0.85;-5.73;4.48;36.75;32.31;62.95;2098.5 EUR;2098.5;-6.45;2.13;;HIGH;0.0%;-;-;-;1756.02 EUR;;UNKNOWN;-;-;-;-;-;-;-;-;-;-;-;-;-;-;0;UNKNOWN;0;LOW;-;Fundamentaldaten unvollständig;LOW RISK;NO;7;STRONG BUY;über EMA20, über EMA50, über EMA100, 1M positiv, hohes Volumen, Fundamentaldaten unvollständig
KLIC;Kulicke and Soffa Industries, I;USD;102.5 USD;102.5;101.42 USD;91.77 USD;80.22 USD;1.06;11.69;4.42;-0.81;4.43;61.97;129.72;53.85;108.57 USD;108.57;-5.59;3.5;1.689;LOW;0.8%;0.82 USD;18.06.2026;19.03.2026;89.94 USD;5364119552.0;Mid Cap;24.19;99.51;2.38;49.8%;0.5;-;-;7.16%;0.07;4.64;17.71 Mio.;17709250.0;16.12 Mio.;16124000.0;4;MIXED;7;OK;Forward KGV im gesunden Bereich | Umsatzwachstum positiv | Gewinnmarge positiv | Free Cashflow positiv | Verschuldung wirkt moderat | Dividende vorhanden;KGV sehr hoch;LOW RISK;NO;7;STRONG BUY;über EMA20, über EMA50, über EMA100, 1M positiv
ENI.MI;ENI;EUR;23.5 EUR;23.5;23.21 EUR;22.7 EUR;21.29 EUR;1.23;3.51;-0.21;2.09;4.4;20.43;53.3;44.83;24.6 EUR;24.6;-4.47;1.64;0.225;NORMAL;4.55%;1.07 EUR;21.09.2026;23.11.2026;22.25 EUR;68955643904.0;Large Cap;10.09;23.5;0.43;-12.6%;-0.13;1.0%;0.01;2.97%;0.03;67.36;-939.37 Mio.;-939374976.0;12.37 Mrd.;12371999744.0;5;SOLID;8;GOOD;Forward KGV im gesunden Bereich | KGV nicht übertrieben | PEG Ratio attraktiv | Gewinnwachstum positiv | Gewinnmarge positiv | Verschuldung wirkt moderat | Dividende vorhanden;Umsatzwachstum negativ | Free Cashflow negativ;LOW RISK;NO;7;STRONG BUY;über EMA20, über EMA50, über EMA100, 1M positiv, fundamental solide
E;ENI S.p.A.;USD;54.28 USD;54.28;54.0 USD;53.04 USD;49.89 USD;0.52;2.34;0.89;1.27;4.38;19.04;49.64;41.22;56.97 USD;56.97;-4.71;1.72;0.225;LOW;4.5%;2.44 USD;19.05.2026;19.05.2026;51.98 USD;79636430848.0;Large Cap;9.19;23.5;0.42;-12.6%;-0.13;1.0%;0.01;2.97%;0.03;67.36;-939.37 Mio.;-939374976.0;12.37 Mrd.;12371999744.0;5;SOLID;8;GOOD;Forward KGV im gesunden Bereich | KGV nicht übertrieben | PEG Ratio attraktiv | Gewinnwachstum positiv | Gewinnmarge positiv | Verschuldung wirkt moderat | Dividende vorhanden;Umsatzwachstum negativ | Free Cashflow negativ;LOW RISK;NO;7;STRONG BUY;über EMA20, über EMA50, über EMA100, 1M positiv, fundamental solide
RACE;Ferrari N.V.;USD;352.24 USD;352.24;343.28 USD;342.74 USD;349.89 USD;2.61;2.77;1.51;0.86;4.38;-0.48;-6.92;63.29;511.74 USD;511.74;-31.17;2.33;0.595;NORMAL;1.2%;4.23 USD;21.04.2026;20.04.2026;335.89 USD;62023626752.0;Large Cap;28.5;33.74;3.81;3.2%;0.03;1.3%;0.01;22.19%;0.22;72.25;985.85 Mio.;985850240.0;2.37 Mrd.;2365772032.0;5;SOLID;8;GOOD;Umsatzwachstum positiv | Gewinnwachstum positiv | solide Gewinnmarge | Free Cashflow positiv | Verschuldung wirkt moderat | Dividende vorhanden;PEG Ratio hoch;LOW RISK;NO;7;STRONG BUY;über EMA20, über EMA50, über EMA100, 1M positiv, fundamental solide
CWEN;Clearway Energy, Inc.;USD;39.31 USD;39.31;39.25 USD;38.68 USD;37.64 USD;0.17;1.64;-1.07;-2.57;4.27;6.36;12.77;69.89;41.26 USD;41.26;-4.71;2.37;0.863;LOW;4.65%;1.83 USD;01.06.2026;01.06.2026;37.91 USD;9439404032.0;Mid Cap;16.98;393.15;3.67;18.8%;0.19;-;-;0.61%;0.01;178.93;423.25 Mio.;423249984.0;994.0 Mio.;994000000.0;3;MIXED;7;OK;Forward KGV im gesunden Bereich | Umsatzwachstum positiv | Gewinnmarge positiv | Free Cashflow positiv | Dividende vorhanden;KGV sehr hoch | PEG Ratio hoch;LOW RISK;NO;7;STRONG BUY;über EMA20, über EMA50, über EMA100, 1M positiv
XOM;Exxon Mobil Corporation;USD;151.79 USD;151.79;151.27 USD;151.09 USD;146.62 USD;0.35;0.47;1.25;1.62;4.26;1.37;34.05;36.02;170.31 USD;170.31;-10.87;1.96;0.149;LOW;2.71%;4.12 USD;15.05.2026;15.05.2026;148.07 USD;629182234624.0;Mega Cap;14.27;25.55;1.38;2.6%;0.03;-43.4%;-0.43;7.76%;0.08;18.26;11.63 Mrd.;11630499840.0;47.72 Mrd.;47722000384.0;6;SOLID;8;GOOD;Forward KGV im gesunden Bereich | KGV nicht übertrieben | PEG Ratio attraktiv | Umsatzwachstum positiv | Gewinnmarge positiv | Free Cashflow positiv | Verschuldung wirkt moderat | Dividende vorhanden;Gewinnwachstum negativ;LOW RISK;NO;7;STRONG BUY;über EMA20, über EMA50, über EMA100, 1M positiv, fundamental solide
HAL;Halliburton Company;USD;40.54 USD;40.54;40.35 USD;39.38 USD;37.04 USD;0.47;2.94;3.47;3.46;4.07;19.18;59.63;39.95;42.8 USD;42.8;-5.28;2.13;0.704;LOW;1.68%;0.68 USD;03.06.2026;03.06.2026;38.59 USD;33867026432.0;Large Cap;13.87;22.4;1.03;-0.3%;-0.0;133.5%;1.33;6.95%;0.07;74.65;2.03 Mrd.;2027000064.0;2.82 Mrd.;2822000128.0;6;SOLID;8;GOOD;Forward KGV im gesunden Bereich | KGV nicht übertrieben | PEG Ratio attraktiv | Gewinnwachstum positiv | Gewinnmarge positiv | Free Cashflow positiv | Verschuldung wirkt moderat | Dividende vorhanden;Umsatzwachstum negativ;LOW RISK;NO;7;STRONG BUY;über EMA20, über EMA50, über EMA100, 1M positiv, fundamental solide
PNC;PNC Financial Services Group, I;USD;228.01 USD;228.01;220.71 USD;218.24 USD;214.95 USD;3.31;4.48;-0.16;5.53;3.98;8.19;20.66;71.32;240.63 USD;240.63;-5.24;1.4;0.918;LOW;2.98%;6.8 USD;14.04.2026;14.04.2026;213.87 USD;91562762240.0;Large Cap;10.84;13.24;1.75;13.8%;0.14;17.7%;0.18;31.31%;0.31;-;-;-;6.82 Mrd.;6821000192.0;6;SOLID;6;GOOD;Forward KGV im gesunden Bereich | KGV nicht übertrieben | PEG Ratio attraktiv | Umsatzwachstum positiv | Gewinnwachstum positiv | solide Gewinnmarge | Dividende vorhanden;-;LOW RISK;NO;7;STRONG BUY;über EMA20, über EMA50, über EMA100, 1M positiv, fundamental solide
SJM;The J.M. Smucker Company;USD;102.2 USD;102.2;101.09 USD;99.79 USD;100.0 USD;1.09;2.41;-1.29;1.58;3.92;-7.19;1.15;45.9;114.73 USD;114.73;-10.92;1.45;0.264;LOW;4.31%;4.4 USD;15.05.2026;15.05.2026;97.79 USD;10899458048.0;Large Cap;10.44;-;2.17;7.0%;0.07;-;-;-14.07%;-0.14;143.2;884.46 Mio.;884462528.0;1.29 Mrd.;1288300032.0;3;MIXED;6;OK;Forward KGV im gesunden Bereich | Umsatzwachstum positiv | Free Cashflow positiv | Dividende vorhanden;negative Gewinnmarge;LOW RISK;NO;7;STRONG BUY;über EMA20, über EMA50, über EMA100, 1M positiv
AMR;Alpha Metallurgical Resources, ;USD;200.9 USD;200.9;198.73 USD;195.18 USD;192.83 USD;1.09;2.93;-0.73;-6.72;3.86;18.84;25.13;58.68;249.65 USD;249.65;-19.53;3.93;0.617;LOW;0.0%;-;30.11.2023;30.11.2023;191.27 USD;2554304512.0;Mid Cap;7.2;-;-;-1.3%;-0.01;-;-;-1.83%;-0.02;0.81;60.4 Mio.;60398752.0;151.79 Mio.;151791008.0;3;MIXED;5;OK;Forward KGV im gesunden Bereich | Free Cashflow positiv | Verschuldung wirkt moderat;Umsatzwachstum negativ | negative Gewinnmarge;LOW RISK;NO;7;STRONG BUY;über EMA20, über EMA50, über EMA100, 1M positiv
AEHR;Aehr Test Systems;USD;94.65 USD;94.65;98.52 USD;84.82 USD;67.78 USD;-3.92;11.59;-3.85;1.11;3.72;133.77;313.52;55.84;116.58 USD;116.58;-18.81;8.5;3.183;LOW;0.0%;-;-;-;83.13 USD;2977207808.0;Mid Cap;631.03;-;0.9;-43.7%;-0.44;-;-;-25.23%;-0.25;7.22;-7.45 Mio.;-7451625.0;-7.44 Mio.;-7444000.0;2;WEAK;6;OK;PEG Ratio attraktiv | Verschuldung wirkt moderat;Forward KGV sehr hoch | Umsatzwachstum negativ | negative Gewinnmarge | Free Cashflow negativ;MEDIUM RISK;NO;7;STRONG BUY;über EMA50, über EMA100, 1M positiv, Fundamentaldaten schwach
MO;Altria Group, Inc.;USD;71.45 USD;71.45;71.0 USD;69.39 USD;67.04 USD;0.64;2.96;-1.03;4.08;3.49;8.46;26.05;39.73;74.55 USD;74.55;-4.16;2.02;0.501;LOW;5.93%;4.24 USD;15.06.2026;25.03.2026;68.01 USD;119313719296.0;Large Cap;12.16;14.92;1.65;5.3%;0.05;106.3%;1.06;39.52%;0.4;-;8.54 Mrd.;8542875136.0;8.89 Mrd.;8894000128.0;7;VERY SOLID;7;GOOD;Forward KGV im gesunden Bereich | KGV nicht übertrieben | PEG Ratio attraktiv | Umsatzwachstum positiv | Gewinnwachstum positiv | solide Gewinnmarge | Free Cashflow positiv | Dividende vorhanden;-;LOW RISK;NO;7;STRONG BUY;über EMA20, über EMA50, über EMA100, 1M positiv, fundamental solide
IREN;IREN LIMITED;USD;58.81 USD;58.81;58.66 USD;53.32 USD;49.6 USD;0.25;10.3;8.21;-9.98;3.45;46.57;21.38;58.46;76.41 USD;76.41;-23.03;7.28;4.232;LOW;0.0%;-;-;-;52.25 USD;21017440256.0;Large Cap;-62.56;76.38;3.11;-0.0%;-0.0;-;-;20.88%;0.21;148.8;-2.31 Mrd.;-2311044352.0;392.47 Mio.;392467008.0;1;WEAK;7;OK;solide Gewinnmarge;KGV sehr hoch | PEG Ratio hoch | Umsatzwachstum negativ | Free Cashflow negativ;MEDIUM RISK;NO;7;STRONG BUY;über EMA20, über EMA50, über EMA100, 1M positiv, Fundamentaldaten schwach
TSM;Taiwan Semiconductor Manufactur;USD;428.1 USD;428.1;418.04 USD;396.86 USD;372.5 USD;2.41;7.87;3.11;-1.73;3.37;21.32;48.46;61.78;446.69 USD;446.69;-4.16;2.65;1.25;LOW;0.89%;3.8 USD;11.06.2026;17.03.2026;388.93 USD;2220329533440.0;Mega Cap;21.92;36.68;1.29;35.1%;0.35;58.4%;0.58;46.51%;0.47;18.45;719.16 Mrd.;719158444032.0;2348.38 Mrd.;2348378226688.0;7;VERY SOLID;8;GOOD;Forward KGV im gesunden Bereich | PEG Ratio attraktiv | Umsatzwachstum positiv | Gewinnwachstum positiv | solide Gewinnmarge | Free Cashflow positiv | Verschuldung wirkt moderat | Dividende vorhanden;-;LOW RISK;NO;7;STRONG BUY;über EMA20, über EMA50, über EMA100, 1M positiv, fundamental solide
AES;The AES Corporation;USD;14.68 USD;14.68;14.61 USD;14.49 USD;14.38 USD;0.47;1.26;0.03;-0.17;2.69;4.47;8.07;65.59;17.07 USD;17.07;-14.03;0.3;0.946;NORMAL;4.77%;0.7 USD;01.05.2026;01.05.2026;14.2 USD;10465589248.0;Large Cap;6.14;7.64;0.81;8.7%;0.09;951.1%;9.51;10.82%;0.11;259.6;-2.96 Mrd.;-2964999936.0;4.96 Mrd.;4961999872.0;6;SOLID;8;GOOD;Forward KGV im gesunden Bereich | KGV nicht übertrieben | PEG Ratio attraktiv | Umsatzwachstum positiv | Gewinnwachstum positiv | solide Gewinnmarge | Dividende vorhanden;Free Cashflow negativ | Verschuldung hoch;LOW RISK;NO;7;STRONG BUY;über EMA20, über EMA50, über EMA100, 1M positiv, fundamental solide
BAC;Bank of America Corporation;USD;53.83 USD;53.83;51.99 USD;51.52 USD;51.37 USD;3.55;4.48;0.0;5.05;2.58;9.25;3.22;75.37;56.63 USD;56.63;-4.95;1.37;1.196;LOW;2.08%;1.12 USD;05.06.2026;05.06.2026;50.49 USD;382009507840.0;Mega Cap;10.66;13.36;0.96;8.1%;0.08;24.4%;0.24;28.96%;0.29;-;-;-;56.57 Mrd.;56567001088.0;6;SOLID;6;GOOD;Forward KGV im gesunden Bereich | KGV nicht übertrieben | PEG Ratio attraktiv | Umsatzwachstum positiv | Gewinnwachstum positiv | solide Gewinnmarge | Dividende vorhanden;-;LOW RISK;NO;7;WATCH - OVERBOUGHT;über EMA20, über EMA50, über EMA100, 1M positiv, kurzfristig heiß gelaufen, fundamental solide
XMAW.DE;Xtr.(IE)-MSCI AC World Sc.    R;EUR;48.8 EUR;48.8;48.63 EUR;47.24 EUR;45.99 EUR;0.34;3.31;-0.45;-1.47;2.4;10.49;13.34;66.53;49.83 EUR;49.83;-2.07;0.7;;NORMAL;0.0%;-;-;-;46.29 EUR;;UNKNOWN;-;24.34;-;-;-;-;-;-;-;-;-;-;-;-;1;UNKNOWN;1;LOW;KGV nicht übertrieben;Fundamentaldaten unvollständig;LOW RISK;NO;7;STRONG BUY;über EMA20, über EMA50, über EMA100, 1M positiv, Fundamentaldaten unvollständig
SCWX.DE;Scalable MSCI AC Wld XtrackersA;EUR;11.58 EUR;11.58;11.54 EUR;11.23 EUR;10.94 EUR;0.29;3.09;-0.4;-1.41;2.35;9.64;13.55;67.41;11.79 EUR;11.79;-1.83;0.64;;HIGH;0.0%;-;-;-;11.01 EUR;;UNKNOWN;-;-;-;-;-;-;-;-;-;-;-;-;-;-;0;UNKNOWN;0;LOW;-;Fundamentaldaten unvollständig;LOW RISK;NO;7;STRONG BUY;über EMA20, über EMA50, über EMA100, 1M positiv, hohes Volumen, Fundamentaldaten unvollständig
ADVANC.BK;ADVANC_ADVANCED INFO SERVICE;THB;358.0 THB;358.0;357.47 THB;355.71 THB;347.19 THB;0.15;0.64;-0.83;1.42;2.29;-1.92;23.1;35.14;380.0 THB;380.0;-5.79;1.16;0.037;LOW;4.7%;16.82 THB;27.02.2026;27.02.2026;348.59 THB;1064767127552.0;Mega Cap;19.17;20.96;1.37;3.4%;0.03;27.5%;0.28;22.26%;0.22;183.21;30.79 Mrd.;30792026112.0;118.66 Mrd.;118663217152.0;7;VERY SOLID;8;GOOD;Forward KGV im gesunden Bereich | KGV nicht übertrieben | PEG Ratio attraktiv | Umsatzwachstum positiv | Gewinnwachstum positiv | solide Gewinnmarge | Free Cashflow positiv | Dividende vorhanden;-;LOW RISK;NO;7;STRONG BUY;über EMA20, über EMA50, über EMA100, 1M positiv, fundamental solide
AFL;AFLAC Incorporated;USD;115.48 USD;115.48;115.04 USD;113.82 USD;112.33 USD;0.38;1.45;-2.33;3.01;2.18;4.54;5.56;42.0;118.24 USD;118.24;-2.33;1.18;0.61;LOW;2.11%;2.44 USD;20.05.2026;20.05.2026;111.55 USD;58777579520.0;Large Cap;15.19;13.2;1.18;27.9%;0.28;3860.0%;38.6;25.6%;0.26;48.28;4.92 Mrd.;4923125248.0;2.93 Mrd.;2934000128.0;8;VERY SOLID;8;GOOD;Forward KGV im gesunden Bereich | KGV nicht übertrieben | PEG Ratio attraktiv | Umsatzwachstum positiv | Gewinnwachstum positiv | solide Gewinnmarge | Free Cashflow positiv | Verschuldung wirkt moderat | Dividende vorhanden;-;LOW RISK;NO;7;STRONG BUY;über EMA20, über EMA50, über EMA100, 1M positiv, fundamental solide
BP.L;BP PLC $0.25;GBp;545.6 GBp;545.6;544.44 GBp;544.23 GBp;525.36 GBp;0.21;0.25;-0.07;1.81;1.52;10.69;20.56;38.4;606.21 GBp;606.21;-10.0;1.71;-0.239;LOW;0.05%;0.25 GBp;14.05.2026;14.05.2026;533.34 GBp;84297285632.0;Large Cap;10.54;36.37;0.05;11.6%;0.12;474.5%;4.75;1.66%;0.02;96.38;10.05 Mrd.;10053125120.0;24.52 Mrd.;24519000064.0;6;SOLID;8;GOOD;Forward KGV im gesunden Bereich | PEG Ratio attraktiv | Umsatzwachstum positiv | Gewinnwachstum positiv | Gewinnmarge positiv | Free Cashflow positiv | Verschuldung wirkt moderat | Dividende vorhanden;-;LOW RISK;NO;7;STRONG BUY;über EMA20, über EMA50, über EMA100, 1M positiv, fundamental solide
EA;Electronic Arts Inc.;USD;203.47 USD;203.47;201.94 USD;201.71 USD;200.83 USD;0.76;0.87;0.23;0.73;1.4;1.45;1.05;71.94;204.4 USD;204.4;-0.46;0.21;0.645;LOW;0.37%;0.76 USD;27.05.2026;27.05.2026;197.68 USD;51020406784.0;Large Cap;21.19;57.97;1.26;11.9%;0.12;85.3%;0.85;11.78%;0.12;27.41;2.22 Mrd.;2219124992.0;2.55 Mrd.;2552999936.0;7;VERY SOLID;8;GOOD;Forward KGV im gesunden Bereich | PEG Ratio attraktiv | Umsatzwachstum positiv | Gewinnwachstum positiv | solide Gewinnmarge | Free Cashflow positiv | Verschuldung wirkt moderat | Dividende vorhanden;KGV sehr hoch;LOW RISK;NO;7;STRONG BUY;über EMA20, über EMA50, über EMA100, 1M positiv, fundamental solide
KO;Coca-Cola Company (The);USD;79.52 USD;79.52;79.34 USD;78.45 USD;76.81 USD;0.23;1.37;0.05;1.12;1.39;3.94;10.63;43.09;81.92 USD;81.92;-2.93;1.34;0.354;LOW;2.67%;2.12 USD;15.06.2026;13.03.2026;76.88 USD;342133374976.0;Mega Cap;22.83;25.01;4.07;12.1%;0.12;18.2%;0.18;27.8%;0.28;124.94;3.12 Mrd.;3124250112.0;14.63 Mrd.;14631000064.0;6;SOLID;8;GOOD;Forward KGV im gesunden Bereich | KGV nicht übertrieben | Umsatzwachstum positiv | Gewinnwachstum positiv | solide Gewinnmarge | Free Cashflow positiv | Dividende vorhanden;PEG Ratio hoch;LOW RISK;NO;7;STRONG BUY;über EMA20, über EMA50, über EMA100, 1M positiv, fundamental solide
SAN.MC;BANCO SANTANDER S.A.;EUR;10.6 EUR;10.6;10.57 EUR;10.38 EUR;10.14 EUR;0.31;2.16;-0.69;-0.53;1.28;7.47;16.09;58.94;11.03 EUR;11.03;-3.91;1.8;0.95;NORMAL;2.36%;0.25 EUR;30.04.2026;30.04.2026;10.17 EUR;152643600384.0;Large Cap;8.74;12.05;3.44;4.6%;0.05;67.4%;0.67;34.1%;0.34;-;-;-;-15.42 Mrd.;-15418000384.0;5;SOLID;6;GOOD;Forward KGV im gesunden Bereich | KGV nicht übertrieben | Umsatzwachstum positiv | Gewinnwachstum positiv | solide Gewinnmarge | Dividende vorhanden;PEG Ratio hoch;LOW RISK;NO;7;STRONG BUY;über EMA20, über EMA50, über EMA100, 1M positiv, fundamental solide
SIE.DE;SIEMENS AG                    N;EUR;268.0 EUR;268.0;267.68 EUR;256.36 EUR;247.59 EUR;0.12;4.54;-0.3;-1.71;1.15;15.07;20.57;61.29;278.7 EUR;278.7;-3.84;2.06;1.29;NORMAL;2.0%;5.35 EUR;13.02.2026;13.02.2026;251.23 EUR;204415221760.0;Mega Cap;20.97;27.69;4.09;-0.0%;-0.0;-8.6%;-0.09;9.69%;0.1;76.35;-312.38 Mio.;-312375008.0;13.03 Mrd.;13027999744.0;3;MIXED;8;OK;Forward KGV im gesunden Bereich | KGV nicht übertrieben | Gewinnmarge positiv | Verschuldung wirkt moderat | Dividende vorhanden;PEG Ratio hoch | Umsatzwachstum negativ | Gewinnwachstum negativ | Free Cashflow negativ;LOW RISK;NO;7;STRONG BUY;über EMA20, über EMA50, über EMA100, 1M positiv
ROK;Rockwell Automation, Inc.;USD;451.96 USD;451.96;447.49 USD;428.0 USD;411.58 USD;1.0;5.6;1.18;-1.04;1.07;19.78;15.47;58.8;463.41 USD;463.41;-2.47;2.48;1.561;LOW;1.22%;5.52 USD;18.05.2026;18.05.2026;419.44 USD;50291376128.0;Large Cap;31.14;46.84;1.95;11.9%;0.12;39.6%;0.4;12.36%;0.12;113.37;974.5 Mio.;974499968.0;1.54 Mrd.;1535000064.0;5;SOLID;8;GOOD;PEG Ratio attraktiv | Umsatzwachstum positiv | Gewinnwachstum positiv | solide Gewinnmarge | Free Cashflow positiv | Dividende vorhanden;KGV sehr hoch;LOW RISK;NO;7;STRONG BUY;über EMA20, über EMA50, über EMA100, 1M positiv, fundamental solide
KHC;The Kraft Heinz Company;USD;23.38 USD;23.38;22.93 USD;22.74 USD;22.83 USD;1.98;2.82;3.54;0.74;0.69;-0.11;-3.96;54.94;27.12 USD;27.12;-13.79;1.62;0.076;LOW;6.84%;1.6 USD;05.06.2026;05.06.2026;22.28 USD;27723481088.0;Large Cap;11.19;-;0.99;0.8%;0.01;13.6%;0.14;-23.05%;-0.23;50.26;3.21 Mrd.;3212250112.0;4.75 Mrd.;4748000256.0;6;SOLID;7;GOOD;Forward KGV im gesunden Bereich | PEG Ratio attraktiv | Umsatzwachstum positiv | Gewinnwachstum positiv | Free Cashflow positiv | Verschuldung wirkt moderat | Dividende vorhanden;negative Gewinnmarge;LOW RISK;NO;7;STRONG BUY;über EMA20, über EMA50, über EMA100, 1M positiv, fundamental solide
SEMR;SEMrush Holdings, Inc.;USD;12.0 USD;12.0;11.96 USD;11.87 USD;11.46 USD;0.3;1.06;0.0;0.08;0.59;0.59;63.71;72.73;12.0 USD;12.0;0.0;0.08;1.503;HIGH;0.0%;-;-;-;11.64 USD;1814168832.0;Small Cap;22.97;-;-;14.6%;0.15;-;-;-4.27%;-0.04;4.31;74.49 Mio.;74494496.0;59.58 Mio.;59583000.0;4;MIXED;5;OK;Forward KGV im gesunden Bereich | Umsatzwachstum positiv | Free Cashflow positiv | Verschuldung wirkt moderat;negative Gewinnmarge;LOW RISK;NO;7;STRONG BUY;über EMA20, über EMA50, über EMA100, 1M positiv, hohes Volumen
CSGS;CSG Systems International, Inc.;USD;80.69 USD;80.69;80.43 USD;80.05 USD;78.79 USD;0.33;0.8;0.0;0.39;0.54;1.82;3.92;74.19;80.69 USD;80.69;0.0;0.1;0.816;LOW;1.69%;1.36 USD;18.03.2026;18.03.2026;78.45 USD;2300464128.0;Mid Cap;15.01;36.02;1.56;4.8%;0.05;45.6%;0.46;5.14%;0.05;195.48;179.9 Mio.;179904256.0;143.31 Mio.;143307008.0;5;SOLID;8;GOOD;Forward KGV im gesunden Bereich | PEG Ratio attraktiv | Umsatzwachstum positiv | Gewinnwachstum positiv | Gewinnmarge positiv | Free Cashflow positiv | Dividende vorhanden;-;LOW RISK;NO;7;STRONG BUY;über EMA20, über EMA50, über EMA100, 1M positiv, fundamental solide
EQIX;Equinix, Inc.;USD;1065.21 USD;1065.21;1070.46 USD;1045.33 USD;990.03 USD;-0.49;1.9;-1.46;1.37;0.35;12.33;43.43;52.75;1109.8 USD;1109.8;-4.02;1.11;0.97;LOW;1.85%;19.7 USD;20.05.2026;20.05.2026;1024.42 USD;105055535104.0;Large Cap;55.41;73.56;3.55;12.1%;0.12;20.0%;0.2;14.93%;0.15;162.96;2.73 Mrd.;2725125120.0;3.82 Mrd.;3819000064.0;4;MIXED;8;OK;Umsatzwachstum positiv | Gewinnwachstum positiv | solide Gewinnmarge | Free Cashflow positiv | Dividende vorhanden;Forward KGV sehr hoch | KGV sehr hoch | PEG Ratio hoch;LOW RISK;NO;7;STRONG BUY;über EMA50, über EMA100, 1M positiv
ABBN.SW;ABB LTD N;CHF;82.68 CHF;82.68;82.5 CHF;77.97 CHF;72.68 CHF;0.22;6.04;-0.51;-0.89;0.34;18.78;50.8;55.56;86.1 CHF;86.1;-3.97;1.61;1.023;NORMAL;1.14%;0.94 CHF;23.03.2026;23.03.2026;76.41 CHF;150076424192.0;Large Cap;30.44;39.37;3.24;18.3%;0.18;21.2%;0.21;14.34%;0.14;59.72;475.5 Mio.;475500000.0;5.81 Mrd.;5814000128.0;5;SOLID;8;GOOD;Umsatzwachstum positiv | Gewinnwachstum positiv | solide Gewinnmarge | Free Cashflow positiv | Verschuldung wirkt moderat | Dividende vorhanden;PEG Ratio hoch;LOW RISK;NO;7;STRONG BUY;über EMA20, über EMA50, über EMA100, 1M positiv, fundamental solide
DFTX;Definium Therapeutics, Inc.;USD;23.28 USD;23.28;22.88 USD;21.68 USD;19.79 USD;1.75;7.39;-1.15;-3.24;0.34;32.65;92.4;64.93;24.59 USD;24.59;-5.33;3.68;2.378;NORMAL;0.0%;-;-;-;21.24 USD;2539074816.0;Mid Cap;-14.73;-;-;-;-;-;-;0.0%;0.0;14.62;-45.63 Mio.;-45625376.0;-144.77 Mio.;-144772000.0;1;WEAK;4;OK;Verschuldung wirkt moderat;negative Gewinnmarge | Free Cashflow negativ;MEDIUM RISK;NO;7;STRONG BUY;über EMA20, über EMA50, über EMA100, 1M positiv, Fundamentaldaten schwach
ACLX;Arcellx, Inc.;USD;115.07 USD;115.07;114.51 USD;107.86 USD;98.19 USD;0.49;6.69;0.0;0.06;0.26;67.86;32.61;74.55;115.1 USD;115.1;-0.03;0.1;0.248;LOW;0.0%;-;-;-;105.7 USD;6732325376.0;Mid Cap;-77.74;-;-;-89.2%;-0.89;-;-;0.0%;0.0;12.9;-97.09 Mio.;-97093872.0;-210.26 Mio.;-210258000.0;1;WEAK;5;OK;Verschuldung wirkt moderat;Umsatzwachstum negativ | negative Gewinnmarge | Free Cashflow negativ;LOW RISK;NO;7;STRONG BUY;über EMA20, über EMA50, über EMA100, 1M positiv, Fundamentaldaten schwach
ALGM;Allegro MicroSystems, Inc.;USD;47.83 USD;47.83;47.72 USD;44.09 USD;40.22 USD;0.22;8.48;3.09;1.47;-0.22;45.9;85.22;59.99;53.62 USD;53.62;-10.81;5.29;1.978;LOW;0.0%;-;-;-;43.2 USD;8906086400.0;Mid Cap;32.48;-;-;26.1%;0.26;-;-;-1.67%;-0.02;31.98;149.96 Mio.;149962128.0;163.07 Mio.;163068992.0;3;MIXED;5;OK;Umsatzwachstum positiv | Free Cashflow positiv | Verschuldung wirkt moderat;negative Gewinnmarge;MEDIUM RISK;NO;7;STRONG BUY;über EMA20, über EMA50, über EMA100
TFC;Truist Financial Corporation;USD;49.06 USD;49.06;48.33 USD;48.32 USD;48.07 USD;1.52;1.54;-0.27;4.68;-0.31;2.28;8.31;61.31;54.68 USD;54.68;-10.26;1.65;0.884;LOW;4.24%;2.08 USD;08.05.2026;08.05.2026;47.36 USD;61129064448.0;Large Cap;9.57;12.14;1.16;5.2%;0.05;25.3%;0.25;29.62%;0.3;-;-;-;5.67 Mrd.;5672000000.0;6;SOLID;6;GOOD;Forward KGV im gesunden Bereich | KGV nicht übertrieben | PEG Ratio attraktiv | Umsatzwachstum positiv | Gewinnwachstum positiv | solide Gewinnmarge | Dividende vorhanden;-;LOW RISK;NO;7;STRONG BUY;über EMA20, über EMA50, über EMA100, fundamental solide
SWK;Stanley Black & Decker, Inc.;USD;79.03 USD;79.03;77.98 USD;76.92 USD;76.29 USD;1.34;2.74;0.69;1.09;-1.47;2.53;12.54;64.47;90.95 USD;90.95;-13.11;2.2;1.202;LOW;4.2%;3.32 USD;08.06.2026;10.03.2026;75.38 USD;12284876800.0;Large Cap;12.68;32.39;1.39;2.7%;0.03;-34.8%;-0.35;2.44%;0.02;77.61;842.19 Mio.;842187520.0;1.0 Mrd.;1002400000.0;5;SOLID;8;GOOD;Forward KGV im gesunden Bereich | PEG Ratio attraktiv | Umsatzwachstum positiv | Gewinnmarge positiv | Free Cashflow positiv | Verschuldung wirkt moderat | Dividende vorhanden;Gewinnwachstum negativ;LOW RISK;NO;7;STRONG BUY;über EMA20, über EMA50, über EMA100, fundamental solide
ONTO;Onto Innovation Inc.;USD;269.29 USD;269.29;268.45 USD;260.17 USD;238.03 USD;0.31;3.5;6.34;5.31;-1.78;36.77;91.71;56.08;307.86 USD;307.86;-12.53;3.94;1.625;LOW;0.0%;-;-;-;254.97 USD;13395445760.0;Large Cap;28.08;125.25;1.18;9.5%;0.1;-48.5%;-0.48;10.32%;0.1;-;197.24 Mio.;197242256.0;262.66 Mio.;262656992.0;4;MIXED;7;OK;PEG Ratio attraktiv | Umsatzwachstum positiv | solide Gewinnmarge | Free Cashflow positiv;KGV sehr hoch | Gewinnwachstum negativ;LOW RISK;NO;7;STRONG BUY;über EMA20, über EMA50, über EMA100
AIR;AAR Corp.;USD;115.22 USD;115.22;112.17 USD;111.61 USD;108.25 USD;2.72;3.24;-1.23;4.75;-2.21;4.07;38.85;68.98;125.99 USD;125.99;-8.55;2.79;1.14;LOW;0.0%;-;27.03.2020;27.03.2020;109.38 USD;4581639168.0;Mid Cap;20.4;25.32;2.4;24.6%;0.25;-;-;5.46%;0.05;59.61;27.9 Mio.;27900000.0;94.8 Mio.;94800000.0;5;SOLID;7;GOOD;Forward KGV im gesunden Bereich | KGV nicht übertrieben | Umsatzwachstum positiv | Gewinnmarge positiv | Free Cashflow positiv | Verschuldung wirkt moderat;-;LOW RISK;NO;7;STRONG BUY;über EMA20, über EMA50, über EMA100, fundamental solide
ACLS;Axcelis Technologies, Inc.;USD;154.92 USD;154.92;152.83 USD;138.55 USD;121.88 USD;1.37;11.82;5.27;2.99;-2.36;80.33;88.63;56.04;171.0 USD;171.0;-9.4;5.53;1.918;NORMAL;0.0%;-;-;-;135.78 USD;4761295360.0;Mid Cap;33.42;48.11;1.45;3.3%;0.03;-65.9%;-0.66;11.93%;0.12;6.75;49.11 Mio.;49110624.0;96.65 Mio.;96649000.0;5;SOLID;8;GOOD;PEG Ratio attraktiv | Umsatzwachstum positiv | solide Gewinnmarge | Free Cashflow positiv | Verschuldung wirkt moderat;KGV sehr hoch | Gewinnwachstum negativ;MEDIUM RISK;NO;7;STRONG BUY;über EMA20, über EMA50, über EMA100, fundamental solide
HOT.DE;HOCHTIEF AG                   I;EUR;494.2 EUR;494.2;487.32 EUR;465.81 EUR;427.4 EUR;1.41;6.09;-0.36;3.04;-9.98;24.89;70.72;69.64;549.0 EUR;549.0;-9.98;3.96;0.819;LOW;1.34%;6.6 EUR;30.04.2026;30.04.2026;456.5 EUR;37184405504.0;Large Cap;29.06;46.14;2.8;5.3%;0.05;-31.8%;-0.32;2.08%;0.02;532.6;1.46 Mrd.;1459335552.0;2.33 Mrd.;2325661952.0;2;WEAK;8;OK;Umsatzwachstum positiv | Gewinnmarge positiv | Free Cashflow positiv | Dividende vorhanden;KGV sehr hoch | Gewinnwachstum negativ | Verschuldung hoch;LOW RISK;NO;7;STRONG BUY;über EMA20, über EMA50, über EMA100, Fundamentaldaten schwach
0992.HK;LENOVO GROUP;HKD;24.56 HKD;24.56;19.79 HKD;15.48 HKD;13.09 HKD;24.13;58.65;-1.29;-2.69;95.54;159.35;154.89;87.12;26.58 HKD;26.58;-7.6;6.32;1.127;NORMAL;1.71%;0.42 HKD;05.08.2026;05.08.2026;15.17 HKD;304658415616.0;Mega Cap;14.54;22.53;1.58;27.1%;0.27;421.3%;4.21;2.3%;0.02;61.07;2.17 Mrd.;2171886080.0;4.02 Mrd.;4023705088.0;7;VERY SOLID;8;GOOD;Forward KGV im gesunden Bereich | KGV nicht übertrieben | PEG Ratio attraktiv | Umsatzwachstum positiv | Gewinnwachstum positiv | Gewinnmarge positiv | Free Cashflow positiv | Verschuldung wirkt moderat | Dividende vorhanden;-;HIGH RISK;NO;6;WATCH - OVERBOUGHT;über EMA20, über EMA50, über EMA100, 1M positiv, kurzfristig heiß gelaufen, hohes Risiko, fundamental solide
DELL;Dell Technologies Inc.;USD;400.03 USD;400.03;338.21 USD;268.05 USD;219.21 USD;18.28;49.24;1.43;-14.15;73.72;173.87;202.43;75.91;465.96 USD;465.96;-14.15;7.95;1.378;LOW;0.63%;2.52 USD;21.04.2026;21.04.2026;262.69 USD;259846782976.0;Mega Cap;18.91;31.9;0.65;87.5%;0.88;282.5%;2.83;6.28%;0.06;-;-128.12 Mio.;-128125000.0;12.47 Mrd.;12469999616.0;4;MIXED;7;OK;Forward KGV im gesunden Bereich | PEG Ratio attraktiv | Umsatzwachstum positiv | Gewinnwachstum positiv | Gewinnmarge positiv | Dividende vorhanden;Free Cashflow negativ;HIGH RISK;NO;6;WATCH - OVERBOUGHT;über EMA20, über EMA50, über EMA100, 1M positiv, kurzfristig heiß gelaufen, hohes Risiko
ARM;Arm Holdings plc;USD;348.59 USD;348.59;315.38 USD;249.66 USD;204.68 USD;10.53;39.62;1.65;-14.74;63.42;189.0;162.87;70.82;411.83 USD;411.83;-15.36;7.59;3.786;LOW;0.0%;-;-;-;244.67 USD;372321583104.0;Mega Cap;113.88;405.34;2.98;20.1%;0.2;47.9%;0.48;18.37%;0.18;5.93;750.5 Mio.;750499968.0;1.52 Mrd.;1524000000.0;5;SOLID;8;GOOD;Umsatzwachstum positiv | Gewinnwachstum positiv | solide Gewinnmarge | Free Cashflow positiv | Verschuldung wirkt moderat;Forward KGV sehr hoch | KGV sehr hoch;HIGH RISK;NO;6;BUY;über EMA20, über EMA50, über EMA100, 1M positiv, hohes Risiko, fundamental solide
285A.T;KIOXIA HOLDINGS CORPORATION;JPY;71880.0 JPY;71880.0;62747.45 JPY;47945.17 JPY;36126.71 JPY;14.55;49.92;-8.01;-0.86;61.56;234.09;563.41;73.65;78140.0 JPY;78140.0;-8.01;6.56;;NORMAL;0.0%;-;-;-;46986.27 JPY;39252670808064.0;Mega Cap;-;71.31;0.38;188.9%;1.89;1866.8%;18.67;23.72%;0.24;89.57;186.85 Mrd.;186846117888.0;616.54 Mrd.;616540012544.0;6;SOLID;7;GOOD;PEG Ratio attraktiv | Umsatzwachstum positiv | Gewinnwachstum positiv | solide Gewinnmarge | Free Cashflow positiv | Verschuldung wirkt moderat;KGV sehr hoch;MEDIUM RISK;NO;6;BUY;über EMA20, über EMA50, über EMA100, 1M positiv, fundamental solide
ENPH;Enphase Energy, Inc.;USD;56.63 USD;56.63;57.89 USD;49.19 USD;44.31 USD;-2.18;15.13;1.0;-11.15;59.66;37.62;103.56;55.94;72.33 USD;72.33;-21.71;7.92;1.572;LOW;0.0%;-;-;-;48.21 USD;7463733760.0;Mid Cap;23.4;56.07;1.48;-20.6%;-0.21;-;-;9.64%;0.1;55.53;91.61 Mio.;91614248.0;191.0 Mio.;190996992.0;4;MIXED;7;OK;Forward KGV im gesunden Bereich | PEG Ratio attraktiv | Gewinnmarge positiv | Free Cashflow positiv | Verschuldung wirkt moderat;KGV sehr hoch | Umsatzwachstum negativ;MEDIUM RISK;NO;6;BUY;über EMA50, über EMA100, 1M positiv
SNOW;Snowflake Inc.;USD;241.28 USD;241.28;208.9 USD;183.98 USD;182.99 USD;15.5;31.14;1.27;-13.88;56.96;35.97;-2.97;71.48;280.16 USD;280.16;-13.88;7.61;1.355;LOW;0.0%;-;-;-;180.3 USD;83627646976.0;Large Cap;89.89;-;6.16;33.5%;0.34;-;-;-23.79%;-0.24;142.91;1.74 Mrd.;1739497728.0;1.24 Mrd.;1236792064.0;2;WEAK;6;OK;Umsatzwachstum positiv | Free Cashflow positiv;Forward KGV sehr hoch | PEG Ratio hoch | negative Gewinnmarge;HIGH RISK;NO;6;WATCH - OVERBOUGHT;über EMA20, über EMA50, über EMA100, 1M positiv, kurzfristig heiß gelaufen, hohes Risiko, Fundamentaldaten schwach
NVTS;Navitas Semiconductor Corporati;USD;24.16 USD;24.16;24.67 USD;19.76 USD;15.82 USD;-2.06;22.28;-3.67;-2.82;53.01;169.64;189.69;56.97;31.79 USD;31.79;-24.0;11.12;3.762;LOW;0.0%;-;-;-;19.36 USD;5805030400.0;Mid Cap;-168.34;-;-;-38.7%;-0.39;-;-;0.0%;0.0;1.51;43.78 Mio.;43777500.0;-45.72 Mio.;-45720000.0;2;WEAK;5;OK;Free Cashflow positiv | Verschuldung wirkt moderat;Umsatzwachstum negativ | negative Gewinnmarge;MEDIUM RISK;NO;6;BUY;über EMA50, über EMA100, 1M positiv, Fundamentaldaten schwach
CXAI;CXApp Inc.;USD;0.23 USD;0.23;0.2 USD;0.19 USD;0.24 USD;19.2;20.85;-5.43;13.95;51.69;4.75;-49.33;62.14;1.12 USD;1.12;-79.14;14.73;;LOW;0.0%;-;-;-;0.19 USD;25482642.0;Micro Cap;-0.4;-;-;-22.4%;-0.22;-;-;0.0%;0.0;68.65;-7.72 Mio.;-7717125.0;-11.61 Mio.;-11612000.0;1;WEAK;5;OK;Verschuldung wirkt moderat;Umsatzwachstum negativ | negative Gewinnmarge | Free Cashflow negativ;MEDIUM RISK;YES;6;TURNAROUND;über EMA20, über EMA50, 1M positiv, mögliche Trendwende, kurzfristig heiß gelaufen, Fundamentaldaten schwach
NTAP;NetApp, Inc.;USD;170.57 USD;170.57;149.6 USD;129.32 USD;118.74 USD;14.01;31.89;2.11;-5.08;50.94;67.9;57.69;77.48;181.08 USD;181.08;-5.81;5.0;1.434;LOW;1.22%;2.08 USD;10.07.2026;02.04.2026;126.74 USD;33782163456.0;Large Cap;17.3;26.86;1.84;12.5%;0.12;23.4%;0.23;18.43%;0.18;202.29;1.3 Mrd.;1295250048.0;2.07 Mrd.;2067000064.0;7;VERY SOLID;8;GOOD;Forward KGV im gesunden Bereich | KGV nicht übertrieben | PEG Ratio attraktiv | Umsatzwachstum positiv | Gewinnwachstum positiv | solide Gewinnmarge | Free Cashflow positiv | Dividende vorhanden;Verschuldung hoch;HIGH RISK;NO;6;WATCH - OVERBOUGHT;über EMA20, über EMA50, über EMA100, 1M positiv, kurzfristig heiß gelaufen, hohes Risiko, fundamental solide
BB;BlackBerry Limited;USD;9.19 USD;9.19;8.24 USD;6.58 USD;5.5 USD;11.54;39.71;-2.34;-5.45;50.66;158.87;125.8;74.43;10.34 USD;10.34;-11.12;4.89;1.551;LOW;0.0%;-;-;-;6.45 USD;5385903616.0;Mid Cap;45.62;102.11;1.69;10.1%;0.1;-;-;9.69%;0.1;30.13;43.76 Mio.;43762500.0;50.3 Mio.;50300000.0;4;MIXED;7;OK;PEG Ratio attraktiv | Umsatzwachstum positiv | Gewinnmarge positiv | Free Cashflow positiv | Verschuldung wirkt moderat;Forward KGV sehr hoch | KGV sehr hoch;MEDIUM RISK;NO;6;BUY;über EMA20, über EMA50, über EMA100, 1M positiv
BTDR;Bitdeer Technologies Group;USD;18.38 USD;18.38;16.31 USD;13.98 USD;12.95 USD;12.72;31.47;5.21;-0.7;32.8;135.64;45.07;70.64;25.9 USD;25.9;-29.03;7.28;2.45;NORMAL;0.0%;-;-;-;13.7 USD;4472104448.0;Mid Cap;-90.39;-;-;169.4%;1.69;-;-;-26.96%;-0.27;277.86;-736.07 Mio.;-736072640.0;-1.8 Mrd.;-1800297984.0;1;WEAK;5;OK;Umsatzwachstum positiv;negative Gewinnmarge | Free Cashflow negativ | Verschuldung hoch;HIGH RISK;NO;6;BUY;über EMA20, über EMA50, über EMA100, 1M positiv, hohes Risiko, Fundamentaldaten schwach
SENS;Senseonics Holdings, Inc.;USD;7.11 USD;7.11;6.47 USD;6.42 USD;6.62 USD;9.91;10.79;6.67;4.02;32.74;16.54;17.8;77.82;11.68 USD;11.68;-39.08;6.56;0.971;LOW;0.0%;-;-;-;6.29 USD;371424064.0;Small Cap;-3.25;-;-;71.8%;0.72;-;-;-196.03%;-1.96;67.77;-46.5 Mio.;-46501000.0;-59.13 Mio.;-59129000.0;2;WEAK;5;OK;Umsatzwachstum positiv | Verschuldung wirkt moderat;negative Gewinnmarge | Free Cashflow negativ;HIGH RISK;NO;6;WATCH - OVERBOUGHT;über EMA20, über EMA50, über EMA100, 1M positiv, kurzfristig heiß gelaufen, hohes Risiko, Fundamentaldaten schwach
SMCI;Super Micro Computer, Inc.;USD;44.4 USD;44.4;39.71 USD;34.63 USD;33.26 USD;11.83;28.24;6.64;-5.28;32.08;37.73;35.26;71.73;60.71 USD;60.71;-26.86;6.74;1.869;LOW;0.0%;-;-;-;33.93 USD;26705987584.0;Large Cap;13.7;23.37;0.91;122.7%;1.23;326.0%;3.26;3.7%;0.04;120.8;-7.45 Mrd.;-7448383488.0;-6.69 Mrd.;-6693234176.0;5;SOLID;8;GOOD;Forward KGV im gesunden Bereich | KGV nicht übertrieben | PEG Ratio attraktiv | Umsatzwachstum positiv | Gewinnwachstum positiv | Gewinnmarge positiv;Free Cashflow negativ;HIGH RISK;NO;6;BUY;über EMA20, über EMA50, über EMA100, 1M positiv, hohes Risiko, fundamental solide
HIVE.V;HIVE DIGITAL TECHNOLOGIES LTD;CAD;5.25 CAD;5.25;5.34 CAD;4.46 CAD;4.13 CAD;-1.6;17.73;-13.51;-15.59;30.6;67.2;16.15;65.76;9.85 CAD;9.85;-46.7;7.23;3.442;NORMAL;0.0%;-;-;-;4.37 CAD;1038352704.0;Small Cap;4.44;-;-;218.6%;2.19;-;-;-48.63%;-0.49;3.23;96.32 Mio.;96322496.0;97.24 Mio.;97241000.0;4;MIXED;5;OK;Forward KGV im gesunden Bereich | Umsatzwachstum positiv | Free Cashflow positiv | Verschuldung wirkt moderat;negative Gewinnmarge;MEDIUM RISK;NO;6;BUY;über EMA50, über EMA100, 1M positiv
YPF;YPF Sociedad Anonima;USD;54.59 USD;54.59;50.59 USD;46.61 USD;43.15 USD;7.9;17.13;2.04;-0.27;27.55;51.72;51.39;77.45;55.31 USD;55.31;-1.3;2.77;-0.027;LOW;0.0%;-;09.07.2019;09.07.2019;45.67 USD;23033499648.0;Large Cap;9.68;-;0.1;42.8%;0.43;-;-;-1.82%;-0.02;92.45;-1393.64 Mrd.;-1393641914368.0;8208.99 Mrd.;8208986931200.0;4;MIXED;6;OK;Forward KGV im gesunden Bereich | PEG Ratio attraktiv | Umsatzwachstum positiv | Verschuldung wirkt moderat;negative Gewinnmarge | Free Cashflow negativ;LOW RISK;NO;6;WATCH - OVERBOUGHT;über EMA20, über EMA50, über EMA100, 1M positiv, kurzfristig heiß gelaufen
DPRO;Draganfly Inc.;USD;6.49 USD;6.49;6.48 USD;6.21 USD;6.41 USD;0.29;4.54;3.75;-14.09;24.43;-2.48;-11.15;62.91;13.77 USD;13.77;-52.83;5.89;;LOW;0.0%;-;-;-;6.09 USD;237041120.0;Micro Cap;-13.08;-;-;49.4%;0.49;-;-;-296.44%;-2.96;0.15;-24.08 Mio.;-24081570.0;-28.18 Mio.;-28182586.0;2;WEAK;5;OK;Umsatzwachstum positiv | Verschuldung wirkt moderat;negative Gewinnmarge | Free Cashflow negativ;LOW RISK;NO;6;BUY;über EMA20, über EMA50, über EMA100, 1M positiv, Fundamentaldaten schwach
RAMP;LiveRamp Holdings, Inc.;USD;37.49 USD;37.49;35.68 USD;32.51 USD;30.43 USD;5.07;15.33;0.19;-0.24;24.26;28.13;29.72;34.44;37.83 USD;37.83;-0.9;5.16;1.278;LOW;0.0%;-;19.08.2008;19.08.2008;31.86 USD;2252694016.0;Mid Cap;11.46;16.81;0.59;9.2%;0.09;-;-;17.95%;0.18;3.04;136.49 Mio.;136486128.0;168.93 Mio.;168931008.0;7;VERY SOLID;7;GOOD;Forward KGV im gesunden Bereich | KGV nicht übertrieben | PEG Ratio attraktiv | Umsatzwachstum positiv | solide Gewinnmarge | Free Cashflow positiv | Verschuldung wirkt moderat;-;LOW RISK;NO;6;BUY;über EMA20, über EMA50, über EMA100, 1M positiv, überverkauft, fundamental solide
MGM;MGM Resorts International;USD;47.27 USD;47.27;43.18 USD;40.28 USD;38.48 USD;9.48;17.36;-0.51;-6.75;24.04;27.31;35.91;76.57;50.69 USD;50.69;-6.75;3.82;1.311;LOW;0.0%;-;08.12.2022;08.12.2022;39.47 USD;12094062592.0;Large Cap;20.52;64.75;1.27;4.2%;0.04;-5.9%;-0.06;1.03%;0.01;951.19;528.36 Mio.;528360256.0;2.55 Mrd.;2550087936.0;4;MIXED;8;OK;Forward KGV im gesunden Bereich | PEG Ratio attraktiv | Umsatzwachstum positiv | Gewinnmarge positiv | Free Cashflow positiv;KGV sehr hoch | Gewinnwachstum negativ | Verschuldung hoch;HIGH RISK;NO;6;WATCH - OVERBOUGHT;über EMA20, über EMA50, über EMA100, 1M positiv, kurzfristig heiß gelaufen, hohes Risiko
NRGV;Energy Vault Holdings, Inc.;USD;5.13 USD;5.13;5.29 USD;4.75 USD;4.36 USD;-2.95;8.03;-6.22;-4.11;23.61;53.59;54.05;50.63;6.49 USD;6.49;-20.96;7.98;1.156;LOW;0.0%;-;-;-;4.65 USD;914403008.0;Small Cap;-37.54;-;-;156.4%;1.56;-;-;-52.97%;-0.53;323.27;-66.23 Mio.;-66226248.0;-56.72 Mio.;-56716000.0;1;WEAK;5;OK;Umsatzwachstum positiv;negative Gewinnmarge | Free Cashflow negativ | Verschuldung hoch;LOW RISK;NO;6;BUY;über EMA50, über EMA100, 1M positiv, Fundamentaldaten schwach
NOW;ServiceNow, Inc.;USD;114.8 USD;114.8;109.43 USD;105.3 USD;112.53 USD;4.91;9.02;2.09;-15.5;22.66;-4.64;-28.49;57.49;208.94 USD;208.94;-45.06;4.78;0.927;LOW;0.0%;-;-;-;103.19 USD;118394167296.0;Large Cap;22.84;68.33;1.09;22.1%;0.22;2.3%;0.02;12.59%;0.13;20.73;5.11 Mrd.;5108125184.0;5.44 Mrd.;5437000192.0;7;VERY SOLID;8;GOOD;Forward KGV im gesunden Bereich | PEG Ratio attraktiv | Umsatzwachstum positiv | Gewinnwachstum positiv | solide Gewinnmarge | Free Cashflow positiv | Verschuldung wirkt moderat;KGV sehr hoch;LOW RISK;YES;6;TURNAROUND;über EMA20, über EMA50, über EMA100, 1M positiv, mögliche Trendwende, fundamental solide
IBM;International Business Machines;USD;281.39 USD;281.39;269.67 USD;255.29 USD;256.99 USD;4.34;10.22;-1.21;-12.18;22.55;10.49;-5.98;68.16;329.23 USD;329.23;-14.53;4.22;0.665;LOW;2.4%;6.76 USD;08.05.2026;08.05.2026;250.19 USD;264474345472.0;Mega Cap;20.96;24.88;2.66;9.5%;0.1;14.2%;0.14;15.61%;0.16;211.17;13.08 Mrd.;13080750080.0;13.99 Mrd.;13991999488.0;6;SOLID;8;GOOD;Forward KGV im gesunden Bereich | KGV nicht übertrieben | Umsatzwachstum positiv | Gewinnwachstum positiv | solide Gewinnmarge | Free Cashflow positiv | Dividende vorhanden;Verschuldung hoch;LOW RISK;NO;6;BUY;über EMA20, über EMA50, über EMA100, 1M positiv, fundamental solide
SAIC;Science Applications Internatio;USD;114.21 USD;114.21;105.43 USD;100.28 USD;98.56 USD;8.33;13.89;-0.12;-0.76;21.35;22.75;34.25;81.96;119.29 USD;119.29;-4.25;2.5;0.293;LOW;1.3%;1.48 USD;10.07.2026;10.04.2026;98.28 USD;4828477952.0;Mid Cap;10.43;12.85;-;1.5%;0.01;83.8%;0.84;5.55%;0.06;187.98;418.12 Mio.;418124992.0;636.0 Mio.;636000000.0;5;SOLID;7;GOOD;Forward KGV im gesunden Bereich | KGV nicht übertrieben | Umsatzwachstum positiv | Gewinnwachstum positiv | Gewinnmarge positiv | Free Cashflow positiv | Dividende vorhanden;-;MEDIUM RISK;NO;6;WATCH - OVERBOUGHT;über EMA20, über EMA50, über EMA100, 1M positiv, kurzfristig heiß gelaufen, fundamental solide
RIVN;Rivian Automotive, Inc.;USD;17.19 USD;17.19;15.9 USD;15.59 USD;15.64 USD;8.11;10.25;5.14;1.42;21.23;13.17;6.24;72.38;22.45 USD;22.45;-23.43;3.97;1.624;LOW;0.0%;-;-;-;15.28 USD;23083874304.0;Large Cap;-9.09;-;-;11.4%;0.11;-;-;-63.62%;-0.64;118.15;-1.3 Mrd.;-1302749952.0;-1.29 Mrd.;-1294000000.0;1;WEAK;5;OK;Umsatzwachstum positiv;negative Gewinnmarge | Free Cashflow negativ;MEDIUM RISK;NO;6;BUY;über EMA20, über EMA50, über EMA100, 1M positiv, Fundamentaldaten schwach
ZAL.DE;Zalando SE                    I;EUR;24.01 EUR;24.01;22.43 EUR;21.87 EUR;22.12 EUR;7.03;9.79;-2.56;4.71;20.87;22.1;7.09;82.1;30.16 EUR;30.16;-20.39;2.17;1.548;NORMAL;0.0%;-;-;-;21.43 EUR;6198292992.0;Mid Cap;12.92;29.28;0.8;23.8%;0.24;-;-;0.91%;0.01;52.18;1.18 Mrd.;1178249984.0;831.1 Mio.;831100032.0;6;SOLID;7;GOOD;Forward KGV im gesunden Bereich | KGV nicht übertrieben | PEG Ratio attraktiv | Umsatzwachstum positiv | Gewinnmarge positiv | Free Cashflow positiv | Verschuldung wirkt moderat;-;MEDIUM RISK;NO;6;WATCH - OVERBOUGHT;über EMA20, über EMA50, über EMA100, 1M positiv, kurzfristig heiß gelaufen, fundamental solide
RGTI;Rigetti Computing, Inc.;USD;22.1 USD;22.1;22.25 USD;20.19 USD;20.06 USD;-0.66;9.49;6.87;-13.77;20.5;30.23;-13.57;60.58;56.34 USD;56.34;-60.77;9.11;1.902;LOW;0.0%;-;-;-;19.78 USD;7346014208.0;Mid Cap;-108.69;-;-;198.9%;1.99;-;-;0.0%;0.0;1.16;-6.21 Mio.;-6209875.0;-61.11 Mio.;-61108000.0;2;WEAK;5;OK;Umsatzwachstum positiv | Verschuldung wirkt moderat;negative Gewinnmarge | Free Cashflow negativ;MEDIUM RISK;NO;6;BUY;über EMA50, über EMA100, 1M positiv, Fundamentaldaten schwach
AMC;AMC Entertainment Holdings, Inc;USD;1.83 USD;1.83;1.69 USD;1.56 USD;1.57 USD;7.7;17.17;1.96;-13.92;20.07;50.83;-20.65;65.45;3.54 USD;3.54;-48.45;6.88;2.312;LOW;0.0%;-;06.03.2020;06.03.2020;1.53 USD;1376363392.0;Small Cap;-7.93;-;12.22;21.2%;0.21;-;-;-10.88%;-0.11;-;90.09 Mio.;90087504.0;121.7 Mio.;121700000.0;2;WEAK;5;OK;Umsatzwachstum positiv | Free Cashflow positiv;PEG Ratio hoch | negative Gewinnmarge;MEDIUM RISK;YES;6;TURNAROUND;über EMA20, über EMA50, über EMA100, 1M positiv, mögliche Trendwende, Fundamentaldaten schwach
VUZI;Vuzix Corporation;USD;3.41 USD;3.41;3.91 USD;3.41 USD;3.11 USD;-12.73;0.26;-6.44;-19.65;19.41;30.84;43.49;47.26;5.14 USD;5.14;-33.56;8.28;1.686;LOW;0.0%;-;-;-;3.34 USD;283985440.0;Micro Cap;-8.13;-;-;-12.0%;-0.12;-;-;0.0%;0.0;2.57;-12.74 Mio.;-12741930.0;-20.89 Mio.;-20890894.0;1;WEAK;5;OK;Verschuldung wirkt moderat;Umsatzwachstum negativ | negative Gewinnmarge | Free Cashflow negativ;MEDIUM RISK;NO;6;BUY;über EMA50, über EMA100, 1M positiv, Fundamentaldaten schwach
000660.KS;SK hynix;KRW;1911000.0 KRW;1911000.0;1979479.19 KRW;1618603.56 KRW;1301792.58 KRW;-3.46;18.06;-7.68;-18.09;19.38;103.55;235.59;53.89;2363000.0 KRW;2363000.0;-19.13;5.69;2.027;NORMAL;0.16%;3000.0 KRW;28.05.2026;28.05.2026;1586231.49 KRW;1356532671315968.0;Mega Cap;5.0;-;2.93;198.1%;1.98;396.6%;3.97;56.89%;0.57;13.28;25809.05 Mrd.;25809054072832.0;70679.58 Mrd.;70679575658496.0;6;SOLID;7;GOOD;Forward KGV im gesunden Bereich | Umsatzwachstum positiv | Gewinnwachstum positiv | solide Gewinnmarge | Free Cashflow positiv | Verschuldung wirkt moderat | Dividende vorhanden;-;MEDIUM RISK;NO;6;BUY;über EMA50, über EMA100, 1M positiv, fundamental solide
ESTC;Elastic N.V.;USD;61.58 USD;61.58;58.43 USD;55.32 USD;57.83 USD;5.4;11.32;-0.34;-9.52;19.29;16.14;-11.95;63.85;94.47 USD;94.47;-34.82;3.86;0.984;LOW;0.0%;-;-;-;54.21 USD;6373592064.0;Mid Cap;16.0;17.95;1.37;16.0%;0.16;-;-;21.14%;0.21;46.34;461.71 Mio.;461714368.0;326.89 Mio.;326894016.0;7;VERY SOLID;7;GOOD;Forward KGV im gesunden Bereich | KGV nicht übertrieben | PEG Ratio attraktiv | Umsatzwachstum positiv | solide Gewinnmarge | Free Cashflow positiv | Verschuldung wirkt moderat;-;LOW RISK;NO;6;BUY;über EMA20, über EMA50, über EMA100, 1M positiv, fundamental solide
CRDO;Credo Technology Group Holding ;USD;224.02 USD;224.02;206.7 USD;181.8 USD;162.89 USD;8.38;23.22;8.28;-0.92;18.98;95.24;36.59;74.47;236.03 USD;236.03;-5.09;6.22;3.229;NORMAL;0.0%;-;-;-;178.17 USD;41320476672.0;Large Cap;25.78;123.09;-;157.0%;1.57;341.6%;3.42;35.37%;0.35;1.0;-;-;-;-;4;MIXED;6;OK;Umsatzwachstum positiv | Gewinnwachstum positiv | solide Gewinnmarge | Verschuldung wirkt moderat;KGV sehr hoch;HIGH RISK;NO;6;BUY;über EMA20, über EMA50, über EMA100, 1M positiv, hohes Risiko
NOK;Nokia Corporation Sponsored;USD;14.64 USD;14.64;14.78 USD;12.81 USD;10.83 USD;-1.01;14.21;1.77;-9.94;18.5;86.43;140.71;54.8;16.85 USD;16.85;-13.15;5.57;0.781;NORMAL;1.09%;0.16 USD;28.04.2026;29.07.2025;12.56 USD;81700388864.0;Large Cap;30.07;91.47;1.38;2.4%;0.02;-;-;3.98%;0.04;15.63;1.6 Mrd.;1597124992.0;1.96 Mrd.;1964000000.0;4;MIXED;7;OK;PEG Ratio attraktiv | Umsatzwachstum positiv | Gewinnmarge positiv | Free Cashflow positiv | Verschuldung wirkt moderat | Dividende vorhanden;KGV sehr hoch;LOW RISK;NO;6;BUY;über EMA50, über EMA100, 1M positiv
SPOT;Spotify Technology S.A.;USD;503.91 USD;503.91;486.18 USD;483.54 USD;501.11 USD;3.65;4.21;1.4;-0.76;17.89;-8.73;-14.98;65.14;775.9 USD;775.9;-35.05;4.06;1.553;LOW;0.0%;-;-;-;473.87 USD;103538958336.0;Large Cap;27.59;33.66;1.68;8.2%;0.08;222.4%;2.22;15.45%;0.15;5.94;707.75 Mio.;707750016.0;3.23 Mrd.;3230000128.0;6;SOLID;8;GOOD;PEG Ratio attraktiv | Umsatzwachstum positiv | Gewinnwachstum positiv | solide Gewinnmarge | Free Cashflow positiv | Verschuldung wirkt moderat;-;LOW RISK;NO;6;BUY;über EMA20, über EMA50, über EMA100, 1M positiv, fundamental solide
F3C.DE;SFC Energy AG                 I;EUR;20.95 EUR;20.95;21.53 EUR;19.43 EUR;17.62 EUR;-2.7;7.8;1.95;-5.42;16.52;40.23;63.42;46.33;24.55 EUR;24.55;-14.66;3.35;1.26;NORMAL;0.0%;-;-;-;19.04 EUR;364487616.0;Small Cap;21.13;698.33;0.82;-11.7%;-0.12;-23.1%;-0.23;-0.81%;-0.01;11.26;-1.64 Mio.;-1635033.0;-3.02 Mio.;-3022261.0;3;MIXED;8;OK;Forward KGV im gesunden Bereich | PEG Ratio attraktiv | Verschuldung wirkt moderat;KGV sehr hoch | Umsatzwachstum negativ | Gewinnwachstum negativ | negative Gewinnmarge | Free Cashflow negativ;LOW RISK;NO;6;BUY;über EMA50, über EMA100, 1M positiv
TSEM;Tower Semiconductor Ltd.;USD;243.61 USD;243.61;253.61 USD;227.62 USD;194.1 USD;-3.94;7.03;3.45;-3.53;16.0;102.1;135.46;48.47;288.53 USD;288.53;-15.57;6.49;0.872;LOW;0.0%;-;24.09.1997;24.09.1997;223.06 USD;28986916864.0;Large Cap;42.46;112.78;6.78;15.5%;0.15;62.9%;0.63;15.13%;0.15;5.24;128.95 Mio.;128945128.0;811.53 Mio.;811529024.0;5;SOLID;8;GOOD;Umsatzwachstum positiv | Gewinnwachstum positiv | solide Gewinnmarge | Free Cashflow positiv | Verschuldung wirkt moderat;Forward KGV sehr hoch | KGV sehr hoch | PEG Ratio hoch;LOW RISK;NO;6;BUY;über EMA50, über EMA100, 1M positiv, fundamental solide
MDA.TO;MDA SPACE LTD;CAD;54.02 CAD;54.02;55.55 CAD;50.27 CAD;45.1 CAD;-2.76;7.45;0.95;-7.78;15.75;29.82;123.41;50.85;67.13 CAD;67.13;-19.53;4.1;;LOW;0.0%;-;-;-;49.27 CAD;7495327744.0;Mid Cap;33.03;67.53;-;0.2%;0.0;1.4%;0.01;2.24%;0.02;-;-;-;-;-;2;WEAK;5;OK;Umsatzwachstum positiv | Gewinnwachstum positiv | Gewinnmarge positiv;KGV sehr hoch;LOW RISK;NO;6;BUY;über EMA50, über EMA100, 1M positiv, Fundamentaldaten schwach
PDYN;Palladyne AI Corp.;USD;7.11 USD;7.11;7.28 USD;6.91 USD;6.79 USD;-2.32;2.92;3.48;-17.34;15.59;-28.63;29.25;57.36;12.68 USD;12.68;-43.94;6.21;3.59;NORMAL;0.0%;-;-;-;6.77 USD;335854464.0;Small Cap;-9.65;-;-;106.9%;1.07;-;-;0.0%;0.0;15.06;-17.76 Mio.;-17763000.0;-30.36 Mio.;-30360000.0;2;WEAK;5;OK;Umsatzwachstum positiv | Verschuldung wirkt moderat;negative Gewinnmarge | Free Cashflow negativ;MEDIUM RISK;NO;6;BUY;über EMA50, über EMA100, 1M positiv, Fundamentaldaten schwach
AMPX;Amprius Technologies, Inc.;USD;18.6 USD;18.6;19.37 USD;18.34 USD;16.61 USD;-3.97;1.4;-5.54;-14.48;15.46;24.92;72.06;58.02;22.91 USD;22.91;-18.81;8.44;2.135;LOW;0.0%;-;-;-;17.98 USD;2634265344.0;Mid Cap;320.69;-;-;152.9%;1.53;-;-;-43.98%;-0.44;6.0;-35.26 Mio.;-35260248.0;-54.28 Mio.;-54283000.0;2;WEAK;5;OK;Umsatzwachstum positiv | Verschuldung wirkt moderat;Forward KGV sehr hoch | negative Gewinnmarge | Free Cashflow negativ;MEDIUM RISK;NO;6;BUY;über EMA50, über EMA100, 1M positiv, Fundamentaldaten schwach
LTRX;Lantronix, Inc.;USD;6.72 USD;6.72;7.0 USD;6.61 USD;6.27 USD;-4.03;1.59;2.36;-11.41;15.18;13.43;35.66;54.03;8.45 USD;8.45;-20.53;6.17;1.659;LOW;0.0%;-;-;-;6.48 USD;299546720.0;Micro Cap;20.98;-;0.91;5.9%;0.06;-;-;-5.52%;-0.06;22.66;11.64 Mio.;11643125.0;9.0 Mio.;9002000.0;5;SOLID;6;GOOD;Forward KGV im gesunden Bereich | PEG Ratio attraktiv | Umsatzwachstum positiv | Free Cashflow positiv | Verschuldung wirkt moderat;negative Gewinnmarge;MEDIUM RISK;NO;6;BUY;über EMA50, über EMA100, 1M positiv, fundamental solide
VRNS;Varonis Systems, Inc.;USD;32.9 USD;32.9;31.38 USD;28.8 USD;29.18 USD;4.83;14.24;0.64;-8.89;14.71;38.06;1.7;65.3;63.31 USD;63.31;-48.03;3.23;0.87;LOW;0.0%;-;-;-;28.22 USD;3864030464.0;Mid Cap;86.08;-;7.38;26.9%;0.27;-;-;-19.75%;-0.2;115.14;179.44 Mio.;179435120.0;134.47 Mio.;134472992.0;2;WEAK;6;OK;Umsatzwachstum positiv | Free Cashflow positiv;Forward KGV sehr hoch | PEG Ratio hoch | negative Gewinnmarge;LOW RISK;NO;6;BUY;über EMA20, über EMA50, über EMA100, 1M positiv, Fundamentaldaten schwach
STX;Seagate Technology Holdings PLC;USD;878.84 USD;878.84;835.7 USD;710.78 USD;584.88 USD;5.16;23.64;3.7;-4.6;14.67;139.66;224.18;70.22;940.69 USD;940.69;-6.57;4.18;2.083;LOW;0.34%;2.96 USD;24.06.2026;25.03.2026;696.57 USD;197061410816.0;Large Cap;33.08;83.62;0.59;44.1%;0.44;108.3%;1.08;21.6%;0.22;381.55;1.61 Mrd.;1610000000.0;2.88 Mrd.;2876999936.0;5;SOLID;8;GOOD;PEG Ratio attraktiv | Umsatzwachstum positiv | Gewinnwachstum positiv | solide Gewinnmarge | Free Cashflow positiv | Dividende vorhanden;KGV sehr hoch | Verschuldung hoch;MEDIUM RISK;NO;6;BUY;über EMA20, über EMA50, über EMA100, 1M positiv, fundamental solide
NTNX;Nutanix, Inc.;USD;52.05 USD;52.05;49.55 USD;45.93 USD;45.98 USD;5.04;13.32;-2.96;-6.84;13.32;28.87;7.67;59.43;81.12 USD;81.12;-35.84;3.35;0.605;LOW;0.0%;-;-;-;45.01 USD;14070182912.0;Large Cap;23.77;54.79;1.18;10.0%;0.1;17.2%;0.17;10.03%;0.1;-;631.74 Mio.;631740864.0;821.2 Mio.;821203968.0;6;SOLID;7;GOOD;Forward KGV im gesunden Bereich | PEG Ratio attraktiv | Umsatzwachstum positiv | Gewinnwachstum positiv | solide Gewinnmarge | Free Cashflow positiv;KGV sehr hoch;LOW RISK;NO;6;BUY;über EMA20, über EMA50, über EMA100, 1M positiv, fundamental solide
KSS;Kohl's Corporation;USD;16.22 USD;16.22;14.45 USD;14.3 USD;14.96 USD;12.25;13.37;4.88;8.83;13.0;4.51;-31.68;74.08;24.34 USD;24.34;-33.37;5.4;1.479;LOW;3.08%;0.5 USD;10.06.2026;18.03.2026;14.02 USD;1838780928.0;Small Cap;10.87;6.81;1.83;-2.0%;-0.02;-;-;1.77%;0.02;162.35;807.12 Mio.;807124992.0;1.4 Mrd.;1398000000.0;4;MIXED;7;OK;Forward KGV im gesunden Bereich | KGV nicht übertrieben | PEG Ratio attraktiv | Gewinnmarge positiv | Free Cashflow positiv | Dividende vorhanden;Umsatzwachstum negativ;HIGH RISK;YES;6;TURNAROUND;über EMA20, über EMA50, über EMA100, 1M positiv, mögliche Trendwende, hohes Risiko
QNC.V;QUANTUM EMOTION CORP;CAD;4.26 CAD;4.26;4.31 CAD;4.1 CAD;3.98 CAD;-1.15;3.8;-0.7;-2.96;13.0;-4.48;27.93;59.93;6.08 CAD;6.08;-29.93;5.68;;LOW;0.0%;-;-;-;4.02 CAD;934514816.0;Small Cap;-85.2;-;-;-;-;-;-;0.0%;0.0;0.11;-1.82 Mio.;-1822870.0;-5.46 Mio.;-5456284.0;1;WEAK;4;OK;Verschuldung wirkt moderat;negative Gewinnmarge | Free Cashflow negativ;LOW RISK;NO;6;BUY;über EMA50, über EMA100, 1M positiv, Fundamentaldaten schwach
IOT;Samsara Inc.;USD;33.93 USD;33.93;32.91 USD;31.54 USD;31.73 USD;3.1;7.58;-2.5;-11.98;12.69;14.71;-9.16;59.64;45.22 USD;45.22;-24.97;4.14;1.339;NORMAL;0.0%;-;-;-;30.91 USD;19771353088.0;Large Cap;37.97;339.3;-;30.5%;0.3;-;-;3.32%;0.03;4.58;242.09 Mio.;242091248.0;265.01 Mio.;265011008.0;3;MIXED;6;OK;Umsatzwachstum positiv | Gewinnmarge positiv | Free Cashflow positiv | Verschuldung wirkt moderat;KGV sehr hoch;LOW RISK;NO;6;BUY;über EMA20, über EMA50, über EMA100, 1M positiv
HEI;Heico Corporation;USD;325.14 USD;325.14;315.38 USD;303.67 USD;304.58 USD;3.1;7.07;-1.9;-2.43;12.27;5.79;3.17;67.81;358.04 USD;358.04;-9.19;2.95;1.035;LOW;0.07%;0.24 USD;05.01.2026;05.01.2026;297.59 USD;45409513472.0;Large Cap;47.64;58.06;3.03;25.3%;0.25;48.2%;0.48;16.08%;0.16;47.99;708.16 Mio.;708155008.0;997.11 Mio.;997107008.0;5;SOLID;8;GOOD;Umsatzwachstum positiv | Gewinnwachstum positiv | solide Gewinnmarge | Free Cashflow positiv | Verschuldung wirkt moderat | Dividende vorhanden;Forward KGV sehr hoch | KGV sehr hoch | PEG Ratio hoch;LOW RISK;NO;6;BUY;über EMA20, über EMA50, über EMA100, 1M positiv, fundamental solide
AISP;Airship AI Holdings, Inc;USD;2.83 USD;2.83;2.73 USD;2.61 USD;2.76 USD;3.59;8.21;2.36;-5.2;12.1;2.73;-22.6;61.48;6.98 USD;6.98;-59.53;5.66;0.503;LOW;0.0%;-;-;-;2.56 USD;97291760.0;Micro Cap;70.62;21.73;-;15.5%;0.15;-;-;30.25%;0.3;-;-3.2 Mio.;-3201177.0;-5.09 Mio.;-5092496.0;3;MIXED;5;OK;KGV nicht übertrieben | Umsatzwachstum positiv | solide Gewinnmarge;Forward KGV sehr hoch | Free Cashflow negativ;LOW RISK;YES;6;TURNAROUND;über EMA20, über EMA50, über EMA100, 1M positiv, mögliche Trendwende
ADS.DE;adidas AG                     N;EUR;164.55 EUR;164.55;157.23 EUR;150.19 EUR;149.59 EUR;4.65;9.56;1.92;-0.27;12.05;18.22;8.71;74.72;209.57 EUR;209.57;-21.48;2.51;1.202;NORMAL;1.7%;2.8 EUR;08.05.2026;08.05.2026;147.18 EUR;29182767104.0;Large Cap;14.08;21.31;0.88;7.1%;0.07;13.3%;0.13;5.52%;0.06;93.75;-;-;-;-;6;SOLID;7;GOOD;Forward KGV im gesunden Bereich | KGV nicht übertrieben | PEG Ratio attraktiv | Umsatzwachstum positiv | Gewinnwachstum positiv | Gewinnmarge positiv | Verschuldung wirkt moderat | Dividende vorhanden;-;LOW RISK;NO;6;BUY;über EMA20, über EMA50, über EMA100, 1M positiv, fundamental solide
AXON;Axon Enterprise, Inc.;USD;476.4 USD;476.4;441.34 USD;433.56 USD;463.89 USD;7.95;9.88;-2.0;-0.1;11.6;-16.49;-10.65;68.49;870.97 USD;870.97;-45.3;4.08;1.422;LOW;0.0%;-;-;-;424.89 USD;38398828544.0;Large Cap;45.06;192.1;1.64;33.7%;0.34;89.8%;0.9;6.91%;0.07;52.07;62.62 Mio.;62617500.0;154.03 Mio.;154028000.0;5;SOLID;8;GOOD;PEG Ratio attraktiv | Umsatzwachstum positiv | Gewinnwachstum positiv | Gewinnmarge positiv | Free Cashflow positiv | Verschuldung wirkt moderat;Forward KGV sehr hoch | KGV sehr hoch;LOW RISK;NO;6;BUY;über EMA20, über EMA50, über EMA100, 1M positiv, fundamental solide
005930.KS;SamsungElec;KRW;295500.0 KRW;295500.0;300103.87 KRW;259433.23 KRW;219836.41 KRW;-1.53;13.9;-10.18;-6.78;11.09;51.77;195.78;56.41;360500.0 KRW;360500.0;-18.03;5.22;1.487;NORMAL;0.5%;1488.0 KRW;30.03.2026;30.03.2026;254244.56 KRW;1940419516563456.0;Mega Cap;5.21;-;0.19;69.2%;0.69;492.1%;4.92;21.46%;0.21;5.78;67568.2 Mrd.;67568203202560.0;109008.38 Mrd.;109008383901696.0;7;VERY SOLID;7;GOOD;Forward KGV im gesunden Bereich | PEG Ratio attraktiv | Umsatzwachstum positiv | Gewinnwachstum positiv | solide Gewinnmarge | Free Cashflow positiv | Verschuldung wirkt moderat | Dividende vorhanden;-;MEDIUM RISK;NO;6;BUY;über EMA50, über EMA100, 1M positiv, fundamental solide
ANET;Arista Networks, Inc.;USD;156.62 USD;156.62;157.82 USD;152.78 USD;147.15 USD;-0.76;2.51;1.52;-8.24;10.49;12.35;22.69;61.15;177.73 USD;177.73;-11.88;4.18;1.611;LOW;0.0%;-;-;-;149.72 USD;197211111424.0;Large Cap;35.2;53.64;1.98;35.1%;0.35;25.0%;0.25;38.32%;0.38;-;4.36 Mrd.;4362237440.0;5.42 Mrd.;5423699968.0;5;SOLID;7;GOOD;PEG Ratio attraktiv | Umsatzwachstum positiv | Gewinnwachstum positiv | solide Gewinnmarge | Free Cashflow positiv;KGV sehr hoch;LOW RISK;NO;6;BUY;über EMA50, über EMA100, 1M positiv, fundamental solide
SHA0.DE;Schaeffler AG                 N;EUR;9.68 EUR;9.68;9.75 EUR;9.08 EUR;8.62 EUR;-0.72;6.56;-0.31;-7.1;10.25;22.38;56.32;58.5;11.47 EUR;11.47;-15.6;3.95;1.595;LOW;3.1%;0.3 EUR;24.04.2026;24.04.2026;8.9 EUR;9146483712.0;Mid Cap;13.9;-;-;-2.7%;-0.03;-33.3%;-0.33;-1.92%;-0.02;247.99;678.77 Mio.;678774976.0;1.29 Mrd.;1291000064.0;2;WEAK;6;OK;Forward KGV im gesunden Bereich | Free Cashflow positiv | Dividende vorhanden;Umsatzwachstum negativ | Gewinnwachstum negativ | negative Gewinnmarge | Verschuldung hoch;LOW RISK;NO;6;BUY;über EMA50, über EMA100, 1M positiv, Fundamentaldaten schwach
UPS;United Parcel Service, Inc.;USD;107.84 USD;107.84;104.56 USD;102.59 USD;101.31 USD;3.13;5.12;-0.64;-1.08;9.55;5.37;16.22;82.38;116.39 USD;116.39;-7.34;2.54;1.037;LOW;6.08%;6.56 USD;18.05.2026;18.05.2026;100.54 USD;91664670720.0;Large Cap;13.48;17.45;1.71;-1.6%;-0.02;-27.2%;-0.27;5.94%;0.06;181.51;4.63 Mrd.;4625500160.0;8.36 Mrd.;8355999744.0;4;MIXED;8;OK;Forward KGV im gesunden Bereich | KGV nicht übertrieben | PEG Ratio attraktiv | Gewinnmarge positiv | Free Cashflow positiv | Dividende vorhanden;Umsatzwachstum negativ | Gewinnwachstum negativ;LOW RISK;NO;6;WATCH - OVERBOUGHT;über EMA20, über EMA50, über EMA100, 1M positiv, kurzfristig heiß gelaufen
AI;C3.ai, Inc.;USD;10.49 USD;10.49;10.04 USD;9.7 USD;10.41 USD;4.54;8.18;0.58;-10.71;9.51;11.73;-25.91;69.51;29.16 USD;29.16;-64.02;3.59;2.033;LOW;0.0%;-;-;-;9.5 USD;1524250112.0;Small Cap;-23.15;-;-;-52.5%;-0.53;-;-;-187.95%;-1.88;8.32;-20.9 Mio.;-20899750.0;-190.23 Mio.;-190228000.0;1;WEAK;5;OK;Verschuldung wirkt moderat;Umsatzwachstum negativ | negative Gewinnmarge | Free Cashflow negativ;MEDIUM RISK;YES;6;TURNAROUND;über EMA20, über EMA50, über EMA100, 1M positiv, mögliche Trendwende, Fundamentaldaten schwach
FDX;FedEx Corporation;USD;331.61 USD;331.61;321.38 USD;310.08 USD;293.3 USD;3.18;6.94;0.19;-2.03;9.47;10.67;50.57;77.01;338.49 USD;338.49;-2.03;2.47;1.299;LOW;1.75%;5.8 USD;09.03.2026;09.03.2026;303.88 USD;79125577728.0;Large Cap;15.08;17.71;1.4;8.3%;0.08;17.3%;0.17;4.88%;0.05;140.99;894.0 Mio.;894000000.0;8.18 Mrd.;8178999808.0;6;SOLID;8;GOOD;Forward KGV im gesunden Bereich | KGV nicht übertrieben | PEG Ratio attraktiv | Umsatzwachstum positiv | Gewinnwachstum positiv | Gewinnmarge positiv | Free Cashflow positiv | Dividende vorhanden;-;LOW RISK;NO;6;WATCH - OVERBOUGHT;über EMA20, über EMA50, über EMA100, 1M positiv, kurzfristig heiß gelaufen, fundamental solide
6481.T;THK CO LTD;JPY;7069.0 JPY;7069.0;7248.0 JPY;6511.28 JPY;5804.04 JPY;-2.47;8.57;-7.1;-8.87;8.97;26.75;92.92;49.07;7929.0 JPY;7929.0;-10.85;3.82;0.776;NORMAL;2.6%;184.0 JPY;29.06.2026;29.12.2026;6381.06 JPY;792249761792.0;Mega Cap;36.13;78.73;4.23;-18.7%;-0.19;1356.0%;13.56;-25.74%;-0.26;55.4;19.99 Mrd.;19988500480.0;38.96 Mrd.;38964998144.0;3;MIXED;8;OK;Gewinnwachstum positiv | Free Cashflow positiv | Verschuldung wirkt moderat | Dividende vorhanden;KGV sehr hoch | PEG Ratio hoch | Umsatzwachstum negativ | negative Gewinnmarge;LOW RISK;NO;6;BUY;über EMA50, über EMA100, 1M positiv
ASYS;Amtech Systems, Inc.;USD;19.78 USD;19.78;20.41 USD;18.46 USD;16.21 USD;-3.08;7.17;6.98;-4.21;8.62;42.61;155.56;49.1;22.82 USD;22.82;-13.32;6.43;;LOW;0.0%;-;-;-;18.09 USD;345835520.0;Small Cap;24.73;109.89;0.37;31.4%;0.31;-;-;3.1%;0.03;33.49;10.99 Mio.;10993000.0;11.0 Mio.;10996000.0;5;SOLID;7;GOOD;Forward KGV im gesunden Bereich | PEG Ratio attraktiv | Umsatzwachstum positiv | Gewinnmarge positiv | Free Cashflow positiv | Verschuldung wirkt moderat;KGV sehr hoch;LOW RISK;NO;6;BUY;über EMA50, über EMA100, 1M positiv, fundamental solide
QCOM;QUALCOMM Incorporated;USD;218.99 USD;218.99;219.88 USD;192.09 USD;174.71 USD;-0.4;14.0;1.41;-4.01;8.52;60.44;34.64;54.65;250.1 USD;250.1;-12.44;6.41;1.596;LOW;1.68%;3.68 USD;04.06.2026;04.06.2026;188.25 USD;230815465472.0;Mega Cap;20.53;23.52;0.91;-3.5%;-0.04;173.0%;1.73;22.31%;0.22;55.98;9.59 Mrd.;9589624832.0;14.28 Mrd.;14284999680.0;7;VERY SOLID;8;GOOD;Forward KGV im gesunden Bereich | KGV nicht übertrieben | PEG Ratio attraktiv | Gewinnwachstum positiv | solide Gewinnmarge | Free Cashflow positiv | Verschuldung wirkt moderat | Dividende vorhanden;Umsatzwachstum negativ;MEDIUM RISK;NO;6;BUY;über EMA50, über EMA100, 1M positiv, fundamental solide
U;Unity Software Inc.;USD;28.97 USD;28.97;28.36 USD;26.9 USD;27.82 USD;2.17;7.71;-0.69;-9.95;8.38;39.75;-31.79;58.5;49.47 USD;49.47;-41.44;3.11;2.046;LOW;0.0%;-;-;-;26.36 USD;12646418432.0;Large Cap;21.69;-;-;16.8%;0.17;-;-;-34.99%;-0.35;71.56;600.42 Mio.;600423232.0;481.22 Mio.;481215008.0;4;MIXED;5;OK;Forward KGV im gesunden Bereich | Umsatzwachstum positiv | Free Cashflow positiv | Verschuldung wirkt moderat;negative Gewinnmarge;MEDIUM RISK;YES;6;TURNAROUND;über EMA20, über EMA50, über EMA100, 1M positiv, mögliche Trendwende
SIMO;Silicon Motion Technology Corpo;USD;262.27 USD;262.27;264.33 USD;221.16 USD;181.54 USD;-0.78;18.59;1.38;-2.16;8.06;112.35;201.22;56.91;306.57 USD;306.57;-14.45;9.49;1.726;LOW;0.76%;2.0 USD;06.08.2026;07.05.2026;216.73 USD;8892838912.0;Mid Cap;27.12;51.93;0.7;105.5%;1.05;238.7%;2.39;16.02%;0.16;-;-125.36 Mio.;-125356128.0;-20.07 Mio.;-20071000.0;4;MIXED;7;OK;PEG Ratio attraktiv | Umsatzwachstum positiv | Gewinnwachstum positiv | solide Gewinnmarge | Dividende vorhanden;KGV sehr hoch | Free Cashflow negativ;MEDIUM RISK;NO;6;BUY;über EMA50, über EMA100, 1M positiv
SDGR;Schrodinger, Inc.;USD;14.35 USD;14.35;13.9 USD;13.25 USD;13.68 USD;3.2;8.34;-0.21;-9.18;8.06;10.13;-17.62;65.42;26.69 USD;26.69;-46.23;3.87;1.64;LOW;0.0%;-;-;-;12.98 USD;1072242368.0;Small Cap;-9.17;-;-;-1.6%;-0.02;-;-;-40.6%;-0.41;34.13;-49.42 Mio.;-49420624.0;-145.0 Mio.;-144998000.0;1;WEAK;5;OK;Verschuldung wirkt moderat;Umsatzwachstum negativ | negative Gewinnmarge | Free Cashflow negativ;LOW RISK;YES;6;TURNAROUND;über EMA20, über EMA50, über EMA100, 1M positiv, mögliche Trendwende, Fundamentaldaten schwach
DBX;Dropbox, Inc.;USD;27.15 USD;27.15;26.91 USD;26.03 USD;25.96 USD;0.87;4.28;-1.36;-6.11;8.02;2.9;-8.51;44.63;32.17 USD;32.17;-15.62;3.91;0.665;LOW;0.0%;-;-;-;25.51 USD;6332946432.0;Mid Cap;7.97;14.83;13.1;0.8%;0.01;-5.9%;-0.06;18.71%;0.19;-;816.44 Mio.;816437504.0;1.0 Mrd.;1002499968.0;5;SOLID;7;GOOD;Forward KGV im gesunden Bereich | KGV nicht übertrieben | Umsatzwachstum positiv | solide Gewinnmarge | Free Cashflow positiv;PEG Ratio hoch | Gewinnwachstum negativ;LOW RISK;NO;6;BUY;über EMA20, über EMA50, über EMA100, 1M positiv, fundamental solide
ETSY;Etsy, Inc.;USD;68.85 USD;68.85;64.87 USD;61.67 USD;59.59 USD;6.12;11.63;2.97;-0.22;7.54;21.57;27.11;75.63;75.56 USD;75.56;-8.89;3.59;1.864;LOW;0.0%;-;-;-;60.44 USD;6533131264.0;Mid Cap;10.52;26.38;0.65;3.1%;0.03;-;-;9.81%;0.1;-;165.66 Mio.;165655504.0;724.97 Mio.;724972992.0;5;SOLID;6;GOOD;Forward KGV im gesunden Bereich | KGV nicht übertrieben | PEG Ratio attraktiv | Umsatzwachstum positiv | Gewinnmarge positiv | Free Cashflow positiv;-;HIGH RISK;NO;6;WATCH - OVERBOUGHT;über EMA20, über EMA50, über EMA100, 1M positiv, kurzfristig heiß gelaufen, hohes Risiko, fundamental solide
BEP;Brookfield Renewable Partners L;USD;36.75 USD;36.75;35.67 USD;34.19 USD;32.52 USD;3.02;7.49;0.63;-0.3;7.53;22.66;33.13;74.02;37.09 USD;37.09;-0.92;1.67;0.989;NORMAL;4.27%;1.57 USD;29.05.2026;29.05.2026;33.51 USD;23640696832.0;Large Cap;-25.77;-;3.51;-4.2%;-0.04;-;-;0.35%;0.0;106.11;-10.64 Mrd.;-10644750336.0;911.0 Mio.;911000000.0;0;WEAK;6;OK;Gewinnmarge positiv | Dividende vorhanden;PEG Ratio hoch | Umsatzwachstum negativ | Free Cashflow negativ;LOW RISK;NO;6;BUY;über EMA20, über EMA50, über EMA100, 1M positiv, Fundamentaldaten schwach
ADP;Automatic Data Processing, Inc.;USD;229.54 USD;229.54;222.56 USD;217.07 USD;221.81 USD;3.14;5.74;-1.04;-1.8;7.22;3.92;-8.41;57.34;310.76 USD;310.76;-26.13;2.35;0.845;LOW;2.96%;6.8 USD;12.06.2026;13.03.2026;212.73 USD;91755003904.0;Large Cap;18.82;21.41;2.17;7.0%;0.07;10.5%;0.1;20.12%;0.2;69.26;4.75 Mrd.;4749387264.0;5.45 Mrd.;5452400128.0;7;VERY SOLID;8;GOOD;Forward KGV im gesunden Bereich | KGV nicht übertrieben | Umsatzwachstum positiv | Gewinnwachstum positiv | solide Gewinnmarge | Free Cashflow positiv | Verschuldung wirkt moderat | Dividende vorhanden;-;LOW RISK;NO;6;BUY;über EMA20, über EMA50, über EMA100, 1M positiv, fundamental solide
VBK.DE;Verbio SE                     I;EUR;37.48 EUR;37.48;38.19 EUR;37.0 EUR;33.46 EUR;-1.86;1.3;-0.53;-6.53;7.02;40.48;121.38;56.94;45.8 EUR;45.8;-18.17;5.01;0.0;LOW;0.53%;0.2 EUR;09.12.2024;09.12.2024;36.26 EUR;2388056064.0;Mid Cap;19.82;-;5.8;13.1%;0.13;-;-;-4.22%;-0.04;29.6;40.54 Mio.;40536500.0;121.79 Mio.;121786000.0;4;MIXED;6;OK;Forward KGV im gesunden Bereich | Umsatzwachstum positiv | Free Cashflow positiv | Verschuldung wirkt moderat | Dividende vorhanden;PEG Ratio hoch | negative Gewinnmarge;LOW RISK;NO;6;BUY;über EMA50, über EMA100, 1M positiv
DECK;Deckers Outdoor Corporation;USD;109.87 USD;109.87;106.64 USD;105.1 USD;104.58 USD;3.03;4.54;1.61;-0.86;6.96;2.13;26.01;74.13;123.91 USD;123.91;-11.33;2.62;1.146;LOW;0.0%;-;-;-;102.99 USD;15258851328.0;Large Cap;13.24;15.65;1.35;9.6%;0.1;-4.8%;-0.05;18.71%;0.19;15.01;858.73 Mio.;858725120.0;1.18 Mrd.;1181954944.0;7;VERY SOLID;8;GOOD;Forward KGV im gesunden Bereich | KGV nicht übertrieben | PEG Ratio attraktiv | Umsatzwachstum positiv | solide Gewinnmarge | Free Cashflow positiv | Verschuldung wirkt moderat;Gewinnwachstum negativ;LOW RISK;NO;6;BUY;über EMA20, über EMA50, über EMA100, 1M positiv, fundamental solide
PUM.DE;PUMA SE                       I;EUR;26.9 EUR;26.9;27.15 EUR;25.81 EUR;24.4 EUR;-0.91;4.23;0.6;-3.27;6.87;24.25;69.08;51.79;30.0 EUR;30.0;-10.33;3.13;1.005;LOW;2.27%;0.61 EUR;22.05.2025;22.05.2025;25.29 EUR;3959919616.0;Mid Cap;78.68;-;1.92;-6.3%;-0.06;5231.5%;52.31;-8.64%;-0.09;154.31;-;-;-;-;2;WEAK;6;OK;PEG Ratio attraktiv | Gewinnwachstum positiv | Dividende vorhanden;Forward KGV sehr hoch | Umsatzwachstum negativ | negative Gewinnmarge;LOW RISK;NO;6;BUY;über EMA50, über EMA100, 1M positiv, Fundamentaldaten schwach
PAYX;Paychex, Inc.;USD;99.36 USD;99.36;96.52 USD;94.56 USD;96.63 USD;2.94;5.08;-1.16;-3.01;6.77;2.3;-8.73;61.23;150.77 USD;150.77;-34.1;1.98;;NORMAL;4.79%;4.76 USD;13.05.2026;13.05.2026;92.66 USD;35599781888.0;Large Cap;16.84;21.93;1.77;19.9%;0.2;9.1%;0.09;26.63%;0.27;124.91;-;-;1.18 Mrd.;1179200000.0;6;SOLID;7;GOOD;Forward KGV im gesunden Bereich | KGV nicht übertrieben | PEG Ratio attraktiv | Umsatzwachstum positiv | Gewinnwachstum positiv | solide Gewinnmarge | Dividende vorhanden;-;LOW RISK;NO;6;BUY;über EMA20, über EMA50, über EMA100, 1M positiv, fundamental solide
ASX;ASE Technology Holding Co., Ltd;USD;35.58 USD;35.58;35.81 USD;31.99 USD;27.63 USD;-0.63;11.24;4.57;-6.77;6.73;61.31;147.12;58.91;40.6 USD;40.6;-12.35;4.46;1.477;LOW;1.01%;0.36 USD;02.07.2025;02.07.2025;31.35 USD;78071562240.0;Large Cap;22.44;54.75;4.96;17.2%;0.17;87.6%;0.88;7.04%;0.07;67.16;-66.13 Mrd.;-66127527936.0;158.66 Mrd.;158663426048.0;4;MIXED;8;OK;Forward KGV im gesunden Bereich | Umsatzwachstum positiv | Gewinnwachstum positiv | Gewinnmarge positiv | Verschuldung wirkt moderat | Dividende vorhanden;KGV sehr hoch | PEG Ratio hoch | Free Cashflow negativ;LOW RISK;NO;6;BUY;über EMA50, über EMA100, 1M positiv
POWI;Power Integrations, Inc.;USD;76.47 USD;76.47;77.64 USD;69.58 USD;61.11 USD;-1.51;9.91;-0.71;-6.64;6.72;60.34;129.72;62.33;86.85 USD;86.85;-11.96;5.22;1.568;LOW;1.12%;0.86 USD;29.05.2026;29.05.2026;68.19 USD;4260907264.0;Mid Cap;42.22;254.9;1.51;2.6%;0.03;-60.4%;-0.6;3.72%;0.04;-;79.06 Mio.;79055376.0;105.18 Mio.;105177000.0;3;MIXED;7;OK;PEG Ratio attraktiv | Umsatzwachstum positiv | Gewinnmarge positiv | Free Cashflow positiv | Dividende vorhanden;Forward KGV sehr hoch | KGV sehr hoch | Gewinnwachstum negativ;MEDIUM RISK;NO;6;BUY;über EMA50, über EMA100, 1M positiv
GE;GE Aerospace;USD;322.89 USD;322.89;311.77 USD;305.31 USD;304.14 USD;3.56;5.76;-1.56;-0.53;6.69;-1.11;9.14;76.94;345.24 USD;345.24;-6.47;2.31;1.375;LOW;0.58%;1.88 USD;09.03.2026;09.03.2026;299.2 USD;337359831040.0;Mega Cap;37.17;40.16;7.89;24.7%;0.25;-1.8%;-0.02;17.86%;0.18;116.53;5.67 Mrd.;5667999744.0;8.85 Mrd.;8851000320.0;3;MIXED;8;OK;Umsatzwachstum positiv | solide Gewinnmarge | Free Cashflow positiv | Dividende vorhanden;PEG Ratio hoch | Gewinnwachstum negativ;MEDIUM RISK;NO;6;WATCH - OVERBOUGHT;über EMA20, über EMA50, über EMA100, 1M positiv, kurzfristig heiß gelaufen
APH;Amphenol Corporation;USD;145.23 USD;145.23;139.84 USD;138.29 USD;137.5 USD;3.85;5.01;4.63;-0.76;6.3;6.81;5.1;72.36;165.92 USD;165.92;-12.47;3.37;1.275;LOW;0.69%;1.0 USD;23.06.2026;23.03.2026;135.53 USD;178666946560.0;Large Cap;25.54;41.73;1.19;58.4%;0.58;24.1%;0.24;17.24%;0.17;133.05;3.56 Mrd.;3563725056.0;5.73 Mrd.;5731299840.0;5;SOLID;8;GOOD;PEG Ratio attraktiv | Umsatzwachstum positiv | Gewinnwachstum positiv | solide Gewinnmarge | Free Cashflow positiv | Dividende vorhanden;-;LOW RISK;NO;6;BUY;über EMA20, über EMA50, über EMA100, 1M positiv, fundamental solide
FCX;Freeport-McMoRan, Inc.;USD;64.4 USD;64.4;65.02 USD;63.3 USD;60.69 USD;-0.94;1.75;1.63;-3.93;6.26;3.01;53.52;57.33;71.72 USD;71.72;-10.2;3.45;1.359;LOW;0.93%;0.6 USD;15.04.2026;15.04.2026;62.03 USD;92586041344.0;Large Cap;17.11;34.08;4.27;8.8%;0.09;153.1%;1.53;10.34%;0.1;33.01;1.71 Mrd.;1709874944.0;6.05 Mrd.;6047000064.0;6;SOLID;8;GOOD;Forward KGV im gesunden Bereich | Umsatzwachstum positiv | Gewinnwachstum positiv | solide Gewinnmarge | Free Cashflow positiv | Verschuldung wirkt moderat | Dividende vorhanden;PEG Ratio hoch;LOW RISK;NO;6;BUY;über EMA50, über EMA100, 1M positiv, fundamental solide
TEAM;Atlassian Corporation;USD;97.87 USD;97.87;94.22 USD;87.89 USD;94.45 USD;3.87;11.35;-1.61;-15.59;5.95;18.62;-33.89;57.02;220.89 USD;220.89;-55.69;7.21;1.068;LOW;0.0%;-;-;-;86.14 USD;24836259840.0;Large Cap;15.77;-;0.76;31.7%;0.32;-;-;-3.5%;-0.04;141.41;1.58 Mrd.;1578996352.0;1.25 Mrd.;1249309056.0;4;MIXED;6;OK;Forward KGV im gesunden Bereich | PEG Ratio attraktiv | Umsatzwachstum positiv | Free Cashflow positiv;negative Gewinnmarge;LOW RISK;YES;6;TURNAROUND;über EMA20, über EMA50, über EMA100, 1M positiv, mögliche Trendwende
FRSH;Freshworks Inc.;USD;9.46 USD;9.46;9.3 USD;8.98 USD;9.23 USD;1.76;5.39;0.11;-11.42;4.76;9.74;-21.23;56.01;15.95 USD;15.95;-40.69;3.61;0.894;LOW;0.0%;-;-;-;8.8 USD;2615067392.0;Mid Cap;11.84;15.51;0.51;16.5%;0.17;-;-;20.69%;0.21;3.81;263.74 Mio.;263742624.0;246.79 Mio.;246786000.0;7;VERY SOLID;7;GOOD;Forward KGV im gesunden Bereich | KGV nicht übertrieben | PEG Ratio attraktiv | Umsatzwachstum positiv | solide Gewinnmarge | Free Cashflow positiv | Verschuldung wirkt moderat;-;LOW RISK;NO;6;BUY;über EMA20, über EMA50, über EMA100, 1M positiv, fundamental solide
MGNI;Magnite, Inc.;USD;14.66 USD;14.66;14.04 USD;13.56 USD;13.83 USD;4.43;8.11;-0.14;-4.68;4.71;3.53;-0.14;64.46;26.52 USD;26.52;-44.72;3.49;2.308;LOW;0.0%;-;-;-;13.29 USD;2099532032.0;Mid Cap;11.92;13.96;0.09;5.5%;0.06;-;-;21.96%;0.22;46.81;1.52 Mio.;1524250.0;112.84 Mio.;112841000.0;7;VERY SOLID;7;GOOD;Forward KGV im gesunden Bereich | KGV nicht übertrieben | PEG Ratio attraktiv | Umsatzwachstum positiv | solide Gewinnmarge | Free Cashflow positiv | Verschuldung wirkt moderat;-;MEDIUM RISK;NO;6;BUY;über EMA20, über EMA50, über EMA100, 1M positiv, fundamental solide
NXPI;NXP Semiconductors N.V.;USD;303.87 USD;303.87;305.33 USD;277.28 USD;254.72 USD;-0.48;9.59;2.67;-2.41;4.7;45.05;58.35;54.54;332.67 USD;332.67;-8.66;5.66;1.788;LOW;1.34%;4.06 USD;25.03.2026;25.03.2026;271.74 USD;76718383104.0;Large Cap;17.24;29.08;0.75;12.2%;0.12;130.7%;1.31;21.03%;0.21;103.99;2.73 Mrd.;2727124992.0;3.05 Mrd.;3048000000.0;7;VERY SOLID;8;GOOD;Forward KGV im gesunden Bereich | KGV nicht übertrieben | PEG Ratio attraktiv | Umsatzwachstum positiv | Gewinnwachstum positiv | solide Gewinnmarge | Free Cashflow positiv | Dividende vorhanden;-;MEDIUM RISK;NO;6;BUY;über EMA50, über EMA100, 1M positiv, fundamental solide
UCTT;Ultra Clean Holdings, Inc.;USD;83.45 USD;83.45;84.94 USD;78.18 USD;67.66 USD;-1.75;6.74;1.68;-1.48;4.44;49.58;231.94;56.57;93.69 USD;93.69;-10.93;5.54;1.952;LOW;0.0%;-;-;-;76.62 USD;3740925952.0;Mid Cap;22.12;-;0.99;2.9%;0.03;-;-;-9.38%;-0.09;111.15;-36.64 Mio.;-36637500.0;4.1 Mio.;4100000.0;3;MIXED;6;OK;Forward KGV im gesunden Bereich | PEG Ratio attraktiv | Umsatzwachstum positiv;negative Gewinnmarge | Free Cashflow negativ;MEDIUM RISK;NO;6;BUY;über EMA50, über EMA100, 1M positiv
COP;ConocoPhillips;USD;118.89 USD;118.89;118.49 USD;118.71 USD;114.85 USD;0.34;0.16;1.49;2.86;4.26;2.53;38.6;36.41;132.81 USD;132.81;-10.48;1.91;0.106;LOW;2.83%;3.36 USD;11.05.2026;11.05.2026;116.33 USD;144842981376.0;Large Cap;12.93;20.15;0.99;-5.3%;-0.05;-20.2%;-0.2;12.33%;0.12;36.14;5.29 Mrd.;5289124864.0;17.98 Mrd.;17976000512.0;6;SOLID;8;GOOD;Forward KGV im gesunden Bereich | KGV nicht übertrieben | PEG Ratio attraktiv | solide Gewinnmarge | Free Cashflow positiv | Verschuldung wirkt moderat | Dividende vorhanden;Umsatzwachstum negativ | Gewinnwachstum negativ;LOW RISK;NO;6;BUY;über EMA20, über EMA50, über EMA100, 1M positiv, fundamental solide
MWB0.F;mwb fairtrade Wphdlsbank AG   N;EUR;10.2 EUR;10.2;10.25 EUR;9.99 EUR;9.73 EUR;-0.5;2.06;-1.92;-3.77;4.08;12.09;13.97;58.82;10.8 EUR;10.8;-5.56;1.39;0.43;HIGH;7.84%;0.8 EUR;24.07.2026;24.07.2026;9.79 EUR;75942168.0;Micro Cap;-;4.51;-;46.6%;0.47;-;-;17.96%;0.18;0.04;-;-;-;-;4;MIXED;4;OK;KGV nicht übertrieben | Umsatzwachstum positiv | solide Gewinnmarge | Verschuldung wirkt moderat | Dividende vorhanden;-;LOW RISK;NO;6;BUY;über EMA50, über EMA100, 1M positiv, hohes Volumen
AON;Aon plc;USD;326.11 USD;326.11;320.58 USD;321.49 USD;326.07 USD;1.73;1.44;-0.74;1.78;3.99;-3.48;-7.27;49.46;374.28 USD;374.28;-12.87;1.37;0.714;LOW;1.01%;3.28 USD;01.05.2026;01.05.2026;315.06 USD;69649571840.0;Large Cap;15.22;17.89;2.6;6.5%;0.07;27.1%;0.27;22.54%;0.23;155.05;3.34 Mrd.;3341625088.0;3.77 Mrd.;3771000064.0;6;SOLID;8;GOOD;Forward KGV im gesunden Bereich | KGV nicht übertrieben | Umsatzwachstum positiv | Gewinnwachstum positiv | solide Gewinnmarge | Free Cashflow positiv | Dividende vorhanden;-;LOW RISK;NO;6;BUY;über EMA20, über EMA50, über EMA100, 1M positiv, fundamental solide
ENB;Enbridge Inc;USD;55.42 USD;55.42;55.61 USD;54.38 USD;52.68 USD;-0.35;1.92;-1.58;0.89;3.96;4.17;18.4;44.9;58.04 USD;58.04;-4.51;1.39;0.807;LOW;5.07%;2.81 USD;15.05.2026;15.05.2026;53.29 USD;121020448768.0;Large Cap;24.39;26.14;5.27;20.8%;0.21;-26.2%;-0.26;10.0%;0.1;160.13;-1.43 Mrd.;-1430499968.0;11.56 Mrd.;11559000064.0;3;MIXED;8;OK;Forward KGV im gesunden Bereich | KGV nicht übertrieben | Umsatzwachstum positiv | Gewinnmarge positiv | Dividende vorhanden;PEG Ratio hoch | Gewinnwachstum negativ | Free Cashflow negativ;LOW RISK;NO;6;BUY;über EMA50, über EMA100, 1M positiv
CNQ;Canadian Natural Resources Limi;USD;46.47 USD;46.47;46.84 USD;46.22 USD;43.98 USD;-0.78;0.55;1.68;1.11;3.87;3.47;40.73;37.24;50.09 USD;50.09;-7.24;2.04;0.875;LOW;3.94%;1.83 USD;22.06.2026;20.03.2026;45.29 USD;96922943488.0;Large Cap;12.72;11.98;3.42;-1.2%;-0.01;-45.3%;-0.45;25.13%;0.25;44.85;5.34 Mrd.;5340624896.0;14.1 Mrd.;14104000512.0;5;SOLID;8;GOOD;Forward KGV im gesunden Bereich | KGV nicht übertrieben | solide Gewinnmarge | Free Cashflow positiv | Verschuldung wirkt moderat | Dividende vorhanden;PEG Ratio hoch | Umsatzwachstum negativ | Gewinnwachstum negativ;LOW RISK;NO;6;BUY;über EMA50, über EMA100, 1M positiv, fundamental solide
MKSI;MKS Inc.;USD;311.7 USD;311.7;313.46 USD;291.26 USD;261.52 USD;-0.56;7.02;3.33;-1.79;3.71;35.36;105.39;56.69;335.15 USD;335.15;-7.0;3.31;2.0;NORMAL;0.32%;1.0 USD;03.06.2026;03.06.2026;285.44 USD;21053841408.0;Large Cap;20.86;65.35;1.32;15.2%;0.15;53.2%;0.53;8.03%;0.08;152.69;488.62 Mio.;488624992.0;557.0 Mio.;557000000.0;5;SOLID;8;GOOD;Forward KGV im gesunden Bereich | PEG Ratio attraktiv | Umsatzwachstum positiv | Gewinnwachstum positiv | Gewinnmarge positiv | Free Cashflow positiv | Dividende vorhanden;KGV sehr hoch;MEDIUM RISK;NO;6;BUY;über EMA50, über EMA100, 1M positiv, fundamental solide
SHEL;Shell PLC;USD;86.57 USD;86.57;85.94 USD;86.03 USD;83.91 USD;0.73;0.63;1.37;1.36;3.7;5.32;20.11;43.88;93.3 USD;93.3;-7.22;1.57;-0.248;LOW;3.6%;3.12 USD;22.05.2026;22.05.2026;84.31 USD;240350380032.0;Mega Cap;9.44;13.48;1.27;0.7%;0.01;26.6%;0.27;7.01%;0.07;43.32;15.63 Mrd.;15633999872.0;39.64 Mrd.;39644000256.0;7;VERY SOLID;8;GOOD;Forward KGV im gesunden Bereich | KGV nicht übertrieben | PEG Ratio attraktiv | Umsatzwachstum positiv | Gewinnwachstum positiv | Gewinnmarge positiv | Free Cashflow positiv | Verschuldung wirkt moderat | Dividende vorhanden;-;LOW RISK;NO;6;BUY;über EMA20, über EMA50, über EMA100, 1M positiv, fundamental solide
BOX;Box, Inc.;USD;26.57 USD;26.57;26.03 USD;25.31 USD;25.66 USD;2.05;4.97;-0.43;-7.73;3.41;1.78;-10.5;54.58;37.45 USD;37.45;-29.07;3.05;1.414;LOW;0.0%;-;-;-;24.8 USD;3680119552.0;Mid Cap;14.75;41.51;0.54;13.6%;0.14;-;-;-19.76%;-0.2;2048.84;152.3 Mio.;152298752.0;61.03 Mio.;61031000.0;4;MIXED;7;OK;Forward KGV im gesunden Bereich | PEG Ratio attraktiv | Umsatzwachstum positiv | Free Cashflow positiv;negative Gewinnmarge | Verschuldung hoch;LOW RISK;NO;6;BUY;über EMA20, über EMA50, über EMA100, 1M positiv
SHEL.L;SHELL PLC ORD EUR0.07;GBp;3243.0 GBp;3243.0;3217.5 GBp;3222.68 GBp;3148.09 GBp;0.79;0.63;0.48;1.47;3.39;4.19;17.25;44.54;3582.57 GBp;3582.57;-9.48;1.39;-0.248;LOW;0.04%;1.16 GBp;21.05.2026;21.05.2026;3158.23 GBp;180075397120.0;Large Cap;8.91;13.57;1.29;0.7%;0.01;26.6%;0.27;7.01%;0.07;43.32;15.63 Mrd.;15633999872.0;39.64 Mrd.;39644000256.0;7;VERY SOLID;8;GOOD;Forward KGV im gesunden Bereich | KGV nicht übertrieben | PEG Ratio attraktiv | Umsatzwachstum positiv | Gewinnwachstum positiv | Gewinnmarge positiv | Free Cashflow positiv | Verschuldung wirkt moderat | Dividende vorhanden;-;LOW RISK;NO;6;BUY;über EMA20, über EMA50, über EMA100, 1M positiv, fundamental solide
DT;Dynatrace, Inc.;USD;41.6 USD;41.6;41.01 USD;39.33 USD;39.46 USD;1.46;5.77;-1.39;-6.44;3.06;6.11;-5.81;55.97;56.64 USD;56.64;-26.54;3.7;0.74;LOW;0.0%;-;-;-;38.55 USD;12126848000.0;Large Cap;18.41;77.05;0.87;19.4%;0.19;-52.6%;-0.53;8.06%;0.08;6.29;501.82 Mio.;501819008.0;561.85 Mio.;561849984.0;5;SOLID;8;GOOD;Forward KGV im gesunden Bereich | PEG Ratio attraktiv | Umsatzwachstum positiv | Gewinnmarge positiv | Free Cashflow positiv | Verschuldung wirkt moderat;KGV sehr hoch | Gewinnwachstum negativ;LOW RISK;NO;6;BUY;über EMA20, über EMA50, über EMA100, 1M positiv, fundamental solide
ARES;Ares Management Corporation;USD;126.61 USD;126.61;124.93 USD;122.03 USD;125.74 USD;1.35;3.76;0.77;-1.65;2.81;9.65;-16.42;54.82;187.77 USD;187.77;-32.57;2.46;1.516;LOW;4.26%;5.4 USD;16.06.2026;17.03.2026;119.59 USD;41763233792.0;Large Cap;17.3;58.35;1.03;28.3%;0.28;770.5%;7.71;10.54%;0.11;168.76;1.76 Mrd.;1757137152.0;1.68 Mrd.;1679271040.0;6;SOLID;8;GOOD;Forward KGV im gesunden Bereich | PEG Ratio attraktiv | Umsatzwachstum positiv | Gewinnwachstum positiv | solide Gewinnmarge | Free Cashflow positiv | Dividende vorhanden;KGV sehr hoch;LOW RISK;NO;6;BUY;über EMA20, über EMA50, über EMA100, 1M positiv, fundamental solide
WY;Weyerhaeuser Company;USD;24.15 USD;24.15;23.91 USD;23.92 USD;23.99 USD;1.02;0.98;-1.35;2.73;2.77;-0.25;11.42;69.2;26.64 USD;26.64;-9.34;1.53;0.912;LOW;3.48%;0.84 USD;05.06.2026;05.06.2026;23.44 USD;17413179392.0;Large Cap;34.65;43.12;1.86;-2.0%;-0.02;96.6%;0.97;5.78%;0.06;57.73;-45.88 Mio.;-45875000.0;544.0 Mio.;544000000.0;3;MIXED;8;OK;PEG Ratio attraktiv | Gewinnwachstum positiv | Gewinnmarge positiv | Verschuldung wirkt moderat | Dividende vorhanden;Umsatzwachstum negativ | Free Cashflow negativ;LOW RISK;NO;6;BUY;über EMA20, über EMA50, über EMA100, 1M positiv
DEQ.DE;DEUTSCHE EUROSHOP AG          N;EUR;20.15 EUR;20.15;20.16 EUR;19.98 EUR;19.78 EUR;-0.03;0.84;-0.25;-2.18;2.7;1.15;9.63;58.13;20.9 EUR;20.9;-3.59;1.01;;HIGH;4.96%;1.0 EUR;19.06.2026;19.06.2026;19.58 EUR;1526238720.0;Small Cap;10.79;7.2;10.13;-1.2%;-0.01;-9.7%;-0.1;74.8%;0.75;95.15;90.54 Mio.;90544752.0;139.52 Mio.;139515008.0;5;SOLID;8;GOOD;Forward KGV im gesunden Bereich | KGV nicht übertrieben | solide Gewinnmarge | Free Cashflow positiv | Verschuldung wirkt moderat | Dividende vorhanden;PEG Ratio hoch | Umsatzwachstum negativ | Gewinnwachstum negativ;LOW RISK;NO;6;BUY;über EMA50, über EMA100, 1M positiv, hohes Volumen, fundamental solide
OKE;ONEOK, Inc.;USD;88.17 USD;88.17;88.44 USD;87.52 USD;84.67 USD;-0.3;0.74;-0.09;3.79;2.68;4.24;26.48;37.48;95.24 USD;95.24;-7.42;2.16;0.714;LOW;4.85%;4.28 USD;04.05.2026;04.05.2026;85.77 USD;55549992960.0;Large Cap;14.27;15.72;2.13;19.6%;0.2;18.0%;0.18;10.03%;0.1;149.64;454.38 Mio.;454375008.0;5.63 Mrd.;5629000192.0;6;SOLID;8;GOOD;Forward KGV im gesunden Bereich | KGV nicht übertrieben | Umsatzwachstum positiv | Gewinnwachstum positiv | solide Gewinnmarge | Free Cashflow positiv | Dividende vorhanden;-;LOW RISK;NO;6;BUY;über EMA50, über EMA100, 1M positiv, fundamental solide
BRK-B;Berkshire Hathaway Inc. New;USD;487.51 USD;487.51;479.5 USD;479.86 USD;483.01 USD;1.67;1.59;-0.13;3.66;2.62;-2.58;-4.64;49.13;513.81 USD;513.81;-5.12;0.84;0.617;LOW;0.0%;-;-;-;470.26 USD;1051480686592.0;Mega Cap;22.7;14.52;10.06;4.4%;0.04;119.6%;1.2;19.3%;0.19;17.67;61.23 Mrd.;61228249088.0;45.5 Mrd.;45504000000.0;7;VERY SOLID;8;GOOD;Forward KGV im gesunden Bereich | KGV nicht übertrieben | Umsatzwachstum positiv | Gewinnwachstum positiv | solide Gewinnmarge | Free Cashflow positiv | Verschuldung wirkt moderat;PEG Ratio hoch;LOW RISK;NO;6;BUY;über EMA20, über EMA50, über EMA100, 1M positiv, fundamental solide
EQNR;Equinor ASA;USD;37.47 USD;37.47;37.78 USD;37.23 USD;34.71 USD;-0.83;0.64;1.43;0.4;2.56;19.19;70.1;38.84;41.97 USD;41.97;-10.72;2.76;-0.752;LOW;4.06%;1.52 USD;14.08.2026;15.05.2026;36.49 USD;93341024256.0;Large Cap;9.24;16.95;0.95;-5.3%;-0.05;29.2%;0.29;5.3%;0.05;73.0;18.09 Mrd.;18090625024.0;16.14 Mrd.;16142999552.0;6;SOLID;8;GOOD;Forward KGV im gesunden Bereich | KGV nicht übertrieben | PEG Ratio attraktiv | Gewinnwachstum positiv | Gewinnmarge positiv | Free Cashflow positiv | Verschuldung wirkt moderat | Dividende vorhanden;Umsatzwachstum negativ;LOW RISK;NO;6;BUY;über EMA50, über EMA100, 1M positiv, fundamental solide
BBVA.MC;BANCO BILBAO VIZCAYA ARGENTARIA;EUR;19.4 EUR;19.4;19.46 EUR;19.16 EUR;18.87 EUR;-0.33;1.23;-0.05;-2.14;2.51;6.38;8.16;58.41;21.33 EUR;21.33;-9.05;1.85;0.885;NORMAL;4.74%;0.92 EUR;08.04.2026;08.04.2026;18.78 EUR;107965898752.0;Large Cap;8.78;10.66;1.94;11.9%;0.12;13.3%;0.13;33.12%;0.33;-;-;-;5.05 Mrd.;5050999808.0;6;SOLID;6;GOOD;Forward KGV im gesunden Bereich | KGV nicht übertrieben | PEG Ratio attraktiv | Umsatzwachstum positiv | Gewinnwachstum positiv | solide Gewinnmarge | Dividende vorhanden;-;LOW RISK;NO;6;BUY;über EMA50, über EMA100, 1M positiv, fundamental solide
RIO.AX;RIO TINTO FPO [RIO];AUD;184.58 AUD;184.58;184.7 AUD;176.89 AUD;166.75 AUD;-0.06;4.35;-1.86;-0.57;2.41;16.07;40.74;56.8;194.47 AUD;194.47;-5.09;1.99;0.646;NORMAL;3.19%;5.89 AUD;05.03.2026;04.03.2026;173.35 AUD;300166545408.0;Mega Cap;14.67;21.64;14.02;14.6%;0.15;-5.6%;-0.06;17.29%;0.17;35.43;3.5 Mrd.;3495749888.0;16.83 Mrd.;16832000000.0;6;SOLID;8;GOOD;Forward KGV im gesunden Bereich | KGV nicht übertrieben | Umsatzwachstum positiv | solide Gewinnmarge | Free Cashflow positiv | Verschuldung wirkt moderat | Dividende vorhanden;PEG Ratio hoch | Gewinnwachstum negativ;LOW RISK;NO;6;BUY;über EMA50, über EMA100, 1M positiv, fundamental solide
TXN;Texas Instruments Incorporated;USD;291.86 USD;291.86;297.19 USD;272.32 USD;245.31 USD;-1.79;7.18;2.39;-0.46;2.32;48.17;78.57;46.19;324.89 USD;324.89;-10.17;2.8;1.309;LOW;1.95%;5.68 USD;05.05.2026;05.05.2026;266.87 USD;265619308544.0;Mega Cap;31.0;49.98;1.36;18.6%;0.19;31.3%;0.31;29.11%;0.29;83.74;1.07 Mrd.;1068249984.0;7.82 Mrd.;7824000000.0;6;SOLID;8;GOOD;PEG Ratio attraktiv | Umsatzwachstum positiv | Gewinnwachstum positiv | solide Gewinnmarge | Free Cashflow positiv | Verschuldung wirkt moderat | Dividende vorhanden;KGV sehr hoch;LOW RISK;NO;6;BUY;über EMA50, über EMA100, 1M positiv, fundamental solide
BHP;BHP Group Limited;USD;84.27 USD;84.27;86.17 USD;82.11 USD;76.7 USD;-2.21;2.63;1.87;-7.62;2.08;13.66;56.58;50.48;93.15 USD;93.15;-9.53;2.74;0.825;LOW;3.16%;2.66 USD;06.03.2026;06.03.2026;80.47 USD;214074867712.0;Mega Cap;15.84;20.91;5.95;10.8%;0.11;27.5%;0.28;18.97%;0.19;52.64;8.14 Mrd.;8137124864.0;19.75 Mrd.;19747000320.0;7;VERY SOLID;8;GOOD;Forward KGV im gesunden Bereich | KGV nicht übertrieben | Umsatzwachstum positiv | Gewinnwachstum positiv | solide Gewinnmarge | Free Cashflow positiv | Verschuldung wirkt moderat | Dividende vorhanden;PEG Ratio hoch;LOW RISK;NO;6;BUY;über EMA50, über EMA100, 1M positiv, fundamental solide
SU.TO;SUNCOR ENERGY INC.;CAD;88.24 CAD;88.24;89.27 CAD;87.65 CAD;82.57 CAD;-1.15;0.67;1.6;0.65;2.04;12.81;44.63;33.66;95.18 CAD;95.18;-7.29;2.34;0.564;NORMAL;2.72%;2.4 CAD;04.06.2026;04.06.2026;85.9 CAD;104188952576.0;Large Cap;11.9;16.78;11.41;17.5%;0.17;29.9%;0.3;12.39%;0.12;32.36;6.68 Mrd.;6675874816.0;13.06 Mrd.;13059999744.0;7;VERY SOLID;8;GOOD;Forward KGV im gesunden Bereich | KGV nicht übertrieben | Umsatzwachstum positiv | Gewinnwachstum positiv | solide Gewinnmarge | Free Cashflow positiv | Verschuldung wirkt moderat | Dividende vorhanden;PEG Ratio hoch;LOW RISK;NO;6;BUY;über EMA50, über EMA100, 1M positiv, überverkauft, fundamental solide
MOD;Modine Manufacturing Company;USD;275.04 USD;275.04;277.2 USD;257.97 USD;232.42 USD;-0.78;6.62;-0.53;-4.67;2.0;34.32;73.01;58.63;306.89 USD;306.89;-10.38;5.06;1.66;LOW;0.0%;-;19.11.2008;19.11.2008;252.81 USD;14526453760.0;Large Cap;24.24;121.16;1.12;47.5%;0.47;47.4%;0.47;3.82%;0.04;48.23;-101.45 Mio.;-101450000.0;248.7 Mio.;248700000.0;5;SOLID;8;GOOD;Forward KGV im gesunden Bereich | PEG Ratio attraktiv | Umsatzwachstum positiv | Gewinnwachstum positiv | Gewinnmarge positiv | Verschuldung wirkt moderat;KGV sehr hoch | Free Cashflow negativ;MEDIUM RISK;NO;6;BUY;über EMA50, über EMA100, 1M positiv, fundamental solide
QYLD.L;GLOBAL X ETFS ICAV GLOBAL X NAS;USD;16.83 USD;16.83;16.74 USD;16.46 USD;16.18 USD;0.54;2.22;-0.07;-0.5;1.64;6.35;8.94;73.16;16.96 USD;16.96;-0.75;0.38;;LOW;0.0%;-;-;-;16.13 USD;;UNKNOWN;-;22.07;-;-;-;-;-;-;-;-;-;-;-;-;1;UNKNOWN;1;LOW;KGV nicht übertrieben;Fundamentaldaten unvollständig;LOW RISK;NO;6;BUY;über EMA20, über EMA50, über EMA100, 1M positiv, Fundamentaldaten unvollständig
CHRD;Chord Energy Corporation;USD;138.41 USD;138.41;138.82 USD;135.31 USD;126.38 USD;-0.29;2.29;2.69;0.3;1.36;18.28;52.92;36.85;148.35 USD;148.35;-6.7;2.49;0.357;LOW;3.76%;5.2 USD;20.05.2026;20.05.2026;132.61 USD;7792651264.0;Mid Cap;8.76;-;-;38.5%;0.39;-48.2%;-0.48;-1.33%;-0.01;18.66;452.69 Mio.;452692640.0;1.89 Mrd.;1891230976.0;4;MIXED;6;OK;Forward KGV im gesunden Bereich | Umsatzwachstum positiv | Free Cashflow positiv | Verschuldung wirkt moderat | Dividende vorhanden;Gewinnwachstum negativ | negative Gewinnmarge;LOW RISK;NO;6;BUY;über EMA50, über EMA100, 1M positiv
CDXS;Codexis, Inc.;USD;2.61 USD;2.61;2.62 USD;2.42 USD;2.19 USD;-0.7;7.77;1.76;-2.43;0.97;106.75;49.71;52.51;3.33 USD;3.33;-21.77;4.62;2.478;LOW;0.0%;-;-;-;2.37 USD;236785568.0;Micro Cap;-7.04;-;13.53;102.1%;1.02;-;-;-40.97%;-0.41;168.62;-8.48 Mio.;-8476750.0;-18.73 Mio.;-18728000.0;1;WEAK;6;OK;Umsatzwachstum positiv;PEG Ratio hoch | negative Gewinnmarge | Free Cashflow negativ;MEDIUM RISK;NO;6;BUY;über EMA50, über EMA100, 1M positiv, Fundamentaldaten schwach
BP;BP p.l.c.;USD;43.68 USD;43.68;43.69 USD;43.65 USD;42.0 USD;-0.02;0.08;1.65;1.72;0.84;12.42;24.55;39.11;47.09 USD;47.09;-7.24;1.78;-0.239;LOW;4.58%;2.0 USD;15.05.2026;15.05.2026;42.77 USD;112478773248.0;Large Cap;10.59;35.23;0.05;11.6%;0.12;474.5%;4.75;1.66%;0.02;96.38;10.05 Mrd.;10053125120.0;24.52 Mrd.;24519000064.0;6;SOLID;8;GOOD;Forward KGV im gesunden Bereich | PEG Ratio attraktiv | Umsatzwachstum positiv | Gewinnwachstum positiv | Gewinnmarge positiv | Free Cashflow positiv | Verschuldung wirkt moderat | Dividende vorhanden;-;LOW RISK;NO;6;BUY;über EMA50, über EMA100, 1M positiv, fundamental solide
ROBO;ROBO Global Robotics and Automa;USD;84.4 USD;84.4;86.18 USD;82.39 USD;78.53 USD;-2.06;2.44;1.23;-5.77;0.71;15.07;25.9;50.4;90.34 USD;90.34;-6.57;2.02;;NORMAL;0.0%;-;-;-;80.75 USD;;UNKNOWN;-;30.97;-;-;-;-;-;-;-;-;-;-;-;-;0;UNKNOWN;1;LOW;-;Fundamentaldaten unvollständig;LOW RISK;NO;6;BUY;über EMA50, über EMA100, 1M positiv, Fundamentaldaten unvollständig
CB;Chubb Limited;USD;323.41 USD;323.41;320.6 USD;322.6 USD;319.83 USD;0.88;0.25;-0.88;4.4;0.66;-2.43;8.88;42.08;341.75 USD;341.75;-5.37;1.19;0.421;LOW;1.26%;4.08 USD;12.06.2026;13.03.2026;316.15 USD;125437837312.0;Large Cap;11.06;11.45;2.87;10.2%;0.1;78.7%;0.79;18.53%;0.19;31.46;12.62 Mrd.;12622624768.0;15.2 Mrd.;15196999680.0;7;VERY SOLID;8;GOOD;Forward KGV im gesunden Bereich | KGV nicht übertrieben | Umsatzwachstum positiv | Gewinnwachstum positiv | solide Gewinnmarge | Free Cashflow positiv | Verschuldung wirkt moderat | Dividende vorhanden;-;LOW RISK;NO;6;BUY;über EMA20, über EMA50, über EMA100, 1M positiv, fundamental solide
LITE;Lumentum Holdings Inc.;USD;898.17 USD;898.17;917.07 USD;866.27 USD;749.15 USD;-2.06;3.68;4.0;-0.75;0.63;38.01;191.35;51.06;1053.09 USD;1053.09;-14.71;6.54;1.479;LOW;0.0%;-;-;-;848.94 USD;69877620736.0;Large Cap;49.62;157.57;0.63;90.1%;0.9;-;-;17.68%;0.18;111.44;93.35 Mio.;93350000.0;452.4 Mio.;452400000.0;4;MIXED;7;OK;PEG Ratio attraktiv | Umsatzwachstum positiv | solide Gewinnmarge | Free Cashflow positiv;Forward KGV sehr hoch | KGV sehr hoch;MEDIUM RISK;NO;6;BUY;über EMA50, über EMA100, 1M positiv
KMB;Kimberly-Clark Corporation;USD;98.8 USD;98.8;96.59 USD;96.96 USD;98.65 USD;2.29;1.9;-0.24;2.25;0.6;-3.35;-5.23;60.57;130.39 USD;130.39;-24.23;1.81;0.302;LOW;5.18%;5.12 USD;05.06.2026;05.06.2026;95.02 USD;32795707392.0;Large Cap;13.04;19.11;2.0;2.7%;0.03;17.9%;0.18;12.8%;0.13;371.26;1.05 Mrd.;1054625024.0;3.2 Mrd.;3195000064.0;7;VERY SOLID;8;GOOD;Forward KGV im gesunden Bereich | KGV nicht übertrieben | PEG Ratio attraktiv | Umsatzwachstum positiv | Gewinnwachstum positiv | solide Gewinnmarge | Free Cashflow positiv | Dividende vorhanden;Verschuldung hoch;LOW RISK;NO;6;BUY;über EMA20, über EMA50, über EMA100, 1M positiv, fundamental solide
CLS;Celestica, Inc.;USD;387.49 USD;387.49;391.08 USD;369.39 USD;344.02 USD;-0.92;4.9;4.25;-9.16;0.59;45.77;16.63;57.65;472.4 USD;472.4;-17.97;5.99;1.481;NORMAL;0.0%;-;-;-;362.0 USD;44550926336.0;Large Cap;25.9;46.97;1.0;52.8%;0.53;147.3%;1.47;6.95%;0.07;44.88;646.86 Mio.;646862528.0;885.5 Mio.;885500032.0;5;SOLID;8;GOOD;PEG Ratio attraktiv | Umsatzwachstum positiv | Gewinnwachstum positiv | Gewinnmarge positiv | Free Cashflow positiv | Verschuldung wirkt moderat;KGV sehr hoch;MEDIUM RISK;NO;6;BUY;über EMA50, über EMA100, 1M positiv, fundamental solide
HESM;Hess Midstream LP;USD;38.72 USD;38.72;38.74 USD;38.3 USD;37.39 USD;-0.05;1.08;-0.27;2.1;0.27;1.67;21.87;36.27;40.73 USD;40.73;-4.95;1.82;0.506;LOW;7.85%;3.04 USD;07.05.2026;07.05.2026;37.53 USD;7999842304.0;Mid Cap;12.68;13.4;-;2.1%;0.02;4.8%;0.05;22.64%;0.23;1006.4;453.92 Mio.;453924992.0;1.03 Mrd.;1034700032.0;6;SOLID;7;GOOD;Forward KGV im gesunden Bereich | KGV nicht übertrieben | Umsatzwachstum positiv | Gewinnwachstum positiv | solide Gewinnmarge | Free Cashflow positiv | Dividende vorhanden;Verschuldung hoch;LOW RISK;NO;6;BUY;über EMA50, über EMA100, 1M positiv, fundamental solide
MPWR;Monolithic Power Systems, Inc.;USD;1573.31 USD;1573.31;1578.62 USD;1482.59 USD;1345.67 USD;-0.34;6.12;6.23;2.0;-0.17;46.18;70.73;55.38;1689.89 USD;1689.89;-6.9;4.04;1.691;LOW;0.51%;8.0 USD;31.03.2026;31.03.2026;1452.94 USD;77296721920.0;Large Cap;52.17;113.03;1.95;26.1%;0.26;39.5%;0.4;22.98%;0.23;0.54;491.72 Mio.;491719136.0;832.07 Mio.;832067968.0;6;SOLID;8;GOOD;PEG Ratio attraktiv | Umsatzwachstum positiv | Gewinnwachstum positiv | solide Gewinnmarge | Free Cashflow positiv | Verschuldung wirkt moderat | Dividende vorhanden;Forward KGV sehr hoch | KGV sehr hoch;LOW RISK;NO;6;BUY;über EMA50, über EMA100, fundamental solide
NSC;Norfolk Southern Corporation;USD;311.37 USD;311.37;310.93 USD;307.58 USD;302.44 USD;0.14;1.23;-0.66;2.03;-0.21;0.58;8.3;42.62;325.68 USD;325.68;-4.39;1.5;1.272;LOW;1.73%;5.4 USD;08.05.2026;08.05.2026;301.43 USD;69931835392.0;Large Cap;22.99;26.21;4.59;0.2%;0.0;-26.6%;-0.27;21.91%;0.22;111.59;1.3 Mrd.;1298749952.0;3.76 Mrd.;3755000064.0;5;SOLID;8;GOOD;Forward KGV im gesunden Bereich | KGV nicht übertrieben | Umsatzwachstum positiv | solide Gewinnmarge | Free Cashflow positiv | Dividende vorhanden;PEG Ratio hoch | Gewinnwachstum negativ;LOW RISK;NO;6;BUY;über EMA20, über EMA50, über EMA100, fundamental solide
ADI;Analog Devices, Inc.;USD;406.19 USD;406.19;410.14 USD;388.74 USD;359.13 USD;-0.96;4.49;1.2;1.15;-0.3;23.53;58.97;46.66;437.67 USD;437.67;-7.19;2.81;1.183;LOW;1.08%;4.4 USD;02.06.2026;02.06.2026;380.97 USD;197849890816.0;Large Cap;27.49;60.63;0.88;37.2%;0.37;110.5%;1.1;26.01%;0.26;25.81;3.87 Mrd.;3868954624.0;5.11 Mrd.;5106470912.0;6;SOLID;8;GOOD;PEG Ratio attraktiv | Umsatzwachstum positiv | Gewinnwachstum positiv | solide Gewinnmarge | Free Cashflow positiv | Verschuldung wirkt moderat | Dividende vorhanden;KGV sehr hoch;LOW RISK;NO;6;BUY;über EMA50, über EMA100, fundamental solide
CW;Curtiss-Wright Corporation;USD;722.26 USD;722.26;730.55 USD;718.74 USD;691.42 USD;-1.14;0.49;-1.48;0.32;-0.3;6.46;28.4;54.36;751.0 USD;751.0;-3.83;1.88;0.863;LOW;0.14%;1.04 USD;15.06.2026;26.03.2026;704.37 USD;26681124864.0;Large Cap;42.37;52.95;2.0;13.4%;0.13;29.1%;0.29;14.17%;0.14;43.63;523.2 Mio.;523196256.0;676.51 Mio.;676512000.0;6;SOLID;8;GOOD;PEG Ratio attraktiv | Umsatzwachstum positiv | Gewinnwachstum positiv | solide Gewinnmarge | Free Cashflow positiv | Verschuldung wirkt moderat | Dividende vorhanden;Forward KGV sehr hoch | KGV sehr hoch;LOW RISK;NO;6;BUY;über EMA50, über EMA100, fundamental solide
TXT;Textron Inc.;USD;91.28 USD;91.28;91.1 USD;91.14 USD;90.74 USD;0.19;0.14;0.21;1.88;-0.34;-5.3;9.97;52.79;100.75 USD;100.75;-9.4;1.98;0.907;LOW;0.09%;0.08 USD;12.06.2026;13.03.2026;89.32 USD;15871716352.0;Large Cap;12.51;17.42;1.17;11.8%;0.12;10.6%;0.11;6.15%;0.06;52.67;622.37 Mio.;622374976.0;1.32 Mrd.;1319000064.0;7;VERY SOLID;8;GOOD;Forward KGV im gesunden Bereich | KGV nicht übertrieben | PEG Ratio attraktiv | Umsatzwachstum positiv | Gewinnwachstum positiv | Gewinnmarge positiv | Free Cashflow positiv | Verschuldung wirkt moderat | Dividende vorhanden;-;LOW RISK;NO;6;BUY;über EMA20, über EMA50, über EMA100, fundamental solide
EMR;Emerson Electric Company;USD;139.82 USD;139.82;139.32 USD;138.94 USD;138.82 USD;0.36;0.63;1.23;-1.29;-0.5;-1.29;7.22;63.69;160.42 USD;160.42;-12.84;2.25;1.246;LOW;1.59%;2.22 USD;15.05.2026;15.05.2026;136.16 USD;78313185280.0;Large Cap;19.54;32.37;1.93;2.9%;0.03;27.9%;0.28;13.35%;0.13;69.18;3.27 Mrd.;3272250112.0;3.56 Mrd.;3558000128.0;7;VERY SOLID;8;GOOD;Forward KGV im gesunden Bereich | PEG Ratio attraktiv | Umsatzwachstum positiv | Gewinnwachstum positiv | solide Gewinnmarge | Free Cashflow positiv | Verschuldung wirkt moderat | Dividende vorhanden;-;LOW RISK;NO;6;BUY;über EMA20, über EMA50, über EMA100, fundamental solide
AIR.DE;Airbus SE                     A;EUR;176.92 EUR;176.92;174.13 EUR;173.67 EUR;176.91 EUR;1.6;1.87;-1.16;2.14;-1.59;1.66;-10.73;57.69;216.25 EUR;216.25;-18.19;2.49;0.88;NORMAL;1.81%;3.2 EUR;21.04.2026;21.04.2026;170.2 EUR;139276386304.0;Large Cap;36.94;27.91;1.57;-6.6%;-0.07;-26.5%;-0.27;6.91%;0.07;55.66;-84.12 Mio.;-84125000.0;5.89 Mrd.;5888000000.0;3;MIXED;8;OK;KGV nicht übertrieben | PEG Ratio attraktiv | Gewinnmarge positiv | Verschuldung wirkt moderat | Dividende vorhanden;Umsatzwachstum negativ | Gewinnwachstum negativ | Free Cashflow negativ;LOW RISK;NO;6;BUY;über EMA20, über EMA50, über EMA100
AIR.PA;AIRBUS SE;EUR;176.96 EUR;176.96;174.12 EUR;173.68 EUR;176.92 EUR;1.63;1.89;-1.12;2.18;-1.62;1.71;-11.72;57.64;216.2 EUR;216.2;-18.15;2.49;0.88;NORMAL;1.81%;3.2 EUR;21.04.2026;21.04.2026;170.2 EUR;139307892736.0;Large Cap;20.64;27.91;1.57;-6.6%;-0.07;-26.5%;-0.27;6.91%;0.07;55.66;-84.12 Mio.;-84125000.0;5.89 Mrd.;5888000000.0;4;MIXED;8;OK;Forward KGV im gesunden Bereich | KGV nicht übertrieben | PEG Ratio attraktiv | Gewinnmarge positiv | Verschuldung wirkt moderat | Dividende vorhanden;Umsatzwachstum negativ | Gewinnwachstum negativ | Free Cashflow negativ;LOW RISK;NO;6;BUY;über EMA20, über EMA50, über EMA100
RR.L;ROLLS-ROYCE HOLDINGS PLC ORD SH;GBp;1259.0 GBp;1259.0;1249.17 GBp;1232.99 GBp;1220.61 GBp;0.79;2.11;-0.08;-1.08;-1.63;-3.37;19.0;66.01;1362.94 GBp;1362.94;-7.63;2.96;1.22;NORMAL;0.01%;0.1 GBp;23.04.2026;23.04.2026;1208.33 GBp;104444731392.0;Large Cap;29.11;18.25;2.18;16.6%;0.17;4.1%;0.04;27.54%;0.28;158.44;3.59 Mrd.;3590249984.0;4.57 Mrd.;4565000192.0;5;SOLID;8;GOOD;KGV nicht übertrieben | Umsatzwachstum positiv | Gewinnwachstum positiv | solide Gewinnmarge | Free Cashflow positiv | Dividende vorhanden;-;LOW RISK;NO;6;BUY;über EMA20, über EMA50, über EMA100, fundamental solide
DE;Deere & Company;USD;570.53 USD;570.53;565.62 USD;568.75 USD;560.66 USD;0.87;0.31;-2.21;5.18;-1.72;-3.13;22.2;52.44;660.56 USD;660.56;-13.63;2.27;0.928;LOW;1.14%;6.48 USD;30.06.2026;31.03.2026;557.37 USD;154104315904.0;Large Cap;24.96;32.27;1.79;-11.1%;-0.11;-8.5%;-0.09;10.1%;0.1;376.02;1.1 Mrd.;1098749952.0;7.93 Mrd.;7933000192.0;4;MIXED;8;OK;Forward KGV im gesunden Bereich | PEG Ratio attraktiv | solide Gewinnmarge | Free Cashflow positiv | Dividende vorhanden;Umsatzwachstum negativ | Gewinnwachstum negativ | Verschuldung hoch;LOW RISK;NO;6;BUY;über EMA20, über EMA50, über EMA100
WAB;Westinghouse Air Brake Technolo;USD;260.65 USD;260.65;261.3 USD;259.0 USD;250.83 USD;-0.25;0.64;0.1;1.81;-1.74;3.73;25.77;51.04;270.61 USD;270.61;-3.68;1.55;0.942;LOW;0.48%;1.24 USD;22.05.2026;22.05.2026;253.82 USD;44226400256.0;Large Cap;21.44;36.81;1.37;13.0%;0.13;12.8%;0.13;10.52%;0.11;62.03;1.12 Mrd.;1123250048.0;1.77 Mrd.;1767000064.0;7;VERY SOLID;8;GOOD;Forward KGV im gesunden Bereich | PEG Ratio attraktiv | Umsatzwachstum positiv | Gewinnwachstum positiv | solide Gewinnmarge | Free Cashflow positiv | Verschuldung wirkt moderat | Dividende vorhanden;-;LOW RISK;NO;6;BUY;über EMA50, über EMA100, fundamental solide
NET;Cloudflare, Inc.;USD;248.05 USD;248.05;235.34 USD;219.94 USD;211.11 USD;5.4;12.78;-0.82;-8.41;-3.4;28.98;25.92;69.49;272.66 USD;272.66;-9.03;6.14;1.674;LOW;0.0%;-;-;-;215.54 USD;87677304832.0;Large Cap;162.64;-;2.38;33.5%;0.34;-;-;-3.72%;-0.04;230.86;755.0 Mio.;754998272.0;615.66 Mio.;615660032.0;2;WEAK;6;OK;Umsatzwachstum positiv | Free Cashflow positiv;Forward KGV sehr hoch | negative Gewinnmarge | Verschuldung hoch;MEDIUM RISK;NO;6;BUY;über EMA20, über EMA50, über EMA100, Fundamentaldaten schwach
VIAV;Viavi Solutions Inc.;USD;48.11 USD;48.11;49.99 USD;46.04 USD;39.22 USD;-3.75;4.5;1.16;1.31;-5.76;55.19;167.87;46.92;55.33 USD;55.33;-13.05;5.52;1.188;LOW;0.0%;-;-;-;45.12 USD;11868046336.0;Large Cap;37.58;-;1.34;42.8%;0.43;-68.5%;-0.69;-4.03%;-0.04;134.26;171.91 Mio.;171912496.0;71.0 Mio.;71000000.0;3;MIXED;7;OK;PEG Ratio attraktiv | Umsatzwachstum positiv | Free Cashflow positiv;Gewinnwachstum negativ | negative Gewinnmarge;LOW RISK;NO;6;BUY;über EMA50, über EMA100
KEYS;Keysight Technologies Inc.;USD;331.55 USD;331.55;342.13 USD;330.35 USD;301.84 USD;-3.09;0.36;0.52;0.47;-6.62;16.54;69.0;45.4;366.68 USD;366.68;-9.58;2.31;1.221;LOW;0.0%;-;-;-;323.74 USD;56661209088.0;Large Cap;27.96;53.48;1.42;31.5%;0.32;35.6%;0.36;17.31%;0.17;43.64;1.09 Mrd.;1085750016.0;1.49 Mrd.;1488999936.0;6;SOLID;8;GOOD;PEG Ratio attraktiv | Umsatzwachstum positiv | Gewinnwachstum positiv | solide Gewinnmarge | Free Cashflow positiv | Verschuldung wirkt moderat;KGV sehr hoch;LOW RISK;NO;6;BUY;über EMA50, über EMA100, fundamental solide
DIOD;Diodes Incorporated;USD;103.98 USD;103.98;105.04 USD;96.81 USD;85.38 USD;-1.01;7.41;2.89;1.98;-7.65;61.41;125.5;57.72;116.22 USD;116.22;-10.53;4.63;1.897;LOW;0.0%;-;-;-;94.87 USD;4777219072.0;Mid Cap;20.84;56.2;0.93;22.1%;0.22;-;-;5.5%;0.05;5.38;145.36 Mio.;145361872.0;223.08 Mio.;223083008.0;5;SOLID;7;GOOD;Forward KGV im gesunden Bereich | PEG Ratio attraktiv | Umsatzwachstum positiv | Gewinnmarge positiv | Free Cashflow positiv | Verschuldung wirkt moderat;KGV sehr hoch;MEDIUM RISK;NO;6;BUY;über EMA50, über EMA100, fundamental solide
OTLK;Outlook Therapeutics, Inc.;USD;0.76 USD;0.76;0.57 USD;0.45 USD;0.54 USD;33.95;68.77;-1.87;-9.55;253.01;76.5;-54.61;84.98;2.97 USD;2.97;-74.33;13.11;0.983;LOW;0.0%;-;-;-;0.44 USD;92158224.0;Micro Cap;-2.86;-;-;-;-;-;-;0.0%;0.0;-;-25.47 Mio.;-25471416.0;-47.05 Mio.;-47045520.0;0;WEAK;3;OK;-;negative Gewinnmarge | Free Cashflow negativ;HIGH RISK;YES;5;TURNAROUND;über EMA20, über EMA50, über EMA100, 1M positiv, mögliche Trendwende, kurzfristig heiß gelaufen, hohes Risiko, Fundamentaldaten schwach
RKLB;Rocket Lab Corporation;USD;112.94 USD;112.94;119.91 USD;104.62 USD;90.92 USD;-5.81;7.96;2.6;-7.72;43.73;61.35;169.37;40.87;150.23 USD;150.23;-24.82;8.64;2.499;LOW;0.0%;-;-;-;102.52 USD;70570156032.0;Large Cap;-15535.76;-;-;63.5%;0.64;-;-;-26.87%;-0.27;6.12;-215.0 Mio.;-214999376.0;-161.63 Mio.;-161628000.0;2;WEAK;5;OK;Umsatzwachstum positiv | Verschuldung wirkt moderat;negative Gewinnmarge | Free Cashflow negativ;MEDIUM RISK;NO;5;BUY;über EMA50, über EMA100, 1M positiv, Fundamentaldaten schwach
ASTS;AST SpaceMobile, Inc.;USD;91.74 USD;91.74;99.71 USD;92.74 USD;88.63 USD;-7.99;-1.07;-1.99;-13.17;40.38;-2.26;65.24;52.18;133.09 USD;133.09;-31.07;8.22;2.634;LOW;0.0%;-;-;-;90.88 USD;35606548480.0;Large Cap;-447.08;-;-;1952.2%;19.52;-;-;0.0%;0.0;112.42;-1.41 Mrd.;-1412748416.0;-91.03 Mio.;-91029000.0;1;WEAK;5;OK;Umsatzwachstum positiv;negative Gewinnmarge | Free Cashflow negativ;MEDIUM RISK;NO;5;BUY;über EMA100, 1M positiv, Fundamentaldaten schwach
POET;POET Technologies Inc.;USD;12.19 USD;12.19;13.16 USD;11.23 USD;9.47 USD;-7.31;8.58;2.82;-12.2;27.3;83.66;151.96;42.07;20.57 USD;20.57;-40.71;16.79;0.733;LOW;0.0%;-;-;-;11.01 USD;2104800896.0;Mid Cap;-71.74;-;-;201.9%;2.02;-;-;0.0%;0.0;1.56;-42.38 Mio.;-42376272.0;-30.92 Mio.;-30916700.0;2;WEAK;5;OK;Umsatzwachstum positiv | Verschuldung wirkt moderat;negative Gewinnmarge | Free Cashflow negativ;LOW RISK;NO;5;BUY;über EMA50, über EMA100, 1M positiv, Fundamentaldaten schwach
LUNR;Intuitive Machines, Inc.;USD;29.73 USD;29.73;34.07 USD;29.89 USD;25.29 USD;-12.73;-0.54;1.26;-22.19;23.31;68.25;220.02;45.25;45.7 USD;45.7;-34.95;8.54;1.685;LOW;0.0%;-;-;-;29.29 USD;4770247168.0;Mid Cap;-247.75;-;-;198.7%;1.99;-;-;-32.69%;-0.33;62.25;-32.12 Mio.;-32115124.0;-88.5 Mio.;-88505000.0;2;WEAK;5;OK;Umsatzwachstum positiv | Verschuldung wirkt moderat;negative Gewinnmarge | Free Cashflow negativ;MEDIUM RISK;NO;5;BUY;über EMA100, 1M positiv, Fundamentaldaten schwach
AKAM;Akamai Technologies, Inc.;USD;142.62 USD;142.62;145.2 USD;130.27 USD;117.23 USD;-1.78;9.48;-4.49;-7.4;22.22;41.21;59.44;42.77;161.14 USD;161.14;-11.49;6.14;0.598;LOW;0.0%;-;-;-;127.67 USD;20734873600.0;Large Cap;19.91;48.18;1.77;5.8%;0.06;-13.4%;-0.13;10.2%;0.1;119.53;700.72 Mio.;700723392.0;1.58 Mrd.;1580072960.0;5;SOLID;8;GOOD;Forward KGV im gesunden Bereich | PEG Ratio attraktiv | Umsatzwachstum positiv | solide Gewinnmarge | Free Cashflow positiv;KGV sehr hoch | Gewinnwachstum negativ;LOW RISK;NO;5;BUY;über EMA50, über EMA100, 1M positiv, fundamental solide
GTLB;GitLab Inc.;USD;31.51 USD;31.51;28.31 USD;26.35 USD;27.82 USD;11.31;19.62;1.27;-6.73;21.59;24.22;-22.32;71.44;51.04 USD;51.04;-38.25;4.64;0.961;LOW;0.0%;-;-;-;25.82 USD;5322883584.0;Mid Cap;30.62;-;-;23.1%;0.23;-;-;-2.49%;-0.02;-;312.9 Mio.;312896736.0;275.75 Mio.;275751008.0;2;WEAK;4;OK;Umsatzwachstum positiv | Free Cashflow positiv;negative Gewinnmarge;MEDIUM RISK;YES;5;TURNAROUND;über EMA20, über EMA50, über EMA100, 1M positiv, mögliche Trendwende, Fundamentaldaten schwach
ONDS;Ondas Inc;USD;10.37 USD;10.37;10.97 USD;10.47 USD;10.08 USD;-5.5;-0.97;-0.58;-22.96;16.65;-1.14;25.85;53.48;14.01 USD;14.01;-25.98;8.72;2.622;LOW;0.0%;-;-;-;10.26 USD;5285771264.0;Mid Cap;-207.4;115.22;-;1079.9%;10.8;-;-;251.92%;2.52;0.73;-15.65 Mio.;-15650777.0;-83.39 Mio.;-83385000.0;3;MIXED;6;OK;Umsatzwachstum positiv | solide Gewinnmarge | Verschuldung wirkt moderat;KGV sehr hoch | Free Cashflow negativ;MEDIUM RISK;NO;5;BUY;über EMA100, 1M positiv
QLYS;Qualys, Inc.;USD;109.5 USD;109.5;103.3 USD;98.64 USD;102.77 USD;6.0;11.0;-0.37;-3.97;15.29;10.1;-22.69;70.09;153.8 USD;153.8;-28.81;3.22;0.651;LOW;0.0%;-;-;-;96.67 USD;3856086272.0;Mid Cap;13.26;19.66;4.31;9.8%;0.1;10.1%;0.1;29.41%;0.29;9.16;237.36 Mio.;237364256.0;295.11 Mio.;295105984.0;7;VERY SOLID;8;GOOD;Forward KGV im gesunden Bereich | KGV nicht übertrieben | Umsatzwachstum positiv | Gewinnwachstum positiv | solide Gewinnmarge | Free Cashflow positiv | Verschuldung wirkt moderat;PEG Ratio hoch;LOW RISK;YES;5;TURNAROUND;über EMA20, über EMA50, über EMA100, 1M positiv, mögliche Trendwende, fundamental solide
ENVX;Enovix Corporation;USD;7.26 USD;7.26;7.33 USD;6.82 USD;6.86 USD;-1.08;6.39;-0.34;-15.44;13.01;43.66;-3.65;62.66;15.93 USD;15.93;-54.46;5.94;2.215;LOW;0.0%;-;-;-;6.68 USD;1582703232.0;Small Cap;-12.67;-;-;49.1%;0.49;-;-;0.0%;0.0;224.03;-72.12 Mio.;-72119248.0;-111.46 Mio.;-111456000.0;1;WEAK;5;OK;Umsatzwachstum positiv;negative Gewinnmarge | Free Cashflow negativ | Verschuldung hoch;MEDIUM RISK;NO;5;BUY;über EMA50, über EMA100, 1M positiv, Fundamentaldaten schwach
KLAR;Klarna Group plc;USD;16.5 USD;16.5;16.4 USD;15.96 USD;17.76 USD;0.61;3.37;0.83;-7.85;12.06;21.91;-46.74;56.75;45.48 USD;45.48;-63.73;4.99;;LOW;0.0%;-;-;-;15.64 USD;6236982272.0;Mid Cap;16.83;-;0.12;44.4%;0.44;-;-;-5.18%;-0.05;53.72;-1.6 Mrd.;-1599874944.0;-2.59 Mrd.;-2591000064.0;4;MIXED;6;OK;Forward KGV im gesunden Bereich | PEG Ratio attraktiv | Umsatzwachstum positiv | Verschuldung wirkt moderat;negative Gewinnmarge | Free Cashflow negativ;LOW RISK;YES;5;TURNAROUND;über EMA20, über EMA50, 1M positiv, mögliche Trendwende
HOOD;Robinhood Markets, Inc.;USD;84.78 USD;84.78;82.18 USD;80.89 USD;85.41 USD;3.16;4.81;2.79;-6.56;11.14;5.23;-33.87;57.22;152.46 USD;152.46;-44.4;5.09;2.348;LOW;0.0%;-;-;-;79.27 USD;76340322304.0;Large Cap;30.39;41.15;2.31;15.1%;0.15;2.7%;0.03;41.12%;0.41;140.48;-;-;3.03 Mrd.;3033999872.0;3;MIXED;7;OK;Umsatzwachstum positiv | Gewinnwachstum positiv | solide Gewinnmarge;-;MEDIUM RISK;YES;5;TURNAROUND;über EMA20, über EMA50, 1M positiv, mögliche Trendwende
MBLY;Mobileye Global Inc.;USD;9.78 USD;9.78;9.93 USD;9.34 USD;9.43 USD;-1.41;4.8;3.33;-8.38;10.32;20.5;-14.47;56.21;19.08 USD;19.08;-48.72;4.06;1.146;LOW;0.0%;-;-;-;9.15 USD;8240791040.0;Mid Cap;27.2;-;0.61;27.4%;0.27;-;-;-203.97%;-2.04;0.76;591.63 Mio.;591625024.0;568.0 Mio.;568000000.0;4;MIXED;6;OK;PEG Ratio attraktiv | Umsatzwachstum positiv | Free Cashflow positiv | Verschuldung wirkt moderat;negative Gewinnmarge;LOW RISK;NO;5;BUY;über EMA50, über EMA100, 1M positiv
MNDY;monday.com Ltd.;USD;84.24 USD;84.24;81.01 USD;78.52 USD;89.61 USD;3.98;7.28;-1.75;-11.76;10.28;7.34;-41.89;57.29;314.48 USD;314.48;-73.21;5.12;1.233;LOW;0.0%;-;-;-;76.95 USD;4342695424.0;Mid Cap;15.61;36.79;0.28;24.5%;0.24;9.6%;0.1;9.17%;0.09;23.41;248.48 Mio.;248481248.0;326.36 Mio.;326360992.0;6;SOLID;8;GOOD;Forward KGV im gesunden Bereich | PEG Ratio attraktiv | Umsatzwachstum positiv | Gewinnwachstum positiv | Gewinnmarge positiv | Free Cashflow positiv | Verschuldung wirkt moderat;-;LOW RISK;YES;5;TURNAROUND;über EMA20, über EMA50, 1M positiv, mögliche Trendwende, fundamental solide
ASAN;Asana, Inc.;USD;7.76 USD;7.76;7.3 USD;7.08 USD;7.9 USD;6.37;9.56;-1.02;-14.44;10.07;-1.89;-37.77;62.0;15.35 USD;15.35;-49.44;6.1;0.956;LOW;0.0%;-;-;-;6.94 USD;1841986816.0;Small Cap;16.36;-;-;9.5%;0.1;-;-;-20.21%;-0.2;181.22;189.13 Mio.;189131632.0;123.84 Mio.;123841000.0;3;MIXED;5;OK;Forward KGV im gesunden Bereich | Umsatzwachstum positiv | Free Cashflow positiv;negative Gewinnmarge;LOW RISK;YES;5;TURNAROUND;über EMA20, über EMA50, 1M positiv, mögliche Trendwende
RPD;Rapid7, Inc.;USD;7.38 USD;7.38;7.33 USD;7.09 USD;8.25 USD;0.62;4.15;-1.73;-15.56;9.99;4.83;-52.42;57.16;25.59 USD;25.59;-71.16;4.53;1.017;LOW;0.0%;-;-;-;6.94 USD;493209952.0;Small Cap;4.75;21.09;0.41;-0.3%;-0.0;-43.1%;-0.43;2.61%;0.03;552.26;140.87 Mio.;140865872.0;163.89 Mio.;163887008.0;4;MIXED;8;OK;Forward KGV im gesunden Bereich | KGV nicht übertrieben | PEG Ratio attraktiv | Gewinnmarge positiv | Free Cashflow positiv;Umsatzwachstum negativ | Gewinnwachstum negativ | Verschuldung hoch;LOW RISK;YES;5;TURNAROUND;über EMA20, über EMA50, 1M positiv, mögliche Trendwende
WDAY;Workday, Inc.;USD;143.74 USD;143.74;136.34 USD;134.01 USD;145.65 USD;5.43;7.26;-0.37;-8.58;9.83;-2.34;-33.25;61.08;252.9 USD;252.9;-43.16;4.09;1.081;LOW;0.0%;-;-;-;131.33 USD;35499966464.0;Large Cap;11.37;44.92;0.57;13.5%;0.14;248.0%;2.48;8.6%;0.09;56.94;3.12 Mrd.;3118749952.0;3.18 Mrd.;3177999872.0;6;SOLID;8;GOOD;Forward KGV im gesunden Bereich | PEG Ratio attraktiv | Umsatzwachstum positiv | Gewinnwachstum positiv | Gewinnmarge positiv | Free Cashflow positiv | Verschuldung wirkt moderat;-;LOW RISK;YES;5;TURNAROUND;über EMA20, über EMA50, 1M positiv, mögliche Trendwende, fundamental solide
IPGP;IPG Photonics Corporation;USD;111.31 USD;111.31;114.97 USD;114.66 USD;110.84 USD;-3.18;-2.92;3.67;-3.34;9.63;-12.2;41.78;54.86;153.91 USD;153.91;-27.68;6.56;0.95;LOW;0.0%;-;19.12.2012;-;112.37 USD;4724398592.0;Mid Cap;48.16;163.69;1.83;16.6%;0.17;-57.5%;-0.57;2.78%;0.03;0.77;603625.0;603625.0;56.44 Mio.;56436000.0;4;MIXED;8;OK;PEG Ratio attraktiv | Umsatzwachstum positiv | Gewinnmarge positiv | Free Cashflow positiv | Verschuldung wirkt moderat;Forward KGV sehr hoch | KGV sehr hoch | Gewinnwachstum negativ;LOW RISK;NO;5;BUY;über EMA100, 1M positiv
ETL.PA;EUTELSAT COMMUNIC.;EUR;3.02 EUR;3.02;3.39 EUR;3.04 EUR;2.78 EUR;-10.69;-0.53;0.37;-20.4;8.23;46.8;40.0;50.56;4.51 EUR;4.51;-32.95;6.48;0.136;NORMAL;0.0%;-;17.11.2022;17.11.2022;2.98 EUR;3562072576.0;Mid Cap;-12.96;-;1.78;-2.4%;-0.02;-;-;-36.22%;-0.36;74.14;-13.44 Mio.;-13437500.0;521.2 Mio.;521200000.0;2;WEAK;6;OK;PEG Ratio attraktiv | Verschuldung wirkt moderat;Umsatzwachstum negativ | negative Gewinnmarge | Free Cashflow negativ;LOW RISK;NO;5;BUY;über EMA100, 1M positiv, Fundamentaldaten schwach
SAP.DE;SAP SE                        I;EUR;158.1 EUR;158.1;154.96 EUR;153.74 EUR;162.24 EUR;2.03;2.84;-2.09;-5.84;8.14;-3.94;-21.51;51.18;263.13 EUR;263.13;-39.92;2.98;0.727;LOW;1.58%;2.5 EUR;06.05.2026;06.05.2026;150.66 EUR;184591089664.0;Large Cap;18.52;25.38;1.63;6.0%;0.06;9.3%;0.09;19.58%;0.2;17.33;8.14 Mrd.;8143750144.0;8.89 Mrd.;8888999936.0;8;VERY SOLID;8;GOOD;Forward KGV im gesunden Bereich | KGV nicht übertrieben | PEG Ratio attraktiv | Umsatzwachstum positiv | Gewinnwachstum positiv | solide Gewinnmarge | Free Cashflow positiv | Verschuldung wirkt moderat | Dividende vorhanden;-;LOW RISK;YES;5;TURNAROUND;über EMA20, über EMA50, 1M positiv, mögliche Trendwende, fundamental solide
QUBT;Quantum Computing Inc.;USD;10.35 USD;10.35;10.87 USD;10.06 USD;10.06 USD;-4.85;2.85;3.92;-16.51;7.42;34.0;-9.73;53.57;24.62 USD;24.62;-57.98;7.42;3.743;LOW;0.0%;-;-;-;9.86 USD;2333159680.0;Mid Cap;-47.75;-;-;9364.1%;93.64;-;-;0.0%;0.0;0.34;-40.36 Mio.;-40361376.0;-35.29 Mio.;-35286000.0;2;WEAK;5;OK;Umsatzwachstum positiv | Verschuldung wirkt moderat;negative Gewinnmarge | Free Cashflow negativ;MEDIUM RISK;NO;5;BUY;über EMA50, über EMA100, 1M positiv, Fundamentaldaten schwach
OXY;Occidental Petroleum Corporatio;USD;57.74 USD;57.74;58.02 USD;57.3 USD;54.73 USD;-0.49;0.77;1.42;-2.0;7.04;8.97;40.88;42.13;66.24 USD;66.24;-12.83;2.57;0.124;LOW;1.8%;1.04 USD;10.06.2026;10.03.2026;56.15 USD;57430106112.0;Large Cap;14.31;78.03;1.2;-8.3%;-0.08;315.6%;3.16;22.42%;0.22;41.99;3.03 Mrd.;3033374976.0;9.67 Mrd.;9665000448.0;6;SOLID;8;GOOD;Forward KGV im gesunden Bereich | PEG Ratio attraktiv | Gewinnwachstum positiv | solide Gewinnmarge | Free Cashflow positiv | Verschuldung wirkt moderat | Dividende vorhanden;KGV sehr hoch | Umsatzwachstum negativ;LOW RISK;NO;5;BUY;über EMA50, über EMA100, 1M positiv, fundamental solide
QSI;Quantum-Si Incorporated;USD;1.05 USD;1.05;1.07 USD;1.01 USD;1.04 USD;-2.55;3.5;-0.36;-11.34;6.65;14.97;-22.5;62.02;2.63 USD;2.63;-60.22;6.14;3.17;LOW;0.0%;-;-;-;0.99 USD;227820688.0;Micro Cap;-2.91;-;-;-69.4%;-0.69;-;-;0.0%;0.0;1.85;-45.93 Mio.;-45931124.0;-94.2 Mio.;-94201000.0;1;WEAK;5;OK;Verschuldung wirkt moderat;Umsatzwachstum negativ | negative Gewinnmarge | Free Cashflow negativ;MEDIUM RISK;NO;5;BUY;über EMA50, über EMA100, 1M positiv, Fundamentaldaten schwach
FICO;Fair Isaac Corporation;USD;1203.0 USD;1203.0;1185.02 USD;1168.43 USD;1238.82 USD;1.52;2.96;5.77;-6.36;6.61;-18.45;-33.07;52.57;1926.52 USD;1926.52;-37.56;2.91;1.283;LOW;0.0%;-;01.03.2017;01.03.2017;1145.06 USD;27898660864.0;Large Cap;22.16;38.19;0.76;38.7%;0.39;69.0%;0.69;33.67%;0.34;-;730.54 Mio.;730540992.0;907.33 Mio.;907331968.0;6;SOLID;7;GOOD;Forward KGV im gesunden Bereich | PEG Ratio attraktiv | Umsatzwachstum positiv | Gewinnwachstum positiv | solide Gewinnmarge | Free Cashflow positiv;-;LOW RISK;YES;5;TURNAROUND;über EMA20, über EMA50, 1M positiv, mögliche Trendwende, fundamental solide
UPST;Upstart Holdings, Inc.;USD;30.88 USD;30.88;30.76 USD;30.73 USD;33.23 USD;0.39;0.47;3.83;-8.12;6.48;7.93;-26.58;59.44;84.13 USD;84.13;-63.29;4.52;2.28;LOW;0.0%;-;-;-;30.12 USD;2955573248.0;Mid Cap;9.08;75.32;-;44.6%;0.45;-;-;4.21%;0.04;269.84;-312.58 Mio.;-312582368.0;-267.54 Mio.;-267536000.0;2;WEAK;6;OK;Forward KGV im gesunden Bereich | Umsatzwachstum positiv | Gewinnmarge positiv;KGV sehr hoch | Free Cashflow negativ | Verschuldung hoch;MEDIUM RISK;YES;5;TURNAROUND;über EMA20, über EMA50, 1M positiv, mögliche Trendwende, Fundamentaldaten schwach
AJG;Arthur J. Gallagher & Co.;USD;212.65 USD;212.65;206.16 USD;209.51 USD;219.04 USD;3.15;1.5;-1.61;3.52;5.65;-6.81;-13.66;57.68;322.35 USD;322.35;-34.03;1.98;0.533;LOW;1.32%;2.8 USD;05.06.2026;05.06.2026;205.32 USD;54638714880.0;Large Cap;14.34;34.41;0.92;34.6%;0.35;16.2%;0.16;11.35%;0.11;56.18;1.08 Mrd.;1080225024.0;2.02 Mrd.;2015000064.0;7;VERY SOLID;8;GOOD;Forward KGV im gesunden Bereich | PEG Ratio attraktiv | Umsatzwachstum positiv | Gewinnwachstum positiv | solide Gewinnmarge | Free Cashflow positiv | Verschuldung wirkt moderat | Dividende vorhanden;-;LOW RISK;NO;5;BUY;über EMA20, über EMA50, 1M positiv, fundamental solide
SPT;Sprout Social, Inc;USD;7.14 USD;7.14;7.02 USD;6.74 USD;7.29 USD;1.63;5.82;-1.31;-13.93;4.93;1.35;-27.34;58.59;22.46 USD;22.46;-68.23;5.02;0.992;LOW;0.0%;-;-;-;6.61 USD;428853024.0;Small Cap;5.98;-;0.08;11.2%;0.11;-;-;-8.18%;-0.08;21.63;101.83 Mio.;101832128.0;50.54 Mio.;50539000.0;5;SOLID;6;GOOD;Forward KGV im gesunden Bereich | PEG Ratio attraktiv | Umsatzwachstum positiv | Free Cashflow positiv | Verschuldung wirkt moderat;negative Gewinnmarge;LOW RISK;NO;5;BUY;über EMA20, über EMA50, 1M positiv, fundamental solide
FANG;Diamondback Energy, Inc.;USD;197.99 USD;197.99;198.83 USD;194.33 USD;184.75 USD;-0.42;1.88;2.79;-0.52;4.53;11.19;34.13;43.99;212.52 USD;212.52;-6.84;2.56;0.391;NORMAL;2.22%;4.4 USD;14.05.2026;14.05.2026;190.45 USD;55697223680.0;Large Cap;11.31;202.03;56.78;4.2%;0.04;-98.4%;-0.98;1.96%;0.02;32.59;1.4 Mrd.;1397250048.0;8.23 Mrd.;8231000064.0;4;MIXED;8;OK;Forward KGV im gesunden Bereich | Umsatzwachstum positiv | Gewinnmarge positiv | Free Cashflow positiv | Verschuldung wirkt moderat | Dividende vorhanden;KGV sehr hoch | PEG Ratio hoch | Gewinnwachstum negativ;LOW RISK;NO;5;BUY;über EMA50, über EMA100, 1M positiv
NXT;Nextpower Inc.;USD;126.3 USD;126.3;135.48 USD;127.45 USD;118.81 USD;-6.78;-0.91;-4.01;-12.91;4.5;22.14;39.29;45.95;156.4 USD;156.4;-19.25;5.43;1.735;LOW;0.0%;-;-;-;124.9 USD;19220142080.0;Large Cap;21.64;32.89;4.75;-4.7%;-0.05;-7.1%;-0.07;16.46%;0.16;2.27;311.73 Mio.;311732128.0;562.91 Mio.;562910976.0;4;MIXED;8;OK;Forward KGV im gesunden Bereich | solide Gewinnmarge | Free Cashflow positiv | Verschuldung wirkt moderat;PEG Ratio hoch | Umsatzwachstum negativ | Gewinnwachstum negativ;MEDIUM RISK;NO;5;BUY;über EMA100, 1M positiv
VRTX;Vertex Pharmaceuticals Incorpor;USD;443.76 USD;443.76;438.19 USD;440.68 USD;444.01 USD;1.27;0.7;-0.69;1.22;4.41;-3.7;2.68;55.03;499.17 USD;499.17;-11.1;1.51;0.31;LOW;0.0%;-;-;-;431.87 USD;112628695040.0;Large Cap;20.67;26.34;1.68;7.8%;0.08;61.4%;0.61;35.51%;0.36;10.26;2.78 Mrd.;2783225088.0;4.24 Mrd.;4240600064.0;8;VERY SOLID;8;GOOD;Forward KGV im gesunden Bereich | KGV nicht übertrieben | PEG Ratio attraktiv | Umsatzwachstum positiv | Gewinnwachstum positiv | solide Gewinnmarge | Free Cashflow positiv | Verschuldung wirkt moderat;-;LOW RISK;NO;5;BUY;über EMA20, über EMA50, 1M positiv, fundamental solide
HIMS;Hims & Hers Health, Inc.;USD;26.62 USD;26.62;25.99 USD;25.33 USD;26.56 USD;2.43;5.09;1.64;-4.11;3.78;67.63;-30.68;74.08;66.18 USD;66.18;-59.78;5.02;2.398;LOW;0.0%;-;-;-;24.82 USD;6161403904.0;Mid Cap;20.69;-;2.15;3.8%;0.04;-;-;-0.56%;-0.01;253.72;174.31 Mio.;174305120.0;280.27 Mio.;280272000.0;3;MIXED;6;OK;Forward KGV im gesunden Bereich | Umsatzwachstum positiv | Free Cashflow positiv;negative Gewinnmarge | Verschuldung hoch;HIGH RISK;NO;5;BUY;über EMA20, über EMA50, über EMA100, 1M positiv, hohes Risiko
DUOL;Duolingo, Inc.;USD;117.78 USD;117.78;109.62 USD;109.1 USD;123.94 USD;7.44;7.96;8.03;-0.16;3.67;15.99;-37.49;55.27;497.93 USD;497.93;-76.35;3.59;0.886;NORMAL;0.0%;-;-;-;106.92 USD;5487737344.0;Mid Cap;15.01;13.48;-;26.5%;0.27;23.6%;0.24;38.44%;0.38;6.6;312.47 Mio.;312465120.0;432.96 Mio.;432963008.0;7;VERY SOLID;7;GOOD;Forward KGV im gesunden Bereich | KGV nicht übertrieben | Umsatzwachstum positiv | Gewinnwachstum positiv | solide Gewinnmarge | Free Cashflow positiv | Verschuldung wirkt moderat;-;LOW RISK;NO;5;BUY;über EMA20, über EMA50, 1M positiv, fundamental solide
CTAS;Cintas Corporation;USD;175.79 USD;175.79;173.42 USD;174.87 USD;179.4 USD;1.36;0.53;-2.26;1.67;3.66;-13.82;-4.3;52.48;224.14 USD;224.14;-21.57;1.49;0.934;LOW;1.02%;1.8 USD;15.05.2026;15.05.2026;171.37 USD;70338068480.0;Large Cap;32.39;37.01;2.86;8.9%;0.09;9.7%;0.1;17.57%;0.18;60.94;1.51 Mrd.;1508147456.0;2.21 Mrd.;2207493888.0;5;SOLID;8;GOOD;Umsatzwachstum positiv | Gewinnwachstum positiv | solide Gewinnmarge | Free Cashflow positiv | Verschuldung wirkt moderat | Dividende vorhanden;-;LOW RISK;NO;5;BUY;über EMA20, über EMA50, 1M positiv, fundamental solide
APA;APA Corporation;USD;37.53 USD;37.53;37.85 USD;37.33 USD;34.85 USD;-0.82;0.55;2.64;-0.57;3.57;16.7;54.62;37.88;44.09 USD;44.09;-14.88;3.06;0.327;LOW;2.66%;1.0 USD;22.07.2026;22.04.2026;36.58 USD;13267505152.0;Large Cap;8.82;8.75;0.65;-11.9%;-0.12;32.2%;0.32;18.31%;0.18;61.31;1.69 Mrd.;1691250048.0;4.0 Mrd.;4003000064.0;7;VERY SOLID;8;GOOD;Forward KGV im gesunden Bereich | KGV nicht übertrieben | PEG Ratio attraktiv | Gewinnwachstum positiv | solide Gewinnmarge | Free Cashflow positiv | Verschuldung wirkt moderat | Dividende vorhanden;Umsatzwachstum negativ;LOW RISK;NO;5;BUY;über EMA50, über EMA100, 1M positiv, fundamental solide
WFC;Wells Fargo & Company;USD;81.46 USD;81.46;78.38 USD;79.0 USD;80.72 USD;3.93;3.11;-0.59;5.56;3.49;-0.22;-3.78;77.0;95.37 USD;95.37;-14.59;1.7;0.93;LOW;2.21%;1.8 USD;08.05.2026;08.05.2026;77.42 USD;249497239552.0;Mega Cap;10.32;12.6;1.45;5.7%;0.06;15.1%;0.15;26.74%;0.27;-;-;-;1.18 Mrd.;1179000064.0;6;SOLID;6;GOOD;Forward KGV im gesunden Bereich | KGV nicht übertrieben | PEG Ratio attraktiv | Umsatzwachstum positiv | Gewinnwachstum positiv | solide Gewinnmarge | Dividende vorhanden;-;LOW RISK;NO;5;BUY;über EMA20, über EMA50, über EMA100, 1M positiv, kurzfristig heiß gelaufen, fundamental solide
FANUY;Fanuc Corporation;USD;22.87 USD;22.87;24.1 USD;22.77 USD;21.37 USD;-5.12;0.44;0.97;-9.71;3.2;16.62;43.39;38.8;26.61 USD;26.61;-14.05;4.01;0.937;LOW;1.49%;0.34 USD;30.09.2025;31.03.2025;22.32 USD;42682671104.0;Large Cap;34.13;40.84;3.61;10.6%;0.11;11.0%;0.11;19.41%;0.19;-;159.45 Mrd.;159451873280.0;250.9 Mrd.;250896007168.0;4;MIXED;7;OK;Umsatzwachstum positiv | Gewinnwachstum positiv | solide Gewinnmarge | Free Cashflow positiv | Dividende vorhanden;PEG Ratio hoch;LOW RISK;NO;5;BUY;über EMA50, über EMA100, 1M positiv
PCTY;Paylocity Holding Corporation;USD;112.56 USD;112.56;111.9 USD;110.72 USD;116.11 USD;0.59;1.66;-0.79;-8.11;3.15;-2.96;-23.4;49.36;190.36 USD;190.36;-40.87;3.09;0.505;LOW;0.0%;-;-;-;108.5 USD;6026918912.0;Mid Cap;12.93;24.05;0.89;10.5%;0.1;27.3%;0.27;14.94%;0.15;11.4;367.59 Mio.;367594368.0;507.93 Mio.;507928000.0;8;VERY SOLID;8;GOOD;Forward KGV im gesunden Bereich | KGV nicht übertrieben | PEG Ratio attraktiv | Umsatzwachstum positiv | Gewinnwachstum positiv | solide Gewinnmarge | Free Cashflow positiv | Verschuldung wirkt moderat;-;LOW RISK;NO;5;BUY;über EMA20, über EMA50, 1M positiv, fundamental solide
PGR;Progressive Corporation (The);USD;201.64 USD;201.64;198.04 USD;199.61 USD;202.63 USD;1.82;1.02;-1.17;4.66;3.01;-4.2;-6.37;46.84;254.77 USD;254.77;-20.85;1.41;0.27;LOW;6.89%;13.9 USD;02.07.2026;02.04.2026;195.62 USD;117656944640.0;Large Cap;12.45;10.25;31.31;8.7%;0.09;9.8%;0.1;12.93%;0.13;26.17;15.5 Mrd.;15501625344.0;16.77 Mrd.;16771999744.0;7;VERY SOLID;8;GOOD;Forward KGV im gesunden Bereich | KGV nicht übertrieben | Umsatzwachstum positiv | Gewinnwachstum positiv | solide Gewinnmarge | Free Cashflow positiv | Verschuldung wirkt moderat | Dividende vorhanden;PEG Ratio hoch;LOW RISK;NO;5;BUY;über EMA20, über EMA50, 1M positiv, fundamental solide
EBAY;eBay Inc.;USD;109.16 USD;109.16;109.99 USD;105.45 USD;99.9 USD;-0.75;3.52;-0.17;-1.08;2.86;18.04;33.61;38.27;118.63 USD;118.63;-7.98;2.14;1.372;LOW;1.14%;1.24 USD;29.05.2026;29.05.2026;103.34 USD;48467042304.0;Large Cap;16.14;25.21;1.71;19.5%;0.2;7.1%;0.07;17.61%;0.18;163.33;1.2 Mrd.;1200375040.0;2.17 Mrd.;2172999936.0;7;VERY SOLID;8;GOOD;Forward KGV im gesunden Bereich | KGV nicht übertrieben | PEG Ratio attraktiv | Umsatzwachstum positiv | Gewinnwachstum positiv | solide Gewinnmarge | Free Cashflow positiv | Dividende vorhanden;-;LOW RISK;NO;5;BUY;über EMA50, über EMA100, 1M positiv, fundamental solide
ES;Eversource Energy (D/B/A);USD;67.99 USD;67.99;68.63 USD;68.57 USD;68.47 USD;-0.94;-0.84;-3.7;2.07;2.62;-6.87;5.4;49.64;74.53 USD;74.53;-8.77;1.65;0.727;LOW;4.63%;3.15 USD;18.05.2026;18.05.2026;67.2 USD;25580961792.0;Large Cap;13.71;14.57;2.98;9.4%;0.09;7.4%;0.07;12.55%;0.13;181.82;587.29 Mio.;587291392.0;4.4 Mrd.;4397302784.0;6;SOLID;8;GOOD;Forward KGV im gesunden Bereich | KGV nicht übertrieben | Umsatzwachstum positiv | Gewinnwachstum positiv | solide Gewinnmarge | Free Cashflow positiv | Dividende vorhanden;-;LOW RISK;NO;5;BUY;1M positiv, fundamental solide
DNUT;Krispy Kreme, Inc.;USD;3.72 USD;3.72;3.44 USD;3.48 USD;3.52 USD;8.06;7.04;5.98;5.38;2.2;2.76;-9.49;73.33;4.7 USD;4.7;-20.85;3.46;1.267;NORMAL;3.76%;0.14 USD;23.04.2025;23.04.2025;3.41 USD;641328000.0;Small Cap;69.65;-;-;-2.2%;-0.02;-;-;-33.36%;-0.33;201.77;22.38 Mio.;22383124.0;74.92 Mio.;74924000.0;1;WEAK;5;OK;Free Cashflow positiv | Dividende vorhanden;Forward KGV sehr hoch | Umsatzwachstum negativ | negative Gewinnmarge | Verschuldung hoch;MEDIUM RISK;NO;5;BUY;über EMA20, über EMA50, über EMA100, 1M positiv, Fundamentaldaten schwach
25X.F;SuperQ Quantum Computing Inc. R;EUR;0.59 EUR;0.59;0.56 EUR;0.57 EUR;0.58 EUR;4.97;3.61;13.57;-2.66;2.09;-7.72;45.77;51.29;1.1 EUR;1.1;-46.73;8.94;;HIGH;0.0%;-;-;-;0.55 EUR;18024134.0;Micro Cap;-;-;-;-;-;-;-;0.0%;0.0;-;-;-;-2.86 Mio.;-2857610.0;0;UNKNOWN;1;LOW;-;negative Gewinnmarge | Fundamentaldaten unvollständig;LOW RISK;NO;5;BUY;über EMA20, über EMA50, über EMA100, 1M positiv, hohes Volumen, Fundamentaldaten unvollständig
APPN;Appian Corporation;USD;24.21 USD;24.21;23.22 USD;23.18 USD;24.88 USD;4.25;4.43;-2.1;-12.82;1.89;-10.3;-41.07;62.2;45.64 USD;45.64;-46.95;5.49;0.856;LOW;0.0%;-;-;-;22.72 USD;1777307392.0;Small Cap;19.28;1210.5;-;21.5%;0.21;-;-;0.12%;0.0;-;88.27 Mio.;88268624.0;66.73 Mio.;66735000.0;3;MIXED;5;OK;Forward KGV im gesunden Bereich | Umsatzwachstum positiv | Gewinnmarge positiv | Free Cashflow positiv;KGV sehr hoch;LOW RISK;NO;5;BUY;über EMA20, über EMA50, 1M positiv
CPB;The Campbell's Company;USD;21.62 USD;21.62;20.92 USD;21.31 USD;22.74 USD;3.37;1.49;-0.25;2.59;1.76;-12.18;-26.12;69.98;32.54 USD;32.54;-33.54;1.3;0.01;NORMAL;7.21%;1.56 USD;02.07.2026;02.04.2026;20.88 USD;6447417856.0;Mid Cap;10.36;11.75;0.67;-4.5%;-0.04;-17.2%;-0.17;5.48%;0.05;185.0;862.5 Mio.;862499968.0;1.13 Mrd.;1134000000.0;4;MIXED;8;OK;Forward KGV im gesunden Bereich | KGV nicht übertrieben | PEG Ratio attraktiv | Gewinnmarge positiv | Free Cashflow positiv | Dividende vorhanden;Umsatzwachstum negativ | Gewinnwachstum negativ;LOW RISK;NO;5;BUY;über EMA20, über EMA50, 1M positiv
EOAN.DE;E.ON SE                       N;EUR;18.17 EUR;18.17;18.22 EUR;18.27 EUR;17.93 EUR;-0.31;-0.57;-0.6;0.89;1.4;-0.85;21.92;45.84;19.7 EUR;19.7;-7.81;1.63;0.82;NORMAL;3.14%;0.57 EUR;24.04.2026;24.04.2026;17.9 EUR;47466565632.0;Large Cap;14.6;13.87;0.96;-13.4%;-0.13;321.4%;3.21;4.46%;0.04;150.02;-3.41 Mrd.;-3405900032.0;7.43 Mrd.;7433999872.0;4;MIXED;8;OK;Forward KGV im gesunden Bereich | KGV nicht übertrieben | PEG Ratio attraktiv | Gewinnwachstum positiv | Gewinnmarge positiv | Dividende vorhanden;Umsatzwachstum negativ | Free Cashflow negativ;LOW RISK;NO;5;BUY;über EMA100, 1M positiv
ALV.DE;Allianz SE                    v;EUR;374.1 EUR;374.1;376.58 EUR;370.83 EUR;364.4 EUR;-0.66;0.88;0.35;-0.21;1.35;9.0;6.63;40.09;391.0 EUR;391.0;-4.32;1.36;0.667;NORMAL;4.57%;17.1 EUR;08.05.2026;08.05.2026;363.41 EUR;141890994176.0;Large Cap;11.31;12.09;2.6;8.8%;0.09;52.4%;0.52;10.43%;0.1;-;-;-;-;-;5;SOLID;6;GOOD;Forward KGV im gesunden Bereich | KGV nicht übertrieben | Umsatzwachstum positiv | Gewinnwachstum positiv | solide Gewinnmarge | Dividende vorhanden;-;LOW RISK;NO;5;BUY;über EMA50, über EMA100, 1M positiv, fundamental solide
PAYO;Payoneer Global Inc.;USD;5.11 USD;5.11;5.07 USD;5.04 USD;5.15 USD;0.88;1.5;1.49;-5.8;1.09;5.46;-10.89;62.16;7.42 USD;7.42;-31.06;2.48;1.014;LOW;0.0%;-;-;-;4.94 USD;1712392704.0;Small Cap;13.65;25.57;-;6.1%;0.06;13.3%;0.13;6.76%;0.07;12.14;-39.31 Mio.;-39308376.0;231.6 Mio.;231604000.0;5;SOLID;7;GOOD;Forward KGV im gesunden Bereich | KGV nicht übertrieben | Umsatzwachstum positiv | Gewinnwachstum positiv | Gewinnmarge positiv | Verschuldung wirkt moderat;Free Cashflow negativ;LOW RISK;NO;5;BUY;über EMA20, über EMA50, 1M positiv, fundamental solide
FN;Fabrinet;USD;630.47 USD;630.47;672.15 USD;648.68 USD;599.97 USD;-6.2;-2.81;1.48;1.3;0.69;15.8;40.4;41.03;746.47 USD;746.47;-15.54;5.56;1.171;LOW;0.0%;-;-;-;635.71 USD;22589396992.0;Large Cap;36.51;54.26;-;39.3%;0.39;53.3%;0.53;9.94%;0.1;0.19;-79.18 Mio.;-79178376.0;256.85 Mio.;256851008.0;3;MIXED;7;OK;Umsatzwachstum positiv | Gewinnwachstum positiv | Gewinnmarge positiv | Verschuldung wirkt moderat;KGV sehr hoch | Free Cashflow negativ;LOW RISK;NO;5;BUY;über EMA100, 1M positiv
TSLA;Tesla, Inc.;USD;411.64 USD;411.64;416.89 USD;408.2 USD;406.72 USD;-1.26;0.84;5.28;-1.02;-0.04;1.5;-3.5;50.63;489.88 USD;489.88;-15.97;2.78;1.798;NORMAL;0.0%;-;-;-;400.04 USD;1546009575424.0;Mega Cap;164.35;377.65;5.38;15.8%;0.16;8.3%;0.08;3.95%;0.04;18.74;5.25 Mrd.;5251999744.0;16.53 Mrd.;16528000000.0;4;MIXED;8;OK;Umsatzwachstum positiv | Gewinnwachstum positiv | Gewinnmarge positiv | Free Cashflow positiv | Verschuldung wirkt moderat;Forward KGV sehr hoch | KGV sehr hoch | PEG Ratio hoch;LOW RISK;NO;5;BUY;über EMA50, über EMA100
WCH.DE;Wacker Chemie AG              I;EUR;94.25 EUR;94.25;98.96 EUR;94.05 EUR;87.39 EUR;-4.76;0.21;-3.88;-6.59;-0.05;27.71;39.94;45.44;105.6 EUR;105.6;-10.75;2.76;0.704;NORMAL;2.65%;2.5 EUR;08.05.2025;08.05.2025;92.17 EUR;4682149888.0;Mid Cap;35.58;-;5.17;-4.9%;-0.05;-;-;-14.83%;-0.15;63.01;245.02 Mio.;245024992.0;588.3 Mio.;588300032.0;2;WEAK;6;OK;Free Cashflow positiv | Verschuldung wirkt moderat | Dividende vorhanden;PEG Ratio hoch | Umsatzwachstum negativ | negative Gewinnmarge;LOW RISK;NO;5;BUY;über EMA50, über EMA100, Fundamentaldaten schwach
6594.T;NIDEC CORPORATION;JPY;2605.0 JPY;2605.0;2702.39 JPY;2546.9 JPY;2441.48 JPY;-3.6;2.28;-6.06;-10.14;-0.08;11.52;28.26;46.84;3275.0 JPY;3275.0;-20.46;4.66;1.04;NORMAL;1.54%;40.0 JPY;30.03.2026;28.03.2025;2495.96 JPY;2986137354240.0;Mega Cap;13.74;24.85;1.17;2.9%;0.03;108.7%;1.09;4.59%;0.05;40.1;55.61 Mrd.;55612751872.0;298.96 Mrd.;298959994880.0;7;VERY SOLID;8;GOOD;Forward KGV im gesunden Bereich | KGV nicht übertrieben | PEG Ratio attraktiv | Umsatzwachstum positiv | Gewinnwachstum positiv | Gewinnmarge positiv | Free Cashflow positiv | Verschuldung wirkt moderat | Dividende vorhanden;-;LOW RISK;NO;5;BUY;über EMA50, über EMA100, fundamental solide
RDWR;Radware Ltd.;USD;28.33 USD;28.33;28.84 USD;27.66 USD;26.67 USD;-1.78;2.43;1.4;-10.6;-0.11;13.73;24.64;51.97;31.69 USD;31.69;-10.6;2.5;0.847;LOW;0.0%;-;-;-;27.11 USD;1192196864.0;Small Cap;21.52;64.39;22.79;10.7%;0.11;-17.9%;-0.18;6.28%;0.06;4.45;32.29 Mio.;32292500.0;45.29 Mio.;45289000.0;4;MIXED;8;OK;Forward KGV im gesunden Bereich | Umsatzwachstum positiv | Gewinnmarge positiv | Free Cashflow positiv | Verschuldung wirkt moderat;KGV sehr hoch | PEG Ratio hoch | Gewinnwachstum negativ;LOW RISK;NO;5;BUY;über EMA50, über EMA100
ISP.MI;INTESA SANPAOLO;EUR;5.59 EUR;5.59;5.66 EUR;5.57 EUR;5.5 EUR;-1.1;0.48;-1.37;-1.74;-0.45;6.73;5.04;52.73;5.92 EUR;5.92;-5.57;1.6;0.843;HIGH;6.79%;0.38 EUR;18.05.2026;18.05.2026;5.46 EUR;97513947136.0;Large Cap;8.95;10.36;27.9;6.0%;0.06;6.7%;0.07;36.83%;0.37;-;-;-;-;-;5;SOLID;6;GOOD;Forward KGV im gesunden Bereich | KGV nicht übertrieben | Umsatzwachstum positiv | Gewinnwachstum positiv | solide Gewinnmarge | Dividende vorhanden;PEG Ratio hoch;LOW RISK;NO;5;BUY;über EMA50, über EMA100, hohes Volumen, fundamental solide
GSAT;Globalstar, Inc.;USD;81.03 USD;81.03;82.09 USD;78.4 USD;72.23 USD;-1.29;3.36;-0.56;-1.77;-0.55;36.39;32.75;46.01;84.43 USD;84.43;-4.03;0.74;1.537;LOW;0.0%;-;-;-;76.83 USD;10435766272.0;Large Cap;264.54;-;0.5;16.7%;0.17;-;-;-3.09%;-0.03;156.88;-283.68 Mio.;-283683744.0;605.01 Mio.;605012992.0;2;WEAK;6;OK;PEG Ratio attraktiv | Umsatzwachstum positiv;Forward KGV sehr hoch | negative Gewinnmarge | Free Cashflow negativ;LOW RISK;NO;5;BUY;über EMA50, über EMA100, Fundamentaldaten schwach
ENEL.MI;ENEL;EUR;9.57 EUR;9.57;9.63 EUR;9.63 EUR;9.46 EUR;-0.66;-0.59;-0.71;0.1;-0.57;0.01;11.77;50.56;10.19 EUR;10.19;-6.12;1.45;0.904;NORMAL;5.43%;0.52 EUR;20.07.2026;20.07.2026;9.43 EUR;94965628928.0;Large Cap;12.78;25.18;0.89;-6.7%;-0.07;-5.3%;-0.05;5.24%;0.05;139.94;1.62 Mrd.;1622499968.0;14.2 Mrd.;14197999616.0;4;MIXED;8;OK;Forward KGV im gesunden Bereich | KGV nicht übertrieben | PEG Ratio attraktiv | Gewinnmarge positiv | Free Cashflow positiv | Dividende vorhanden;Umsatzwachstum negativ | Gewinnwachstum negativ;LOW RISK;NO;5;BUY;über EMA100
INGA.AS;ING GROEP N.V.;EUR;25.4 EUR;25.4;25.96 EUR;25.07 EUR;24.19 EUR;-2.19;1.31;-2.21;-4.17;-0.61;12.26;17.17;50.92;27.12 EUR;27.12;-6.36;1.82;0.902;HIGH;4.29%;1.09 EUR;16.04.2026;16.04.2026;24.57 EUR;72825987072.0;Large Cap;9.03;11.6;1.96;2.9%;0.03;13.7%;0.14;34.23%;0.34;-;-;-;-;-;6;SOLID;6;GOOD;Forward KGV im gesunden Bereich | KGV nicht übertrieben | PEG Ratio attraktiv | Umsatzwachstum positiv | Gewinnwachstum positiv | solide Gewinnmarge | Dividende vorhanden;-;LOW RISK;NO;5;BUY;über EMA50, über EMA100, hohes Volumen, fundamental solide
GNRC;Generac Holdlings Inc.;USD;265.02 USD;265.02;266.27 USD;247.15 USD;225.83 USD;-0.47;7.23;1.33;-1.57;-0.65;21.12;78.08;55.97;285.31 USD;285.31;-7.11;4.22;1.91;LOW;0.0%;-;10.06.2013;10.06.2013;242.2 USD;15601377280.0;Large Cap;23.89;83.08;1.09;12.4%;0.12;69.9%;0.7;4.37%;0.04;52.09;115.3 Mio.;115297624.0;499.11 Mio.;499111008.0;6;SOLID;8;GOOD;Forward KGV im gesunden Bereich | PEG Ratio attraktiv | Umsatzwachstum positiv | Gewinnwachstum positiv | Gewinnmarge positiv | Free Cashflow positiv | Verschuldung wirkt moderat;KGV sehr hoch;MEDIUM RISK;NO;5;BUY;über EMA50, über EMA100, fundamental solide
ENGI.PA;ENGIE;EUR;26.72 EUR;26.72;26.9 EUR;26.72 EUR;25.72 EUR;-0.68;0.0;-0.82;0.23;-1.0;2.97;29.05;44.75;28.11 EUR;28.11;-4.95;1.45;0.582;LOW;5.05%;1.35 EUR;30.04.2026;30.04.2026;26.19 EUR;67893764096.0;Large Cap;12.8;17.7;3.45;-6.6%;-0.07;-59.4%;-0.59;5.32%;0.05;135.16;-537.25 Mio.;-537249984.0;-1.48 Mrd.;-1476000000.0;2;WEAK;8;OK;Forward KGV im gesunden Bereich | KGV nicht übertrieben | Gewinnmarge positiv | Dividende vorhanden;PEG Ratio hoch | Umsatzwachstum negativ | Gewinnwachstum negativ | Free Cashflow negativ;LOW RISK;NO;5;BUY;über EMA50, über EMA100, Fundamentaldaten schwach
TGT;Target Corporation;USD;123.21 USD;123.21;124.48 USD;122.74 USD;117.67 USD;-1.02;0.39;0.52;-0.4;-1.2;3.34;39.91;49.64;130.86 USD;130.86;-5.85;2.0;0.991;LOW;3.7%;4.56 USD;13.05.2026;13.05.2026;120.28 USD;55960887296.0;Large Cap;13.85;16.28;2.28;6.7%;0.07;-24.7%;-0.25;3.24%;0.03;117.55;3.14 Mrd.;3141250048.0;7.0 Mrd.;7002999808.0;4;MIXED;8;OK;Forward KGV im gesunden Bereich | KGV nicht übertrieben | Umsatzwachstum positiv | Gewinnmarge positiv | Free Cashflow positiv | Dividende vorhanden;Gewinnwachstum negativ;LOW RISK;NO;5;BUY;über EMA50, über EMA100
STR.VI;STRABAG SE;EUR;91.0 EUR;91.0;91.42 EUR;90.2 EUR;88.31 EUR;-0.46;0.88;-0.98;-1.73;-1.73;-2.15;19.74;64.37;97.4 EUR;97.4;-6.57;1.76;0.438;NORMAL;2.75%;2.5 EUR;18.06.2025;18.06.2025;88.4 EUR;10505285632.0;Large Cap;12.33;11.46;4.72;8.0%;0.08;12.3%;0.12;4.89%;0.05;14.58;905.81 Mio.;905805248.0;1.8 Mrd.;1802658048.0;6;SOLID;8;GOOD;Forward KGV im gesunden Bereich | KGV nicht übertrieben | Umsatzwachstum positiv | Gewinnwachstum positiv | Gewinnmarge positiv | Free Cashflow positiv | Verschuldung wirkt moderat | Dividende vorhanden;PEG Ratio hoch;LOW RISK;NO;5;BUY;über EMA50, über EMA100, fundamental solide
NAK;Northern Dynasty Minerals, Ltd.;USD;2.02 USD;2.02;2.13 USD;2.0 USD;1.9 USD;-4.77;1.13;5.99;-11.6;-1.73;53.36;12.47;52.56;2.76 USD;2.76;-26.65;4.94;0.459;LOW;0.0%;-;-;-;1.96 USD;1134293888.0;Small Cap;-70.52;-;2.06;-;-;-;-;0.0%;0.0;17.95;49.93 Mio.;49932248.0;-23.21 Mio.;-23206000.0;2;WEAK;5;OK;Free Cashflow positiv | Verschuldung wirkt moderat;negative Gewinnmarge;LOW RISK;NO;5;BUY;über EMA50, über EMA100, Fundamentaldaten schwach
NVT;nVent Electric plc;USD;163.69 USD;163.69;165.5 USD;152.88 USD;138.47 USD;-1.09;7.07;0.51;-4.58;-1.82;48.29;54.17;53.42;176.39 USD;176.39;-7.2;3.21;1.357;LOW;0.51%;0.84 USD;24.07.2026;24.04.2026;149.82 USD;26472019968.0;Large Cap;29.4;55.49;1.69;53.5%;0.54;-59.5%;-0.59;11.37%;0.11;44.71;209.88 Mio.;209875008.0;490.2 Mio.;490200000.0;5;SOLID;8;GOOD;PEG Ratio attraktiv | Umsatzwachstum positiv | solide Gewinnmarge | Free Cashflow positiv | Verschuldung wirkt moderat | Dividende vorhanden;KGV sehr hoch | Gewinnwachstum negativ;LOW RISK;NO;5;BUY;über EMA50, über EMA100, fundamental solide
APLD;Applied Digital Corporation;USD;40.76 USD;40.76;43.15 USD;38.83 USD;35.08 USD;-5.54;4.96;2.88;-14.98;-1.85;45.11;63.43;52.4;49.65 USD;49.65;-17.91;7.11;5.644;LOW;0.0%;-;-;-;38.06 USD;11647966208.0;Large Cap;-42.91;-;1.83;139.3%;1.39;-;-;-59.47%;-0.59;110.13;-1.5 Mrd.;-1496915328.0;-36.01 Mio.;-36005000.0;2;WEAK;6;OK;PEG Ratio attraktiv | Umsatzwachstum positiv;negative Gewinnmarge | Free Cashflow negativ;MEDIUM RISK;NO;5;BUY;über EMA50, über EMA100, Fundamentaldaten schwach
IRM;Iron Mountain Incorporated (Del;USD;124.0 USD;124.0;125.93 USD;120.41 USD;112.97 USD;-1.53;2.98;-0.53;-1.88;-2.22;16.51;46.51;50.09;132.06 USD;132.06;-6.1;2.56;1.218;LOW;2.79%;3.46 USD;15.06.2026;16.03.2026;118.01 USD;36893061120.0;Large Cap;46.38;134.78;2.7;21.6%;0.22;860.0%;8.6;3.76%;0.04;-;-499.46 Mio.;-499464512.0;1.48 Mrd.;1481250048.0;2;WEAK;7;OK;Umsatzwachstum positiv | Gewinnwachstum positiv | Gewinnmarge positiv | Dividende vorhanden;Forward KGV sehr hoch | KGV sehr hoch | Free Cashflow negativ;LOW RISK;NO;5;BUY;über EMA50, über EMA100, Fundamentaldaten schwach
BE;Bloom Energy Corporation;USD;252.76 USD;252.76;277.1 USD;247.44 USD;208.92 USD;-8.78;2.15;-4.11;-7.58;-2.27;57.99;149.92;48.26;307.88 USD;307.88;-17.9;7.25;3.746;NORMAL;0.0%;-;-;-;242.5 USD;71897456640.0;Large Cap;58.1;-;1.4;130.4%;1.3;-;-;0.25%;0.0;311.48;265.52 Mio.;265521248.0;298.24 Mio.;298240992.0;3;MIXED;6;OK;PEG Ratio attraktiv | Umsatzwachstum positiv | Gewinnmarge positiv | Free Cashflow positiv;Forward KGV sehr hoch | Verschuldung hoch;MEDIUM RISK;NO;5;BUY;über EMA50, über EMA100
AFRM;Affirm Holdings, Inc.;USD;65.82 USD;65.82;67.26 USD;63.66 USD;62.48 USD;-2.15;3.38;3.47;-9.73;-2.29;25.36;-4.34;52.32;92.18 USD;92.18;-28.6;3.52;3.699;LOW;0.0%;-;-;-;62.39 USD;22041350144.0;Large Cap;17.43;59.83;0.63;32.6%;0.33;3529.3%;35.29;9.63%;0.1;240.28;301.09 Mio.;301085376.0;1.01 Mrd.;1009448000.0;5;SOLID;8;GOOD;Forward KGV im gesunden Bereich | PEG Ratio attraktiv | Umsatzwachstum positiv | Gewinnwachstum positiv | Gewinnmarge positiv | Free Cashflow positiv;KGV sehr hoch | Verschuldung hoch;MEDIUM RISK;NO;5;BUY;über EMA50, über EMA100, fundamental solide
INDI;indie Semiconductor, Inc.;USD;4.39 USD;4.39;4.55 USD;4.15 USD;3.94 USD;-3.54;5.57;8.27;-9.96;-2.34;70.62;25.64;56.29;6.0 USD;6.0;-26.92;6.44;2.734;NORMAL;0.0%;-;-;-;4.07 USD;926500544.0;Small Cap;30.56;-;-;2.6%;0.03;-;-;-69.35%;-0.69;123.49;-1.72 Mio.;-1717250.0;-50.26 Mio.;-50255000.0;1;WEAK;5;OK;Umsatzwachstum positiv;negative Gewinnmarge | Free Cashflow negativ;MEDIUM RISK;NO;5;BUY;über EMA50, über EMA100, Fundamentaldaten schwach
RIO.L;RIO TINTO PLC ORD 10P;GBp;7606.0 GBp;7606.0;7805.48 GBp;7543.23 GBp;7137.81 GBp;-2.56;0.83;0.03;-5.53;-2.36;7.16;39.32;46.57;8308.0 GBp;8308.0;-8.45;2.18;0.646;NORMAL;0.04%;3.0 GBp;05.03.2026;05.03.2026;7392.37 GBp;123692744704.0;Large Cap;12.05;16.79;5.63;14.6%;0.15;-5.6%;-0.06;17.29%;0.17;35.43;3.5 Mrd.;3495749888.0;16.83 Mrd.;16832000000.0;6;SOLID;8;GOOD;Forward KGV im gesunden Bereich | KGV nicht übertrieben | Umsatzwachstum positiv | solide Gewinnmarge | Free Cashflow positiv | Verschuldung wirkt moderat | Dividende vorhanden;PEG Ratio hoch | Gewinnwachstum negativ;LOW RISK;NO;5;BUY;über EMA50, über EMA100, fundamental solide
AME;AMETEK, Inc.;USD;226.91 USD;226.91;227.47 USD;227.17 USD;223.15 USD;-0.25;-0.11;0.16;1.59;-3.33;0.19;15.97;52.06;241.38 USD;241.38;-5.99;1.48;1.004;LOW;0.6%;1.36 USD;15.06.2026;16.03.2026;222.63 USD;52009598976.0;Large Cap;25.75;34.28;2.93;11.3%;0.11;14.5%;0.14;20.11%;0.2;22.49;1.39 Mrd.;1385356544.0;1.84 Mrd.;1835734016.0;5;SOLID;8;GOOD;Umsatzwachstum positiv | Gewinnwachstum positiv | solide Gewinnmarge | Free Cashflow positiv | Verschuldung wirkt moderat | Dividende vorhanden;-;LOW RISK;NO;5;BUY;über EMA100, fundamental solide
CRUS;Cirrus Logic, Inc.;USD;165.28 USD;165.28;168.94 USD;162.75 USD;153.1 USD;-2.17;1.55;0.54;-1.46;-3.73;23.09;38.0;54.42;178.9 USD;178.9;-7.61;2.82;1.143;LOW;0.0%;-;-;-;159.5 USD;8338825728.0;Mid Cap;17.61;21.05;9.35;5.7%;0.06;19.9%;0.2;20.75%;0.21;6.3;505.73 Mio.;505731264.0;650.6 Mio.;650598016.0;7;VERY SOLID;8;GOOD;Forward KGV im gesunden Bereich | KGV nicht übertrieben | Umsatzwachstum positiv | Gewinnwachstum positiv | solide Gewinnmarge | Free Cashflow positiv | Verschuldung wirkt moderat;PEG Ratio hoch;LOW RISK;NO;5;BUY;über EMA50, über EMA100, fundamental solide
CGNX;Cognex Corporation;USD;62.44 USD;62.44;63.51 USD;59.6 USD;54.76 USD;-1.7;4.76;2.66;-3.41;-5.16;21.99;63.86;51.45;68.33 USD;68.33;-8.63;3.05;1.514;LOW;0.54%;0.34 USD;21.05.2026;21.05.2026;58.41 USD;10390398976.0;Large Cap;35.44;73.45;2.71;24.3%;0.24;122.3%;1.22;13.62%;0.14;5.0;181.45 Mio.;181449872.0;250.1 Mio.;250104992.0;5;SOLID;8;GOOD;Umsatzwachstum positiv | Gewinnwachstum positiv | solide Gewinnmarge | Free Cashflow positiv | Verschuldung wirkt moderat | Dividende vorhanden;KGV sehr hoch;LOW RISK;NO;5;BUY;über EMA50, über EMA100, fundamental solide
AMKR;Amkor Technology, Inc.;USD;68.43 USD;68.43;70.35 USD;65.98 USD;58.95 USD;-2.73;3.71;5.36;-5.83;-5.21;54.04;96.97;53.31;78.01 USD;78.01;-12.28;4.74;2.258;NORMAL;0.48%;0.33 USD;03.06.2026;03.06.2026;64.66 USD;16959436800.0;Large Cap;27.9;39.32;0.76;27.5%;0.28;285.6%;2.86;6.17%;0.06;35.4;-47.15 Mio.;-47146500.0;1.22 Mrd.;1216544000.0;4;MIXED;8;OK;PEG Ratio attraktiv | Umsatzwachstum positiv | Gewinnwachstum positiv | Gewinnmarge positiv | Verschuldung wirkt moderat | Dividende vorhanden;Free Cashflow negativ;MEDIUM RISK;NO;5;BUY;über EMA50, über EMA100
ARWR;Arrowhead Pharmaceuticals, Inc.;USD;73.31 USD;73.31;74.81 USD;72.1 USD;67.37 USD;-2.0;1.68;0.3;-2.51;-5.95;15.27;27.03;48.76;79.69 USD;79.69;-8.01;3.48;1.275;LOW;0.0%;-;-;-;70.66 USD;10326227968.0;Large Cap;-16.89;-;-;-86.4%;-0.86;-;-;-48.38%;-0.48;231.05;-46.12 Mio.;-46121248.0;-36.31 Mio.;-36306000.0;0;WEAK;5;OK;-;Umsatzwachstum negativ | negative Gewinnmarge | Free Cashflow negativ | Verschuldung hoch;LOW RISK;NO;5;BUY;über EMA50, über EMA100, Fundamentaldaten schwach
BEAM;Beam Therapeutics Inc.;USD;29.57 USD;29.57;30.09 USD;29.31 USD;28.36 USD;-1.74;0.88;0.58;-5.04;-6.04;15.87;18.14;57.44;35.41 USD;35.41;-16.49;5.25;2.198;LOW;0.0%;-;-;-;28.73 USD;3042138368.0;Mid Cap;-6.23;-;-;324.9%;3.25;-;-;-40.23%;-0.4;21.54;-233.56 Mio.;-233555744.0;-369.73 Mio.;-369731008.0;2;WEAK;5;OK;Umsatzwachstum positiv | Verschuldung wirkt moderat;negative Gewinnmarge | Free Cashflow negativ;MEDIUM RISK;NO;5;BUY;über EMA50, über EMA100, Fundamentaldaten schwach
TLN;Talen Energy Corporation;USD;365.6 USD;365.6;369.32 USD;361.31 USD;359.26 USD;-1.01;1.19;0.24;-3.08;-6.39;9.18;-6.83;64.8;445.84 USD;445.84;-18.0;3.68;1.604;LOW;0.0%;-;-;-;354.09 USD;16706095104.0;Large Cap;10.28;-;-;96.7%;0.97;-;-;-0.65%;-0.01;635.41;1.39 Mrd.;1386875008.0;1.05 Mrd.;1046000000.0;3;MIXED;5;OK;Forward KGV im gesunden Bereich | Umsatzwachstum positiv | Free Cashflow positiv;negative Gewinnmarge | Verschuldung hoch;LOW RISK;NO;5;BUY;über EMA50, über EMA100
GXI.DE;Gerresheimer AG               I;EUR;25.5 EUR;25.5;26.07 EUR;24.52 EUR;24.31 EUR;-2.18;3.98;-2.07;-5.83;-6.66;48.69;2.57;55.03;50.6 EUR;50.6;-49.6;2.67;0.47;LOW;0.16%;0.04 EUR;06.06.2025;06.06.2025;24.03 EUR;880769984.0;Small Cap;9.57;37.5;1.23;12.5%;0.12;-;-;1.04%;0.01;161.83;-566.69 Mio.;-566694720.0;253.62 Mio.;253616992.0;3;MIXED;7;OK;Forward KGV im gesunden Bereich | PEG Ratio attraktiv | Umsatzwachstum positiv | Gewinnmarge positiv | Dividende vorhanden;Free Cashflow negativ;LOW RISK;NO;5;BUY;über EMA50, über EMA100
ZM;Zoom Communications, Inc.;USD;101.03 USD;101.03;102.36 USD;97.02 USD;92.23 USD;-1.3;4.14;-0.58;-9.49;-6.76;30.65;19.66;52.48;111.88 USD;111.88;-9.7;3.76;0.995;LOW;0.0%;-;-;-;95.08 USD;29606191104.0;Large Cap;16.03;14.87;4.21;5.5%;0.06;74.2%;0.74;41.99%;0.42;0.6;1.98 Mrd.;1981199232.0;2.02 Mrd.;2021396992.0;7;VERY SOLID;8;GOOD;Forward KGV im gesunden Bereich | KGV nicht übertrieben | Umsatzwachstum positiv | Gewinnwachstum positiv | solide Gewinnmarge | Free Cashflow positiv | Verschuldung wirkt moderat;PEG Ratio hoch;LOW RISK;NO;5;BUY;über EMA50, über EMA100, fundamental solide
PWR;Quanta Services, Inc.;USD;692.05 USD;692.05;712.46 USD;675.56 USD;617.31 USD;-2.86;2.44;-0.44;0.67;-7.82;26.03;50.37;40.25;785.24 USD;785.24;-11.87;3.73;1.215;LOW;0.06%;0.44 USD;01.07.2026;02.04.2026;662.05 USD;103849869312.0;Large Cap;42.04;94.8;1.92;26.3%;0.26;51.0%;0.51;3.67%;0.04;69.12;1.04 Mrd.;1037176768.0;2.38 Mrd.;2378515968.0;5;SOLID;8;GOOD;PEG Ratio attraktiv | Umsatzwachstum positiv | Gewinnwachstum positiv | Gewinnmarge positiv | Free Cashflow positiv | Verschuldung wirkt moderat | Dividende vorhanden;Forward KGV sehr hoch | KGV sehr hoch;LOW RISK;NO;5;BUY;über EMA50, über EMA100, fundamental solide
ILU.AX;ILUKA RES FPO [ILU];AUD;7.75 AUD;7.75;7.91 AUD;7.63 AUD;7.2 AUD;-2.05;1.57;-1.9;-1.9;-9.14;20.9;17.09;51.8;9.24 AUD;9.24;-16.1;2.38;0.768;LOW;0.65%;0.05 AUD;05.03.2026;04.03.2026;7.48 AUD;3341761280.0;Mid Cap;-22.58;-;0.64;-19.1%;-0.19;-;-;-28.4%;-0.28;54.98;-410.25 Mio.;-410249984.0;-57.5 Mio.;-57500000.0;2;WEAK;6;OK;PEG Ratio attraktiv | Verschuldung wirkt moderat | Dividende vorhanden;Umsatzwachstum negativ | negative Gewinnmarge | Free Cashflow negativ;LOW RISK;NO;5;BUY;über EMA50, über EMA100, Fundamentaldaten schwach
MCHP;Microchip Technology Incorporat;USD;91.41 USD;91.41;93.26 USD;87.66 USD;81.08 USD;-1.99;4.28;3.48;-0.12;-9.56;35.48;75.78;48.8;102.41 USD;102.41;-10.74;3.29;1.725;LOW;1.99%;1.82 USD;22.05.2026;22.05.2026;85.91 USD;49551470592.0;Large Cap;22.34;415.5;0.32;35.1%;0.35;-;-;4.88%;0.05;87.72;1.14 Mrd.;1139912448.0;962.1 Mio.;962099968.0;5;SOLID;7;GOOD;Forward KGV im gesunden Bereich | PEG Ratio attraktiv | Umsatzwachstum positiv | Gewinnmarge positiv | Free Cashflow positiv | Verschuldung wirkt moderat | Dividende vorhanden;KGV sehr hoch;LOW RISK;NO;5;BUY;über EMA50, über EMA100, fundamental solide
6861.T;KEYENCE CORP;JPY;74980.0 JPY;74980.0;76802.05 JPY;71800.48 JPY;66920.56 JPY;-2.37;4.43;-3.96;-6.53;-10.92;17.55;41.2;49.96;84170.0 JPY;84170.0;-10.92;4.25;1.002;NORMAL;0.73%;550.0 JPY;17.09.2026;18.03.2027;70364.47 JPY;18184535015424.0;Mega Cap;40.15;40.87;3.01;17.9%;0.18;25.4%;0.25;38.07%;0.38;-;-;-;430.68 Mrd.;430680014848.0;3;MIXED;6;OK;Umsatzwachstum positiv | Gewinnwachstum positiv | solide Gewinnmarge | Dividende vorhanden;Forward KGV sehr hoch | PEG Ratio hoch;LOW RISK;NO;5;BUY;über EMA50, über EMA100
CAMT;Camtek Ltd.;USD;169.71 USD;169.71;173.98 USD;172.88 USD;163.22 USD;-2.46;-1.83;3.35;4.06;-12.11;2.83;62.77;56.78;207.46 USD;207.46;-18.2;5.87;1.558;LOW;0.0%;-;03.04.2024;03.04.2024;169.42 USD;7813978112.0;Mid Cap;37.51;174.95;3.38;2.5%;0.03;-10.0%;-0.1;9.63%;0.1;71.47;-;-;-;-;2;WEAK;7;OK;Umsatzwachstum positiv | Gewinnmarge positiv | Verschuldung wirkt moderat;KGV sehr hoch | PEG Ratio hoch | Gewinnwachstum negativ;MEDIUM RISK;NO;5;BUY;über EMA100, Fundamentaldaten schwach
FORM;FormFactor, Inc.;USD;123.07 USD;123.07;126.82 USD;123.34 USD;109.79 USD;-2.96;-0.22;5.46;6.95;-14.94;42.0;128.58;54.11;155.08 USD;155.08;-20.64;5.07;1.265;LOW;0.0%;-;-;-;120.87 USD;9593892864.0;Mid Cap;44.09;139.85;1.39;32.0%;0.32;225.0%;2.25;8.14%;0.08;3.01;-566875.0;-566875.0;136.82 Mio.;136820000.0;4;MIXED;8;OK;PEG Ratio attraktiv | Umsatzwachstum positiv | Gewinnwachstum positiv | Gewinnmarge positiv | Verschuldung wirkt moderat;Forward KGV sehr hoch | KGV sehr hoch | Free Cashflow negativ;LOW RISK;NO;5;BUY;über EMA100
BTU;Peabody Energy Corporation;USD;28.37 USD;28.37;27.39 USD;28.02 USD;29.07 USD;3.59;1.26;0.96;-2.37;18.24;-14.48;5.72;64.72;39.38 USD;39.38;-27.95;4.1;0.34;LOW;1.06%;0.3 USD;19.05.2026;19.05.2026;27.46 USD;3456431616.0;Mid Cap;7.77;-;-;3.9%;0.04;-;-;-3.07%;-0.03;12.13;-16.02 Mio.;-16025000.0;243.8 Mio.;243800000.0;3;MIXED;5;OK;Forward KGV im gesunden Bereich | Umsatzwachstum positiv | Verschuldung wirkt moderat | Dividende vorhanden;negative Gewinnmarge | Free Cashflow negativ;LOW RISK;NO;4;HOLD;über EMA20, über EMA50, 1M positiv
SONY;Sony Group Corporation;USD;22.22 USD;22.22;21.97 USD;21.71 USD;22.29 USD;1.13;2.37;1.51;-1.55;11.71;3.98;-23.59;43.73;30.26 USD;30.26;-26.57;2.26;0.74;LOW;0.72%;0.16 USD;30.03.2026;31.03.2025;21.27 USD;130853380096.0;Large Cap;18.67;20.77;1.99;15.4%;0.15;-57.5%;-0.57;-2.62%;-0.03;19.61;-282.76 Mrd.;-282762608640.0;1945.62 Mrd.;1945617039360.0;5;SOLID;8;GOOD;Forward KGV im gesunden Bereich | KGV nicht übertrieben | PEG Ratio attraktiv | Umsatzwachstum positiv | Verschuldung wirkt moderat | Dividende vorhanden;Gewinnwachstum negativ | negative Gewinnmarge | Free Cashflow negativ;LOW RISK;YES;4;TURNAROUND;über EMA20, über EMA50, 1M positiv, mögliche Trendwende, fundamental solide
LAES;SEALSQ Corp;USD;3.24 USD;3.24;3.29 USD;3.19 USD;3.38 USD;-1.5;1.51;1.25;-8.74;6.23;-23.59;-22.49;58.49;7.65 USD;7.65;-57.65;6.4;-8.268;LOW;0.0%;-;-;-;3.13 USD;721765504.0;Small Cap;-21.6;-;-;118.2%;1.18;-;-;-187.34%;-1.87;1.73;-10.69 Mio.;-10687875.0;-31.26 Mio.;-31257000.0;2;WEAK;5;OK;Umsatzwachstum positiv | Verschuldung wirkt moderat;negative Gewinnmarge | Free Cashflow negativ;LOW RISK;NO;4;HOLD;über EMA50, 1M positiv, Fundamentaldaten schwach
SPIR;Spire Global, Inc.;USD;17.02 USD;17.02;19.74 USD;18.09 USD;15.79 USD;-13.77;-5.9;-0.82;-17.22;5.45;74.03;107.81;44.6;25.48 USD;25.48;-33.2;7.72;2.491;LOW;0.0%;-;-;-;17.72 USD;658870592.0;Small Cap;-68.08;10.7;-;-33.7%;-0.34;-;-;77.12%;0.77;12.9;9.99 Mio.;9985250.0;-77.61 Mio.;-77611000.0;4;MIXED;6;OK;KGV nicht übertrieben | solide Gewinnmarge | Free Cashflow positiv | Verschuldung wirkt moderat;Umsatzwachstum negativ;MEDIUM RISK;NO;4;HOLD;über EMA100, 1M positiv
DHR;Danaher Corporation;USD;184.46 USD;184.46;177.86 USD;181.86 USD;190.7 USD;3.71;1.43;0.08;2.55;5.01;-8.49;-18.98;75.08;241.54 USD;241.54;-23.63;1.79;0.834;LOW;0.87%;1.6 USD;26.06.2026;27.03.2026;178.23 USD;130551832576.0;Large Cap;20.27;35.75;1.18;3.7%;0.04;9.8%;0.1;14.89%;0.15;37.17;4.57 Mrd.;4568500224.0;6.44 Mrd.;6439000064.0;7;VERY SOLID;8;GOOD;Forward KGV im gesunden Bereich | PEG Ratio attraktiv | Umsatzwachstum positiv | Gewinnwachstum positiv | solide Gewinnmarge | Free Cashflow positiv | Verschuldung wirkt moderat | Dividende vorhanden;-;LOW RISK;YES;4;TURNAROUND;über EMA20, über EMA50, 1M positiv, mögliche Trendwende, kurzfristig heiß gelaufen, fundamental solide
BATS.L;BRITISH AMERICAN TOBACCO PLC OR;GBp;4469.0 GBp;4469.0;4559.91 GBp;4502.18 GBp;4424.14 GBp;-1.99;-0.74;1.48;-2.44;4.34;0.13;2.6;19.74;4962.0 GBp;4962.0;-9.94;2.06;0.125;LOW;0.05%;2.45 GBp;09.07.2026;24.12.2026;4412.13 GBp;96597434368.0;Large Cap;11.56;12.81;1.53;0.1%;0.0;-;-;30.32%;0.3;72.84;2.99 Mrd.;2993750016.0;6.34 Mrd.;6342000128.0;7;VERY SOLID;7;GOOD;Forward KGV im gesunden Bereich | KGV nicht übertrieben | PEG Ratio attraktiv | Umsatzwachstum positiv | solide Gewinnmarge | Free Cashflow positiv | Verschuldung wirkt moderat | Dividende vorhanden;-;LOW RISK;NO;4;HOLD;über EMA100, 1M positiv, überverkauft, fundamental solide
CLX;Clorox Company (The);USD;95.96 USD;95.96;92.89 USD;96.33 USD;100.67 USD;3.31;-0.38;1.94;7.72;4.19;-14.53;-8.82;57.15;125.76 USD;125.76;-23.69;2.9;0.545;LOW;5.17%;4.96 USD;22.04.2026;22.04.2026;94.4 USD;11604216832.0;Large Cap;15.24;15.6;1.98;0.1%;0.0;2.7%;0.03;11.18%;0.11;4876.09;62.75 Mio.;62750000.0;576.0 Mio.;576000000.0;7;VERY SOLID;8;GOOD;Forward KGV im gesunden Bereich | KGV nicht übertrieben | PEG Ratio attraktiv | Umsatzwachstum positiv | Gewinnwachstum positiv | solide Gewinnmarge | Free Cashflow positiv | Dividende vorhanden;Verschuldung hoch;LOW RISK;NO;4;HOLD;über EMA20, 1M positiv, fundamental solide
ABT;Abbott Laboratories;USD;90.65 USD;90.65;88.42 USD;92.57 USD;99.81 USD;2.53;-2.08;-0.46;3.27;4.18;-17.85;-28.68;60.64;135.32 USD;135.32;-33.01;1.76;0.62;LOW;2.78%;2.52 USD;15.04.2026;15.04.2026;90.72 USD;157886644224.0;Large Cap;14.95;25.39;1.35;7.8%;0.08;-19.7%;-0.2;13.9%;0.14;64.77;6.34 Mrd.;6341125120.0;9.46 Mrd.;9464000512.0;7;VERY SOLID;8;GOOD;Forward KGV im gesunden Bereich | KGV nicht übertrieben | PEG Ratio attraktiv | Umsatzwachstum positiv | solide Gewinnmarge | Free Cashflow positiv | Verschuldung wirkt moderat | Dividende vorhanden;Gewinnwachstum negativ;LOW RISK;NO;4;HOLD;über EMA20, 1M positiv, fundamental solide
LEN;Lennar Corporation;USD;91.35 USD;91.35;89.38 USD;91.07 USD;96.52 USD;2.2;0.31;0.95;1.38;4.11;-11.95;-29.74;71.82;140.42 USD;140.42;-34.95;2.33;1.4;LOW;2.19%;2.0 USD;22.04.2026;22.04.2026;89.24 USD;22499151872.0;Large Cap;12.09;13.14;0.76;-13.3%;-0.13;-52.6%;-0.53;5.39%;0.05;24.99;3.44 Mrd.;3444002816.0;72.35 Mio.;72352000.0;5;SOLID;8;GOOD;Forward KGV im gesunden Bereich | KGV nicht übertrieben | PEG Ratio attraktiv | Gewinnmarge positiv | Free Cashflow positiv | Verschuldung wirkt moderat | Dividende vorhanden;Umsatzwachstum negativ | Gewinnwachstum negativ;LOW RISK;NO;4;HOLD;über EMA20, über EMA50, 1M positiv, fundamental solide
BKSY;BlackSky Technology Inc.;USD;33.51 USD;33.51;41.09 USD;37.64 USD;32.87 USD;-18.46;-10.97;-3.6;-20.93;3.94;37.56;88.79;36.83;51.63 USD;51.63;-35.1;8.81;2.524;LOW;0.0%;-;-;-;36.89 USD;1243523328.0;Small Cap;-61.49;-;-;-29.7%;-0.3;-;-;-89.07%;-0.89;261.0;-56.81 Mio.;-56810752.0;-57.91 Mio.;-57912000.0;0;WEAK;5;OK;-;Umsatzwachstum negativ | negative Gewinnmarge | Free Cashflow negativ | Verschuldung hoch;MEDIUM RISK;NO;4;HOLD;über EMA100, 1M positiv, Fundamentaldaten schwach
MDT;Medtronic plc.;USD;80.71 USD;80.71;78.27 USD;81.15 USD;85.28 USD;3.12;-0.55;-1.18;9.1;3.53;-12.52;-21.95;60.13;103.73 USD;103.73;-22.2;2.04;0.597;LOW;3.57%;2.88 USD;26.06.2026;27.03.2026;79.53 USD;103622352896.0;Large Cap;12.58;21.64;1.61;9.9%;0.1;17.1%;0.17;13.2%;0.13;57.06;-;-;7.33 Mrd.;7329999872.0;7;VERY SOLID;7;GOOD;Forward KGV im gesunden Bereich | KGV nicht übertrieben | PEG Ratio attraktiv | Umsatzwachstum positiv | Gewinnwachstum positiv | solide Gewinnmarge | Verschuldung wirkt moderat | Dividende vorhanden;-;LOW RISK;NO;4;HOLD;über EMA20, 1M positiv, fundamental solide
HO.PA;THALES;EUR;232.3 EUR;232.3;230.87 EUR;235.27 EUR;238.89 EUR;0.62;-1.26;-0.04;1.0;3.32;-6.08;4.41;56.73;268.16 EUR;268.16;-13.37;1.69;0.107;NORMAL;1.68%;3.9 EUR;18.05.2026;18.05.2026;230.57 EUR;47733350400.0;Large Cap;18.91;28.57;1.85;7.1%;0.07;151.2%;1.51;7.56%;0.08;76.74;2.08 Mrd.;2076862464.0;3.32 Mrd.;3321799936.0;7;VERY SOLID;8;GOOD;Forward KGV im gesunden Bereich | KGV nicht übertrieben | PEG Ratio attraktiv | Umsatzwachstum positiv | Gewinnwachstum positiv | Gewinnmarge positiv | Free Cashflow positiv | Verschuldung wirkt moderat | Dividende vorhanden;-;LOW RISK;NO;4;HOLD;über EMA20, 1M positiv, fundamental solide
SATL;Satellogic Inc.;USD;6.84 USD;6.84;8.4 USD;7.5 USD;6.21 USD;-18.56;-8.79;-3.93;-21.11;3.32;113.75;312.05;27.65;10.74 USD;10.74;-36.31;7.58;1.197;LOW;0.0%;-;-;-;7.35 USD;1014004416.0;Small Cap;-71.25;-;-;80.3%;0.8;-;-;0.0%;0.0;-;-16.68 Mio.;-16684750.0;-22.01 Mio.;-22006000.0;1;WEAK;4;OK;Umsatzwachstum positiv;negative Gewinnmarge | Free Cashflow negativ;LOW RISK;NO;4;HOLD;über EMA100, 1M positiv, überverkauft, Fundamentaldaten schwach
BTI;British American Tobacco  Indus;USD;59.8 USD;59.8;61.34 USD;60.56 USD;59.25 USD;-2.52;-1.26;0.13;-1.97;2.96;3.55;6.34;21.04;66.7 USD;66.7;-10.34;2.05;0.125;NORMAL;5.59%;3.34 USD;10.07.2026;27.03.2026;59.35 USD;129257693184.0;Large Cap;11.31;12.75;1.54;0.1%;0.0;-;-;30.32%;0.3;72.84;2.99 Mrd.;2993750016.0;6.34 Mrd.;6342000128.0;7;VERY SOLID;7;GOOD;Forward KGV im gesunden Bereich | KGV nicht übertrieben | PEG Ratio attraktiv | Umsatzwachstum positiv | solide Gewinnmarge | Free Cashflow positiv | Verschuldung wirkt moderat | Dividende vorhanden;-;LOW RISK;NO;4;HOLD;über EMA100, 1M positiv, überverkauft, fundamental solide
BBAI;BigBear.ai, Inc.;USD;4.29 USD;4.29;4.46 USD;4.26 USD;4.44 USD;-3.7;0.69;2.19;-19.63;2.92;6.23;-28.71;56.52;8.91 USD;8.91;-51.83;5.31;3.083;LOW;0.0%;-;-;-;4.18 USD;2055555200.0;Mid Cap;-21.46;-;-;-0.9%;-0.01;-;-;-226.69%;-2.27;3.05;-59.49 Mio.;-59485124.0;-53.29 Mio.;-53288000.0;1;WEAK;5;OK;Verschuldung wirkt moderat;Umsatzwachstum negativ | negative Gewinnmarge | Free Cashflow negativ;MEDIUM RISK;NO;4;HOLD;über EMA50, 1M positiv, Fundamentaldaten schwach
MCK;McKesson Corporation;USD;769.94 USD;769.94;762.23 USD;795.89 USD;819.52 USD;1.01;-3.26;-0.74;4.78;2.12;-17.24;-12.62;47.76;994.59 USD;994.59;-22.59;1.88;0.315;LOW;0.43%;3.28 USD;01.06.2026;01.06.2026;779.97 USD;92549906432.0;Large Cap;15.3;20.05;1.52;6.0%;0.06;37.2%;0.37;1.18%;0.01;-;5.66 Mrd.;5657625088.0;6.15 Mrd.;6154999808.0;6;SOLID;7;GOOD;Forward KGV im gesunden Bereich | KGV nicht übertrieben | PEG Ratio attraktiv | Umsatzwachstum positiv | Gewinnwachstum positiv | Gewinnmarge positiv | Free Cashflow positiv | Dividende vorhanden;-;LOW RISK;NO;4;HOLD;über EMA20, 1M positiv, fundamental solide
PCG;Pacific Gas & Electric Co.;USD;16.52 USD;16.52;16.57 USD;16.75 USD;16.74 USD;-0.27;-1.32;-3.42;2.32;2.07;-8.59;3.84;60.87;19.06 USD;19.06;-13.28;1.75;0.272;LOW;1.21%;0.2 USD;30.06.2026;31.03.2026;16.41 USD;36391759872.0;Large Cap;9.17;12.81;0.74;15.0%;0.15;39.8%;0.4;11.01%;0.11;187.87;-5.57 Mrd.;-5572125184.0;8.3 Mrd.;8297999872.0;6;SOLID;8;GOOD;Forward KGV im gesunden Bereich | KGV nicht übertrieben | PEG Ratio attraktiv | Umsatzwachstum positiv | Gewinnwachstum positiv | solide Gewinnmarge | Dividende vorhanden;Free Cashflow negativ;LOW RISK;NO;4;HOLD;1M positiv, fundamental solide
PLUG;Plug Power, Inc.;USD;3.19 USD;3.19;3.59 USD;3.27 USD;2.92 USD;-11.12;-2.32;-0.9;-19.01;1.95;39.34;61.16;44.16;4.14 USD;4.14;-22.92;6.46;2.122;LOW;0.0%;-;-;-;3.2 USD;4451665408.0;Mid Cap;-19.42;-;0.84;22.3%;0.22;-;-;-227.13%;-2.27;130.53;-407.41 Mio.;-407408128.0;-580.31 Mio.;-580307968.0;2;WEAK;6;OK;PEG Ratio attraktiv | Umsatzwachstum positiv;negative Gewinnmarge | Free Cashflow negativ;MEDIUM RISK;NO;4;HOLD;über EMA100, 1M positiv, Fundamentaldaten schwach
RTX;RTX Corporation;USD;179.44 USD;179.44;177.5 USD;181.63 USD;184.1 USD;1.1;-1.21;-0.86;2.88;1.93;-11.61;4.39;57.22;211.28 USD;211.28;-15.07;1.52;0.306;LOW;1.54%;2.77 USD;22.05.2026;22.05.2026;178.0 USD;241648877568.0;Mega Cap;23.67;33.73;2.49;8.7%;0.09;32.5%;0.33;8.03%;0.08;57.23;7.23 Mrd.;7233375232.0;11.12 Mrd.;11116999680.0;5;SOLID;8;GOOD;Forward KGV im gesunden Bereich | Umsatzwachstum positiv | Gewinnwachstum positiv | Gewinnmarge positiv | Free Cashflow positiv | Verschuldung wirkt moderat | Dividende vorhanden;-;LOW RISK;NO;4;HOLD;über EMA20, 1M positiv, fundamental solide
PATH;UiPath, Inc.;USD;11.14 USD;11.14;11.23 USD;11.13 USD;11.65 USD;-0.81;0.07;-0.93;-15.0;1.88;-3.59;-18.06;54.95;19.29 USD;19.29;-42.28;3.82;0.968;LOW;0.0%;-;-;-;10.9 USD;5769269248.0;Mid Cap;12.28;18.56;0.4;17.3%;0.17;-;-;19.58%;0.2;4.36;511.55 Mio.;511553632.0;384.13 Mio.;384134016.0;7;VERY SOLID;7;GOOD;Forward KGV im gesunden Bereich | KGV nicht übertrieben | PEG Ratio attraktiv | Umsatzwachstum positiv | solide Gewinnmarge | Free Cashflow positiv | Verschuldung wirkt moderat;-;LOW RISK;NO;4;HOLD;über EMA50, 1M positiv, fundamental solide
GSK;GSK plc;USD;50.67 USD;50.67;50.91 USD;51.98 USD;51.86 USD;-0.46;-2.52;-1.64;2.77;1.26;-7.48;7.35;52.56;60.14 USD;60.14;-15.74;1.64;0.294;NORMAL;3.55%;1.8 USD;15.05.2026;15.05.2026;50.94 USD;101614927872.0;Large Cap;9.69;13.27;9.91;1.5%;0.01;8.4%;0.08;17.78%;0.18;109.7;3.02 Mrd.;3019249920.0;7.74 Mrd.;7736999936.0;6;SOLID;8;GOOD;Forward KGV im gesunden Bereich | KGV nicht übertrieben | Umsatzwachstum positiv | Gewinnwachstum positiv | solide Gewinnmarge | Free Cashflow positiv | Dividende vorhanden;PEG Ratio hoch;LOW RISK;NO;4;HOLD;1M positiv, fundamental solide
BRZE;Braze, Inc.;USD;22.86 USD;22.86;23.5 USD;22.81 USD;23.11 USD;-2.72;0.22;-0.22;-19.14;1.15;9.48;-19.28;53.93;36.19 USD;36.19;-36.83;5.16;0.824;LOW;0.0%;-;-;-;22.35 USD;2574760192.0;Mid Cap;23.42;-;1.19;30.2%;0.3;-;-;-15.51%;-0.16;13.97;186.54 Mio.;186544368.0;75.42 Mio.;75420000.0;5;SOLID;6;GOOD;Forward KGV im gesunden Bereich | PEG Ratio attraktiv | Umsatzwachstum positiv | Free Cashflow positiv | Verschuldung wirkt moderat;negative Gewinnmarge;LOW RISK;NO;4;HOLD;über EMA50, 1M positiv, fundamental solide
VAL;Valaris Limited;USD;92.25 USD;92.25;95.58 USD;94.92 USD;88.32 USD;-3.48;-2.81;4.2;-1.31;0.52;1.84;64.92;18.27;113.42 USD;113.42;-18.66;3.79;0.898;LOW;0.0%;-;-;-;93.03 USD;6388822528.0;Mid Cap;12.62;6.52;-;-25.0%;-0.25;-;-;45.37%;0.45;36.52;164.08 Mio.;164075008.0;465.3 Mio.;465300000.0;5;SOLID;6;GOOD;Forward KGV im gesunden Bereich | KGV nicht übertrieben | solide Gewinnmarge | Free Cashflow positiv | Verschuldung wirkt moderat;Umsatzwachstum negativ;LOW RISK;NO;4;HOLD;über EMA100, 1M positiv, überverkauft, fundamental solide
ECL;Ecolab Inc.;USD;257.76 USD;257.76;255.83 USD;260.73 USD;265.76 USD;0.75;-1.14;-0.08;2.91;0.47;-9.93;-5.75;59.71;307.53 USD;307.53;-16.18;1.53;0.913;LOW;1.13%;2.92 USD;16.06.2026;17.03.2026;255.51 USD;72542625792.0;Large Cap;26.82;34.93;2.37;10.0%;0.1;7.8%;0.08;12.8%;0.13;92.37;1.59 Mrd.;1586424960.0;3.03 Mrd.;3029100032.0;5;SOLID;8;GOOD;Umsatzwachstum positiv | Gewinnwachstum positiv | solide Gewinnmarge | Free Cashflow positiv | Verschuldung wirkt moderat | Dividende vorhanden;-;LOW RISK;NO;4;HOLD;über EMA20, 1M positiv, fundamental solide
PH;Parker-Hannifin Corporation;USD;885.35 USD;885.35;869.67 USD;892.86 USD;899.11 USD;1.8;-0.84;0.34;7.54;0.06;-8.09;3.19;60.51;1020.71 USD;1020.71;-13.26;1.6;1.138;LOW;0.9%;8.0 USD;08.05.2026;08.05.2026;875.0 USD;111631212544.0;Large Cap;25.99;32.68;3.46;10.6%;0.11;-4.2%;-0.04;16.58%;0.17;65.55;2.77 Mrd.;2774481920.0;4.1 Mrd.;4095000064.0;4;MIXED;8;OK;Umsatzwachstum positiv | solide Gewinnmarge | Free Cashflow positiv | Verschuldung wirkt moderat | Dividende vorhanden;PEG Ratio hoch | Gewinnwachstum negativ;LOW RISK;NO;4;HOLD;über EMA20, 1M positiv
TTE;TotalEnergies SE;USD;88.69 USD;88.69;89.74 USD;88.52 USD;83.86 USD;-1.17;0.19;-0.02;-0.02;-0.05;16.38;38.92;29.85;93.6 USD;93.6;-5.25;1.49;0.045;LOW;4.76%;4.22 USD;30.06.2026;31.03.2026;86.75 USD;196997513216.0;Large Cap;8.81;13.16;0.73;3.4%;0.03;57.1%;0.57;8.2%;0.08;51.3;10.05 Mrd.;10052124672.0;28.14 Mrd.;28141000704.0;7;VERY SOLID;8;GOOD;Forward KGV im gesunden Bereich | KGV nicht übertrieben | PEG Ratio attraktiv | Umsatzwachstum positiv | Gewinnwachstum positiv | Gewinnmarge positiv | Free Cashflow positiv | Verschuldung wirkt moderat | Dividende vorhanden;-;LOW RISK;NO;4;HOLD;über EMA50, über EMA100, überverkauft, fundamental solide
ORA.PA;ORANGE;EUR;17.8 EUR;17.8;17.91 EUR;17.76 EUR;17.15 EUR;-0.6;0.21;2.09;-0.59;-0.17;0.88;28.98;27.18;18.74 EUR;18.74;-5.02;1.21;0.259;NORMAL;4.21%;0.75 EUR;11.06.2026;11.06.2026;17.41 EUR;47335235584.0;Large Cap;15.11;148.33;0.47;-;-;-;-;1.33%;0.01;138.08;2.35 Mrd.;2350000128.0;10.78 Mrd.;10780000256.0;3;MIXED;6;OK;Forward KGV im gesunden Bereich | PEG Ratio attraktiv | Gewinnmarge positiv | Free Cashflow positiv | Dividende vorhanden;KGV sehr hoch;LOW RISK;NO;4;HOLD;über EMA50, über EMA100, überverkauft
TRV;The Travelers Companies, Inc.;USD;298.36 USD;298.36;298.15 USD;298.7 USD;295.97 USD;0.07;-0.11;-1.61;3.26;-0.19;-2.35;2.07;41.23;310.9 USD;310.9;-4.03;1.26;0.495;LOW;1.68%;5.0 USD;10.06.2026;10.03.2026;292.73 USD;63444664320.0;Large Cap;10.45;8.9;2.36;1.0%;0.01;357.6%;3.58;15.54%;0.16;28.98;13.3 Mrd.;13304375296.0;11.44 Mrd.;11443999744.0;7;VERY SOLID;8;GOOD;Forward KGV im gesunden Bereich | KGV nicht übertrieben | Umsatzwachstum positiv | Gewinnwachstum positiv | solide Gewinnmarge | Free Cashflow positiv | Verschuldung wirkt moderat | Dividende vorhanden;-;LOW RISK;NO;4;HOLD;über EMA20, über EMA100, fundamental solide
CNP;CenterPoint Energy, Inc (Holdin;USD;41.9 USD;41.9;42.16 USD;42.21 USD;41.68 USD;-0.62;-0.73;-1.85;1.48;-0.26;-2.93;6.04;53.12;43.9 USD;43.9;-4.56;1.29;0.461;LOW;2.2%;0.92 USD;21.05.2026;21.05.2026;41.37 USD;27409700864.0;Large Cap;20.13;25.71;2.48;1.9%;0.02;6.7%;0.07;11.38%;0.11;215.59;-4.95 Mrd.;-4945375232.0;2.36 Mrd.;2358000128.0;5;SOLID;8;GOOD;Forward KGV im gesunden Bereich | KGV nicht übertrieben | Umsatzwachstum positiv | Gewinnwachstum positiv | solide Gewinnmarge | Dividende vorhanden;Free Cashflow negativ | Verschuldung hoch;LOW RISK;NO;4;HOLD;über EMA100, fundamental solide
OVV;Ovintiv Inc. (DE);USD;58.01 USD;58.01;58.11 USD;57.11 USD;53.86 USD;-0.17;1.58;2.31;-0.22;-0.51;10.83;45.28;42.61;63.08 USD;63.08;-8.04;2.36;0.527;LOW;2.07%;1.2 USD;15.06.2026;13.03.2026;55.97 USD;16301888512.0;Large Cap;7.35;19.08;1.85;8.5%;0.09;-;-;8.7%;0.09;67.57;875.63 Mio.;875625024.0;3.84 Mrd.;3835000064.0;6;SOLID;7;GOOD;Forward KGV im gesunden Bereich | KGV nicht übertrieben | PEG Ratio attraktiv | Umsatzwachstum positiv | Gewinnmarge positiv | Free Cashflow positiv | Verschuldung wirkt moderat | Dividende vorhanden;-;LOW RISK;NO;4;HOLD;über EMA50, über EMA100, fundamental solide
EL;Estee Lauder Companies, Inc. (T;USD;84.49 USD;84.49;83.47 USD;83.34 USD;86.73 USD;1.22;1.38;1.2;-1.27;-0.55;-11.53;-8.86;57.14;118.78 USD;118.78;-28.87;3.32;1.249;LOW;1.66%;1.4 USD;29.05.2026;29.05.2026;81.67 USD;30568050688.0;Large Cap;26.58;-;1.42;4.6%;0.05;-45.5%;-0.46;-1.67%;-0.02;232.91;1.81 Mrd.;1807624960.0;1.8 Mrd.;1798000000.0;3;MIXED;7;OK;PEG Ratio attraktiv | Umsatzwachstum positiv | Free Cashflow positiv | Dividende vorhanden;Gewinnwachstum negativ | negative Gewinnmarge | Verschuldung hoch;LOW RISK;NO;4;HOLD;über EMA20, über EMA50
NVDA;NVIDIA Corporation;USD;208.66 USD;208.66;214.18 USD;206.72 USD;198.63 USD;-2.58;0.94;1.74;-6.89;-1.23;13.95;15.9;39.57;235.47 USD;235.47;-11.38;2.91;2.202;LOW;0.48%;1.0 USD;04.06.2026;04.06.2026;202.59 USD;5053953867776.0;Mega Cap;16.45;32.0;0.63;85.2%;0.85;214.5%;2.15;62.97%;0.63;6.55;46.34 Mrd.;46335873024.0;125.65 Mrd.;125648003072.0;7;VERY SOLID;8;GOOD;Forward KGV im gesunden Bereich | PEG Ratio attraktiv | Umsatzwachstum positiv | Gewinnwachstum positiv | solide Gewinnmarge | Free Cashflow positiv | Verschuldung wirkt moderat | Dividende vorhanden;-;LOW RISK;NO;4;HOLD;über EMA50, über EMA100, fundamental solide
IAC;IAC Inc.;USD;41.7 USD;41.7;42.73 USD;41.91 USD;40.56 USD;-2.41;-0.51;-4.25;-7.15;-1.3;9.19;21.33;57.14;45.38 USD;45.38;-8.11;2.79;1.055;NORMAL;0.0%;-;-;-;41.07 USD;3142127872.0;Mid Cap;16.3;25.91;12.91;-12.2%;-0.12;-;-;1.75%;0.02;30.91;36.75 Mio.;36746376.0;79.36 Mio.;79359000.0;4;MIXED;7;OK;Forward KGV im gesunden Bereich | KGV nicht übertrieben | Gewinnmarge positiv | Free Cashflow positiv | Verschuldung wirkt moderat;PEG Ratio hoch | Umsatzwachstum negativ;LOW RISK;NO;4;HOLD;über EMA100
WMB;Williams Companies, Inc. (The);USD;71.36 USD;71.36;73.5 USD;73.29 USD;71.2 USD;-2.92;-2.64;-0.84;1.88;-2.19;-3.88;20.33;30.73;79.4 USD;79.4;-10.13;1.83;0.601;LOW;2.94%;2.1 USD;12.06.2026;13.03.2026;71.83 USD;87267049472.0;Large Cap;27.79;31.3;2.23;9.0%;0.09;25.0%;0.25;23.06%;0.23;199.85;-190.25 Mio.;-190250000.0;6.07 Mrd.;6067999744.0;3;MIXED;8;OK;Umsatzwachstum positiv | Gewinnwachstum positiv | solide Gewinnmarge | Dividende vorhanden;Free Cashflow negativ;LOW RISK;NO;4;HOLD;über EMA100, überverkauft
NTLA;Intellia Therapeutics, Inc.;USD;13.41 USD;13.41;13.46 USD;13.45 USD;13.27 USD;-0.39;-0.33;-0.96;-2.33;-2.19;1.98;57.39;55.14;27.98 USD;27.98;-52.07;4.98;1.815;LOW;0.0%;-;-;-;13.18 USD;1873675648.0;Small Cap;-7.29;-;-;-9.5%;-0.1;-;-;0.0%;0.0;12.96;-235.23 Mio.;-235232880.0;-363.15 Mio.;-363152000.0;1;WEAK;5;OK;Verschuldung wirkt moderat;Umsatzwachstum negativ | negative Gewinnmarge | Free Cashflow negativ;MEDIUM RISK;NO;4;HOLD;über EMA100, Fundamentaldaten schwach
CTRA;Coterra Energy Inc.;USD;32.56 USD;32.56;33.86 USD;32.84 USD;31.04 USD;-3.83;-0.86;0.0;-9.33;-2.69;13.33;41.47;58.73;36.31 USD;36.31;-10.33;2.57;0.304;LOW;2.7%;0.88 USD;11.03.2026;11.03.2026;32.18 USD;24724652032.0;Large Cap;10.83;15.0;44.67;18.6%;0.19;-10.3%;-0.1;22.67%;0.23;24.38;1.25 Mrd.;1249750016.0;4.52 Mrd.;4522999808.0;6;SOLID;8;GOOD;Forward KGV im gesunden Bereich | KGV nicht übertrieben | Umsatzwachstum positiv | solide Gewinnmarge | Free Cashflow positiv | Verschuldung wirkt moderat | Dividende vorhanden;PEG Ratio hoch | Gewinnwachstum negativ;LOW RISK;NO;4;HOLD;über EMA100, fundamental solide
MRNA;Moderna, Inc.;USD;47.14 USD;47.14;48.24 USD;48.75 USD;46.65 USD;-2.27;-3.3;-0.63;2.34;-2.88;-12.43;88.48;47.46;57.8 USD;57.8;-18.44;4.05;1.03;LOW;0.0%;-;-;-;47.78 USD;18704504832.0;Large Cap;-11.21;-;-;260.2%;2.6;-;-;-143.55%;-1.44;17.52;-20.0 Mio.;-20000000.0;-1.47 Mrd.;-1466000000.0;2;WEAK;5;OK;Umsatzwachstum positiv | Verschuldung wirkt moderat;negative Gewinnmarge | Free Cashflow negativ;LOW RISK;NO;4;HOLD;über EMA100, Fundamentaldaten schwach
PGY;Pagaya Technologies Ltd.;USD;15.05 USD;15.05;14.27 USD;14.02 USD;15.36 USD;5.45;7.34;3.37;-3.77;-2.9;25.31;-37.4;61.9;43.81 USD;43.81;-65.65;4.67;5.38;LOW;0.0%;-;-;-;13.74 USD;1247206144.0;Small Cap;4.25;13.44;0.04;9.6%;0.1;183.8%;1.84;7.39%;0.07;147.48;185.51 Mio.;185506880.0;247.38 Mio.;247376992.0;6;SOLID;8;GOOD;Forward KGV im gesunden Bereich | KGV nicht übertrieben | PEG Ratio attraktiv | Umsatzwachstum positiv | Gewinnwachstum positiv | Gewinnmarge positiv | Free Cashflow positiv;-;MEDIUM RISK;NO;4;HOLD;über EMA20, über EMA50, fundamental solide
MNPR;Monopar Therapeutics Inc.;USD;60.53 USD;60.53;60.94 USD;59.68 USD;60.41 USD;-0.67;1.43;1.77;-6.0;-3.04;8.49;-30.71;59.2;102.05 USD;102.05;-40.68;4.97;1.539;LOW;0.0%;-;-;-;58.49 USD;405527712.0;Small Cap;-19.13;-;-;-;-;-;-;0.0%;0.0;0.17;-5.38 Mio.;-5376986.0;-10.01 Mio.;-10011881.0;1;WEAK;4;OK;Verschuldung wirkt moderat;negative Gewinnmarge | Free Cashflow negativ;LOW RISK;NO;4;HOLD;über EMA50, über EMA100, Fundamentaldaten schwach
ARR;ARMOUR Residential REIT, Inc.;USD;16.75 USD;16.75;17.01 USD;16.95 USD;16.73 USD;-1.56;-1.23;-2.13;-2.25;-3.25;-2.42;4.33;57.78;18.1 USD;18.1;-7.48;1.23;1.348;NORMAL;17.2%;2.88 USD;15.06.2026;15.05.2026;16.62 USD;2077152256.0;Mid Cap;5.48;6.72;2.97;-;-;-;-;80.85%;0.81;790.68;-;-;134.28 Mio.;134276000.0;3;MIXED;5;OK;Forward KGV im gesunden Bereich | KGV nicht übertrieben | solide Gewinnmarge | Dividende vorhanden;Verschuldung hoch;LOW RISK;NO;4;HOLD;über EMA100
HG.CN;HydrographCP;CAD;6.7 CAD;6.7;6.86 CAD;6.82 CAD;6.21 CAD;-2.28;-1.83;1.06;0.0;-3.32;-10.07;130.24;54.44;11.2 CAD;11.2;-40.18;4.22;2.148;LOW;0.0%;-;-;-;6.69 CAD;2346181632.0;Mid Cap;-;-;-;6129.4%;61.29;-;-;0.0%;0.0;6.14;-4.0 Mio.;-4001960.0;-6.3 Mio.;-6301108.0;2;WEAK;4;OK;Umsatzwachstum positiv | Verschuldung wirkt moderat;negative Gewinnmarge | Free Cashflow negativ;MEDIUM RISK;NO;4;HOLD;über EMA100, Fundamentaldaten schwach
VOD;Vodafone Group Plc;USD;14.84 USD;14.84;14.87 USD;14.9 USD;14.53 USD;-0.21;-0.43;0.92;0.95;-3.68;3.37;21.09;54.31;16.02 USD;16.02;-7.4;2.24;0.319;LOW;3.71%;0.55 USD;05.06.2026;05.06.2026;14.6 USD;34160171008.0;Large Cap;9.17;-;0.59;-;-;-;-;-0.98%;-0.01;100.15;5.17 Mrd.;5167374848.0;14.29 Mrd.;14291000320.0;3;MIXED;5;OK;Forward KGV im gesunden Bereich | PEG Ratio attraktiv | Free Cashflow positiv | Dividende vorhanden;negative Gewinnmarge;LOW RISK;NO;4;HOLD;über EMA100
ORSTED.CO;ORSTED A/S;DKK;160.65 DKK;160.65;164.11 DKK;160.69 DKK;156.03 DKK;-2.11;-0.03;0.19;-2.13;-4.46;3.48;27.15;46.42;322.5 DKK;322.5;-50.19;1.8;0.634;NORMAL;0.0%;-;08.03.2023;08.03.2023;157.48 DKK;212228603904.0;Mega Cap;16.66;-;0.74;33.4%;0.33;-84.9%;-0.85;0.21%;0.0;65.16;-20.92 Mrd.;-20923750400.0;29.64 Mrd.;29643999232.0;4;MIXED;7;OK;Forward KGV im gesunden Bereich | PEG Ratio attraktiv | Umsatzwachstum positiv | Gewinnmarge positiv | Verschuldung wirkt moderat;Gewinnwachstum negativ | Free Cashflow negativ;LOW RISK;NO;4;HOLD;über EMA100
GLAD;Gladstone Capital Corporation;USD;18.94 USD;18.94;19.15 USD;18.84 USD;18.85 USD;-1.08;0.51;-1.3;-3.12;-4.5;5.86;-5.93;49.22;26.79 USD;26.79;-29.31;1.67;0.919;NORMAL;9.77%;1.85 USD;23.06.2026;20.05.2026;18.47 USD;427912704.0;Small Cap;9.76;10.13;2.31;20.5%;0.2;73.7%;0.74;44.05%;0.44;75.84;34.9 Mio.;34897876.0;-93.47 Mio.;-93471000.0;7;VERY SOLID;8;GOOD;Forward KGV im gesunden Bereich | KGV nicht übertrieben | Umsatzwachstum positiv | Gewinnwachstum positiv | solide Gewinnmarge | Free Cashflow positiv | Verschuldung wirkt moderat | Dividende vorhanden;-;LOW RISK;NO;4;HOLD;über EMA50, über EMA100, fundamental solide
VOD.L;VODAFONE GROUP PLC ORD USD0.20 ;GBp;111.85 GBp;111.85;112.46 GBp;112.81 GBp;110.19 GBp;-0.54;-0.85;1.31;0.29;-4.75;0.97;18.91;48.77;120.37 GBp;120.37;-7.08;1.99;0.319;LOW;0.04%;0.04 GBp;04.06.2026;04.06.2026;110.56 GBp;25755410432.0;Large Cap;10.12;-;0.59;-;-;-;-;-0.98%;-0.01;100.15;5.17 Mrd.;5167374848.0;14.29 Mrd.;14291000320.0;3;MIXED;5;OK;Forward KGV im gesunden Bereich | PEG Ratio attraktiv | Free Cashflow positiv | Dividende vorhanden;negative Gewinnmarge;LOW RISK;NO;4;HOLD;über EMA100
GDRX;GoodRx Holdings, Inc.;USD;2.67 USD;2.67;2.72 USD;2.56 USD;2.57 USD;-1.86;4.11;0.75;-13.31;-5.99;16.59;-5.65;57.02;5.12 USD;5.12;-47.85;4.01;1.615;LOW;0.0%;-;-;-;2.51 USD;904263232.0;Small Cap;7.44;44.5;-;-4.4%;-0.04;-88.2%;-0.88;2.61%;0.03;87.04;84.62 Mio.;84616376.0;170.33 Mio.;170328992.0;3;MIXED;7;OK;Forward KGV im gesunden Bereich | Gewinnmarge positiv | Free Cashflow positiv | Verschuldung wirkt moderat;Umsatzwachstum negativ | Gewinnwachstum negativ;LOW RISK;NO;4;HOLD;über EMA50, über EMA100
AMG.AS;AMG Critical Materials N.V.;EUR;35.74 EUR;35.74;38.38 EUR;37.11 EUR;35.45 EUR;-6.88;-3.7;-2.08;-13.59;-6.44;1.2;37.76;51.16;42.12 EUR;42.12;-15.15;3.27;1.068;NORMAL;1.12%;0.4 EUR;11.05.2026;11.05.2026;36.37 EUR;1271847296.0;Small Cap;13.03;-;2.74;15.0%;0.15;140.0%;1.4;-0.64%;-0.01;148.42;-61.76 Mio.;-61762376.0;36.14 Mio.;36144000.0;3;MIXED;7;OK;Forward KGV im gesunden Bereich | Umsatzwachstum positiv | Gewinnwachstum positiv | Dividende vorhanden;negative Gewinnmarge | Free Cashflow negativ;LOW RISK;NO;4;HOLD;über EMA100
NEL.OL;NEL;NOK;2.95 NOK;2.95;3.22 NOK;2.9 NOK;2.65 NOK;-8.33;1.85;-0.84;-15.11;-8.24;44.61;22.41;40.98;3.85 NOK;3.85;-23.28;6.91;1.417;NORMAL;0.0%;-;-;-;2.84 NOK;5422217728.0;Mid Cap;-16.18;-;4.46;-4.7%;-0.05;-;-;-128.62%;-1.29;5.97;-560.48 Mio.;-560475008.0;-360.1 Mio.;-360104000.0;1;WEAK;6;OK;Verschuldung wirkt moderat;PEG Ratio hoch | Umsatzwachstum negativ | negative Gewinnmarge | Free Cashflow negativ;MEDIUM RISK;NO;4;HOLD;über EMA50, über EMA100, Fundamentaldaten schwach
GOOGL;Alphabet Inc.;USD;363.55 USD;363.55;375.37 USD;361.29 USD;341.08 USD;-3.15;0.63;-1.35;-3.41;-8.65;20.91;13.78;28.24;402.62 USD;402.62;-9.7;2.52;1.237;LOW;0.24%;0.88 USD;08.06.2026;09.03.2026;354.06 USD;4433468456960.0;Mega Cap;25.14;27.71;1.45;21.8%;0.22;82.0%;0.82;37.92%;0.38;20.03;27.92 Mrd.;27921750016.0;174.35 Mrd.;174353006592.0;7;VERY SOLID;8;GOOD;KGV nicht übertrieben | PEG Ratio attraktiv | Umsatzwachstum positiv | Gewinnwachstum positiv | solide Gewinnmarge | Free Cashflow positiv | Verschuldung wirkt moderat | Dividende vorhanden;-;LOW RISK;NO;4;HOLD;über EMA50, über EMA100, überverkauft, fundamental solide
GOOG;Alphabet Inc.;USD;360.76 USD;360.76;372.07 USD;358.58 USD;339.25 USD;-3.04;0.61;-1.37;-3.17;-8.74;19.97;12.79;27.85;399.04 USD;399.04;-9.59;2.52;1.237;LOW;0.24%;0.88 USD;08.06.2026;09.03.2026;351.41 USD;4399444787200.0;Mega Cap;24.95;27.56;1.44;21.8%;0.22;82.0%;0.82;37.92%;0.38;20.03;27.92 Mrd.;27921750016.0;174.35 Mrd.;174353006592.0;8;VERY SOLID;8;GOOD;Forward KGV im gesunden Bereich | KGV nicht übertrieben | PEG Ratio attraktiv | Umsatzwachstum positiv | Gewinnwachstum positiv | solide Gewinnmarge | Free Cashflow positiv | Verschuldung wirkt moderat | Dividende vorhanden;-;LOW RISK;NO;4;HOLD;über EMA50, über EMA100, überverkauft, fundamental solide
URG;Ur Energy Inc;USD;1.65 USD;1.65;1.72 USD;1.68 USD;1.64 USD;-3.92;-1.61;2.16;-3.22;-9.07;13.36;30.31;52.94;2.1 USD;2.1;-21.19;6.61;0.83;LOW;0.0%;-;-;-;1.65 USD;657584192.0;Small Cap;26.48;-;-;-;-;-;-;-297.95%;-2.98;104.45;-65.42 Mio.;-65415624.0;-62.42 Mio.;-62422000.0;0;WEAK;4;OK;-;negative Gewinnmarge | Free Cashflow negativ;LOW RISK;NO;4;HOLD;über EMA100, Fundamentaldaten schwach
RNG;Ringcentral, Inc.;USD;40.93 USD;40.93;42.97 USD;41.12 USD;38.17 USD;-4.76;-0.45;-3.22;-16.51;-9.69;3.52;47.08;50.68;49.02 USD;49.02;-16.51;4.72;1.133;LOW;0.73%;0.3 USD;02.06.2026;02.06.2026;40.29 USD;3432332800.0;Mid Cap;7.6;43.54;0.23;5.3%;0.05;-;-;3.31%;0.03;-;639.37 Mio.;639366656.0;631.81 Mio.;631811008.0;4;MIXED;6;OK;Forward KGV im gesunden Bereich | PEG Ratio attraktiv | Umsatzwachstum positiv | Gewinnmarge positiv | Free Cashflow positiv | Dividende vorhanden;-;LOW RISK;NO;4;HOLD;über EMA100
ENTG;Entegris, Inc.;USD;133.22 USD;133.22;137.13 USD;135.25 USD;127.55 USD;-2.86;-1.5;6.23;-1.85;-9.78;7.01;77.7;54.97;156.33 USD;156.33;-14.79;4.16;1.363;LOW;0.3%;0.4 USD;29.04.2026;29.04.2026;132.55 USD;20289026048.0;Large Cap;28.81;77.0;1.54;5.0%;0.05;46.3%;0.46;8.18%;0.08;92.8;445.06 Mio.;445062496.0;738.0 Mio.;738000000.0;5;SOLID;8;GOOD;PEG Ratio attraktiv | Umsatzwachstum positiv | Gewinnwachstum positiv | Gewinnmarge positiv | Free Cashflow positiv | Verschuldung wirkt moderat | Dividende vorhanden;KGV sehr hoch;LOW RISK;NO;4;HOLD;über EMA100, fundamental solide
6146.T;DISCO CORPORATION;JPY;67480.0 JPY;67480.0;68179.14 JPY;68337.28 JPY;65943.14 JPY;-1.03;-1.25;-7.03;5.83;-10.03;-9.41;53.43;59.77;79547.88 JPY;79547.88;-15.17;3.87;1.062;NORMAL;0.75%;505.0 JPY;30.03.2026;30.03.2026;66970.53 JPY;7319017488384.0;Mega Cap;49.58;54.05;2.3;-;-;-;-;31.02%;0.31;-;-;-;133.54 Mrd.;133543002112.0;1;WEAK;4;OK;solide Gewinnmarge | Dividende vorhanden;Forward KGV sehr hoch | KGV sehr hoch;LOW RISK;NO;4;HOLD;über EMA100, Fundamentaldaten schwach
CASY;Caseys General Stores, Inc.;USD;756.69 USD;756.69;791.69 USD;779.55 USD;733.81 USD;-4.42;-2.93;-0.69;1.49;-11.08;12.86;32.69;18.66;888.36 USD;888.36;-14.82;1.95;0.624;LOW;0.3%;2.28 USD;01.05.2026;01.05.2026;763.96 USD;28048177152.0;Large Cap;37.1;43.39;2.05;0.3%;0.0;49.8%;0.5;3.83%;0.04;75.15;467.82 Mio.;467817760.0;1.31 Mrd.;1312888064.0;4;MIXED;8;OK;Umsatzwachstum positiv | Gewinnwachstum positiv | Gewinnmarge positiv | Free Cashflow positiv | Verschuldung wirkt moderat | Dividende vorhanden;-;LOW RISK;NO;4;HOLD;über EMA100, überverkauft
AUR;Aurora Innovation, Inc.;USD;6.25 USD;6.25;6.86 USD;6.22 USD;5.62 USD;-8.91;0.42;-0.94;-16.33;-12.46;39.83;54.33;33.05;8.4 USD;8.4;-25.59;5.87;2.629;LOW;0.0%;-;-;-;6.1 USD;12258500608.0;Large Cap;-14.77;-;-;-;-;-;-;0.0%;0.0;4.02;-401.75 Mio.;-401750016.0;-598.0 Mio.;-598000000.0;1;WEAK;4;OK;Verschuldung wirkt moderat;negative Gewinnmarge | Free Cashflow negativ;MEDIUM RISK;NO;4;HOLD;über EMA50, über EMA100, überverkauft, Fundamentaldaten schwach
6857.T;ADVANTEST CORP;JPY;25235.0 JPY;25235.0;26804.64 JPY;26388.23 JPY;25020.8 JPY;-5.86;-4.37;-5.72;-1.71;-15.56;-2.06;31.95;49.77;31500.0 JPY;31500.0;-19.89;4.04;1.199;NORMAL;0.24%;60.0 JPY;30.03.2026;30.03.2026;25860.46 JPY;18305117061120.0;Mega Cap;106.15;49.11;2.12;41.2%;0.41;220.4%;2.2;33.26%;0.33;2.54;240.92 Mrd.;240920756224.0;335.18 Mrd.;335182004224.0;5;SOLID;8;GOOD;Umsatzwachstum positiv | Gewinnwachstum positiv | solide Gewinnmarge | Free Cashflow positiv | Verschuldung wirkt moderat | Dividende vorhanden;Forward KGV sehr hoch | KGV sehr hoch;LOW RISK;NO;4;HOLD;über EMA100, fundamental solide
AZTA;Azenta, Inc.;USD;22.84 USD;22.84;21.67 USD;22.37 USD;24.61 USD;5.38;2.12;0.66;-1.51;22.99;-7.87;-37.03;86.67;41.01 USD;41.01;-44.31;6.0;1.397;LOW;0.0%;-;02.12.2021;02.12.2021;21.92 USD;1052759680.0;Small Cap;37.2;-;0.53;1.0%;0.01;-;-;-29.06%;-0.29;3.58;101.33 Mio.;101328000.0;62.34 Mio.;62340000.0;4;MIXED;6;OK;PEG Ratio attraktiv | Umsatzwachstum positiv | Free Cashflow positiv | Verschuldung wirkt moderat;negative Gewinnmarge;HIGH RISK;YES;3;TURNAROUND;über EMA20, über EMA50, 1M positiv, mögliche Trendwende, kurzfristig heiß gelaufen, hohes Risiko
SES;SES AI Corporation;USD;1.13 USD;1.13;1.21 USD;1.2 USD;1.33 USD;-6.35;-5.85;-4.24;-15.04;22.69;4.63;-39.57;54.95;3.54 USD;3.54;-68.08;5.61;0.901;LOW;0.0%;-;-;-;1.18 USD;417290208.0;Small Cap;-8.58;-;-;15.8%;0.16;-;-;0.0%;0.0;3.8;-24.36 Mio.;-24361250.0;-55.33 Mio.;-55329000.0;2;WEAK;5;OK;Umsatzwachstum positiv | Verschuldung wirkt moderat;negative Gewinnmarge | Free Cashflow negativ;LOW RISK;NO;3;HOLD;1M positiv, Fundamentaldaten schwach
6758.T;SONY GROUP CORPORATION;JPY;3508.0 JPY;3508.0;3513.36 JPY;3460.96 JPY;3526.52 JPY;-0.15;1.36;-1.43;-0.96;12.65;-1.98;-18.7;37.47;4681.69 JPY;4681.69;-25.07;2.9;0.74;LOW;1.0%;35.0 JPY;29.09.2026;30.03.2027;3391.74 JPY;20658580881408.0;Mega Cap;19.15;20.75;2.02;15.4%;0.15;-57.5%;-0.57;-2.62%;-0.03;19.61;-282.76 Mrd.;-282762608640.0;1945.62 Mrd.;1945617039360.0;4;MIXED;8;OK;Forward KGV im gesunden Bereich | KGV nicht übertrieben | Umsatzwachstum positiv | Verschuldung wirkt moderat | Dividende vorhanden;Gewinnwachstum negativ | negative Gewinnmarge | Free Cashflow negativ;LOW RISK;NO;3;HOLD;über EMA50, 1M positiv
UGI;UGI Corporation;USD;34.71 USD;34.71;34.75 USD;35.36 USD;35.81 USD;-0.1;-1.85;-0.4;3.43;7.39;-4.59;-9.32;51.34;40.22 USD;40.22;-13.7;2.14;0.952;LOW;4.32%;1.5 USD;15.06.2026;16.03.2026;34.66 USD;7441605632.0;Mid Cap;10.39;12.22;48.82;0.7%;0.01;6.4%;0.06;8.71%;0.09;129.72;46.88 Mio.;46875000.0;1.11 Mrd.;1108999936.0;5;SOLID;8;GOOD;Forward KGV im gesunden Bereich | KGV nicht übertrieben | Umsatzwachstum positiv | Gewinnwachstum positiv | Gewinnmarge positiv | Free Cashflow positiv | Dividende vorhanden;PEG Ratio hoch;LOW RISK;NO;3;HOLD;1M positiv, fundamental solide
9992.HK;POP MART;HKD;170.5 HKD;170.5;166.05 HKD;168.27 HKD;180.84 HKD;2.68;1.32;-3.34;-5.07;6.98;-22.88;-13.84;72.81;329.56 HKD;329.56;-48.26;2.42;1.026;NORMAL;1.6%;2.72 HKD;15.05.2026;15.05.2026;164.91 HKD;225186758656.0;Mega Cap;11.4;15.36;0.92;174.1%;1.74;271.2%;2.71;34.42%;0.34;12.63;9.11 Mrd.;9114967040.0;10.87 Mrd.;10865152000.0;8;VERY SOLID;8;GOOD;Forward KGV im gesunden Bereich | KGV nicht übertrieben | PEG Ratio attraktiv | Umsatzwachstum positiv | Gewinnwachstum positiv | solide Gewinnmarge | Free Cashflow positiv | Verschuldung wirkt moderat | Dividende vorhanden;-;LOW RISK;NO;3;HOLD;über EMA20, über EMA50, 1M positiv, fundamental solide
HAG.DE;HENSOLDT AG                   I;EUR;77.8 EUR;77.8;81.02 EUR;79.76 EUR;79.95 EUR;-3.97;-2.45;-1.24;-6.58;6.62;-0.47;13.62;47.87;113.1 EUR;113.1;-31.21;3.59;0.425;LOW;0.71%;0.55 EUR;25.05.2026;25.05.2026;78.16 EUR;8985900032.0;Mid Cap;33.55;72.71;3.79;25.6%;0.26;-;-;3.91%;0.04;167.14;265.5 Mio.;265500000.0;498.0 Mio.;498000000.0;2;WEAK;7;OK;Umsatzwachstum positiv | Gewinnmarge positiv | Free Cashflow positiv | Dividende vorhanden;KGV sehr hoch | PEG Ratio hoch;LOW RISK;NO;3;HOLD;1M positiv, Fundamentaldaten schwach
CACI;CACI International, Inc.;USD;520.59 USD;520.59;515.45 USD;526.27 USD;542.68 USD;1.0;-1.08;-2.04;-0.82;6.27;-15.01;-15.4;66.5;662.19 USD;662.19;-21.38;1.87;0.523;NORMAL;0.0%;-;-;-;515.74 USD;11500621824.0;Large Cap;16.72;21.49;514.23;8.5%;0.09;17.6%;0.18;5.86%;0.06;131.22;446.51 Mio.;446507136.0;664.43 Mio.;664425984.0;5;SOLID;8;GOOD;Forward KGV im gesunden Bereich | KGV nicht übertrieben | Umsatzwachstum positiv | Gewinnwachstum positiv | Gewinnmarge positiv | Free Cashflow positiv;PEG Ratio hoch;LOW RISK;YES;3;TURNAROUND;über EMA20, 1M positiv, mögliche Trendwende, fundamental solide
EOSE;Eos Energy Enterprises, Inc.;USD;6.69 USD;6.69;7.86 USD;7.69 USD;8.45 USD;-14.87;-13.01;-5.51;-25.42;5.19;-0.45;-52.92;45.0;19.19 USD;19.19;-65.14;7.97;2.642;LOW;0.0%;-;-;-;7.54 USD;2271348736.0;Mid Cap;-141.02;-;-;444.7%;4.45;-;-;-296.12%;-2.96;-;-281.87 Mio.;-281868256.0;-302.0 Mio.;-302000992.0;1;WEAK;4;OK;Umsatzwachstum positiv;negative Gewinnmarge | Free Cashflow negativ;MEDIUM RISK;NO;3;HOLD;1M positiv, Fundamentaldaten schwach
QS;QuantumScape Corporation;USD;7.68 USD;7.68;8.3 USD;7.94 USD;8.27 USD;-7.43;-3.18;0.2;-15.92;4.56;11.05;-36.38;51.15;18.44 USD;18.44;-58.32;5.35;2.604;LOW;0.0%;-;-;-;7.78 USD;4727390208.0;Mid Cap;-12.44;-;-;-;-;-;-;0.0%;0.0;6.24;-148.62 Mio.;-148616128.0;-241.24 Mio.;-241235008.0;1;WEAK;4;OK;Verschuldung wirkt moderat;negative Gewinnmarge | Free Cashflow negativ;MEDIUM RISK;NO;3;HOLD;1M positiv, Fundamentaldaten schwach
CTSH;Cognizant Technology Solutions ;USD;53.33 USD;53.33;53.16 USD;55.45 USD;60.09 USD;0.31;-3.83;0.22;-6.71;3.39;-18.36;-29.95;57.55;85.66 USD;85.66;-37.75;2.77;0.81;LOW;2.48%;1.32 USD;18.05.2026;18.05.2026;54.34 USD;25222725632.0;Large Cap;8.65;11.57;0.87;5.8%;0.06;3.6%;0.04;10.41%;0.1;7.25;1.91 Mrd.;1908875008.0;2.76 Mrd.;2756999936.0;8;VERY SOLID;8;GOOD;Forward KGV im gesunden Bereich | KGV nicht übertrieben | PEG Ratio attraktiv | Umsatzwachstum positiv | Gewinnwachstum positiv | solide Gewinnmarge | Free Cashflow positiv | Verschuldung wirkt moderat | Dividende vorhanden;-;LOW RISK;NO;3;HOLD;über EMA20, 1M positiv, fundamental solide
WEX;WEX Inc.;USD;148.87 USD;148.87;147.01 USD;150.12 USD;152.51 USD;1.27;-0.83;0.45;-0.37;3.2;-10.37;0.14;59.88;184.93 USD;184.93;-19.5;2.22;0.848;LOW;0.0%;-;-;-;147.12 USD;5161046528.0;Mid Cap;7.33;16.76;0.85;5.8%;0.06;22.7%;0.23;11.5%;0.12;410.95;1.26 Mrd.;1255837440.0;605.1 Mio.;605100032.0;7;VERY SOLID;8;GOOD;Forward KGV im gesunden Bereich | KGV nicht übertrieben | PEG Ratio attraktiv | Umsatzwachstum positiv | Gewinnwachstum positiv | solide Gewinnmarge | Free Cashflow positiv;Verschuldung hoch;LOW RISK;NO;3;HOLD;über EMA20, 1M positiv, fundamental solide
PNG.V;KRAKEN ROBOTICS INC;CAD;7.36 CAD;7.36;7.76 CAD;7.88 CAD;7.77 CAD;-5.13;-6.62;-2.65;-10.79;2.65;-16.55;26.9;49.28;10.23 CAD;10.23;-28.05;4.78;1.107;LOW;0.0%;-;-;-;7.72 CAD;2260808448.0;Mid Cap;43.29;inf;-;34.6%;0.35;-;-;-0.63%;-0.01;16.23;-36.19 Mio.;-36188248.0;-6.3 Mio.;-6301000.0;2;WEAK;6;OK;Umsatzwachstum positiv | Verschuldung wirkt moderat;Forward KGV sehr hoch | KGV sehr hoch | negative Gewinnmarge | Free Cashflow negativ;LOW RISK;NO;3;HOLD;1M positiv, Fundamentaldaten schwach
LMT;Lockheed Martin Corporation;USD;520.01 USD;520.01;523.17 USD;542.83 USD;551.6 USD;-0.6;-4.2;-0.72;0.68;2.15;-20.09;16.73;46.04;672.3 USD;672.3;-22.65;1.12;0.106;LOW;2.65%;13.8 USD;01.06.2026;01.06.2026;531.97 USD;119894237184.0;Large Cap;16.2;25.19;1.11;0.3%;0.0;-11.5%;-0.12;6.38%;0.06;276.37;3.99 Mrd.;3987124992.0;7.37 Mrd.;7368000000.0;5;SOLID;8;GOOD;Forward KGV im gesunden Bereich | KGV nicht übertrieben | PEG Ratio attraktiv | Umsatzwachstum positiv | Gewinnmarge positiv | Free Cashflow positiv | Dividende vorhanden;Gewinnwachstum negativ | Verschuldung hoch;LOW RISK;NO;3;HOLD;1M positiv, fundamental solide
EXC;Exelon Corporation;USD;44.84 USD;44.84;44.98 USD;45.53 USD;45.63 USD;-0.31;-1.51;-1.99;1.23;1.92;-7.19;-1.98;59.68;49.82 USD;49.82;-10.0;1.38;0.41;LOW;3.75%;1.68 USD;04.06.2026;04.06.2026;44.62 USD;45880651776.0;Large Cap;14.76;16.42;2.95;7.9%;0.08;-0.3%;-0.0;11.21%;0.11;174.79;-2.81 Mrd.;-2807749888.0;6.78 Mrd.;6777999872.0;4;MIXED;8;OK;Forward KGV im gesunden Bereich | KGV nicht übertrieben | Umsatzwachstum positiv | solide Gewinnmarge | Dividende vorhanden;Gewinnwachstum negativ | Free Cashflow negativ;LOW RISK;NO;3;HOLD;1M positiv
L;Loews Corporation;USD;106.31 USD;106.31;106.33 USD;107.13 USD;106.83 USD;-0.02;-0.77;-1.17;2.39;1.88;-3.3;-1.69;44.02;112.54 USD;112.54;-5.54;1.52;0.535;LOW;0.24%;0.25 USD;27.05.2026;27.05.2026;104.99 USD;21875290112.0;Large Cap;36.66;13.53;1.32;1.4%;0.01;-6.3%;-0.06;8.82%;0.09;45.6;2.08 Mrd.;2084000000.0;2.62 Mrd.;2615000064.0;5;SOLID;8;GOOD;KGV nicht übertrieben | PEG Ratio attraktiv | Umsatzwachstum positiv | Gewinnmarge positiv | Free Cashflow positiv | Verschuldung wirkt moderat | Dividende vorhanden;Gewinnwachstum negativ;LOW RISK;NO;3;HOLD;1M positiv, fundamental solide
FE;FirstEnergy Corp.;USD;45.69 USD;45.69;45.91 USD;46.76 USD;46.97 USD;-0.48;-2.29;-1.56;0.69;1.16;-8.25;-1.59;61.19;51.38 USD;51.38;-11.06;1.23;0.458;LOW;4.07%;1.86 USD;07.05.2026;07.05.2026;45.83 USD;26431412224.0;Large Cap;15.51;24.83;1.65;11.6%;0.12;12.9%;0.13;6.94%;0.07;198.92;-1.84 Mrd.;-1835124992.0;3.21 Mrd.;3211000064.0;5;SOLID;8;GOOD;Forward KGV im gesunden Bereich | KGV nicht übertrieben | PEG Ratio attraktiv | Umsatzwachstum positiv | Gewinnwachstum positiv | Gewinnmarge positiv | Dividende vorhanden;Free Cashflow negativ;LOW RISK;NO;3;HOLD;1M positiv, fundamental solide
FNTN.DE;freenet AG                    N;EUR;25.36 EUR;25.36;25.3 EUR;25.41 EUR;25.68 EUR;0.25;-0.19;1.28;1.6;0.34;-1.25;-2.51;33.33;31.09 EUR;31.09;-18.43;1.34;0.248;NORMAL;8.16%;2.07 EUR;14.05.2026;14.05.2026;24.9 EUR;2991987968.0;Mid Cap;10.25;11.53;0.85;25.9%;0.26;-17.2%;-0.17;9.95%;0.1;43.83;594.16 Mio.;594162496.0;389.7 Mio.;389700000.0;6;SOLID;8;GOOD;Forward KGV im gesunden Bereich | KGV nicht übertrieben | PEG Ratio attraktiv | Umsatzwachstum positiv | Gewinnmarge positiv | Free Cashflow positiv | Verschuldung wirkt moderat | Dividende vorhanden;Gewinnwachstum negativ;LOW RISK;NO;3;HOLD;über EMA20, 1M positiv, überverkauft, fundamental solide
MTDR;Matador Resources Company;USD;55.38 USD;55.38;56.3 USD;56.76 USD;54.59 USD;-1.65;-2.44;3.37;-1.24;0.33;1.35;34.81;36.85;65.01 USD;65.01;-14.82;3.01;0.726;LOW;2.71%;1.5 USD;08.05.2026;08.05.2026;55.63 USD;6876369408.0;Mid Cap;6.22;14.27;0.82;-6.4%;-0.06;-;-;13.45%;0.13;60.38;-263.93 Mio.;-263931008.0;2.17 Mrd.;2167682048.0;5;SOLID;7;GOOD;Forward KGV im gesunden Bereich | KGV nicht übertrieben | PEG Ratio attraktiv | solide Gewinnmarge | Verschuldung wirkt moderat | Dividende vorhanden;Umsatzwachstum negativ | Free Cashflow negativ;LOW RISK;NO;3;HOLD;über EMA100, 1M positiv, fundamental solide
PEG;Public Service Enterprise Group;USD;77.99 USD;77.99;78.56 USD;79.45 USD;80.15 USD;-0.72;-1.83;-1.87;1.72;0.21;-6.32;-4.81;54.76;88.01 USD;88.01;-11.39;1.31;0.533;LOW;3.44%;2.68 USD;09.06.2026;10.03.2026;77.86 USD;38864084992.0;Large Cap;16.6;17.25;3.96;19.4%;0.19;25.4%;0.25;17.69%;0.18;141.01;-171.75 Mio.;-171750000.0;3.52 Mrd.;3520000000.0;5;SOLID;8;GOOD;Forward KGV im gesunden Bereich | KGV nicht übertrieben | Umsatzwachstum positiv | Gewinnwachstum positiv | solide Gewinnmarge | Dividende vorhanden;PEG Ratio hoch | Free Cashflow negativ;LOW RISK;NO;3;HOLD;1M positiv, fundamental solide
SU;Suncor Energy  Inc.;USD;63.24 USD;63.24;64.7 USD;63.74 USD;60.08 USD;-2.26;-0.78;1.64;-0.16;-0.13;10.5;44.33;30.05;69.27 USD;69.27;-8.71;2.36;0.564;LOW;2.74%;1.73 USD;04.06.2026;04.06.2026;62.46 USD;74670325760.0;Large Cap;11.88;16.73;11.4;17.5%;0.17;29.9%;0.3;12.39%;0.12;32.36;6.68 Mrd.;6675874816.0;13.06 Mrd.;13059999744.0;7;VERY SOLID;8;GOOD;Forward KGV im gesunden Bereich | KGV nicht übertrieben | Umsatzwachstum positiv | Gewinnwachstum positiv | solide Gewinnmarge | Free Cashflow positiv | Verschuldung wirkt moderat | Dividende vorhanden;PEG Ratio hoch;LOW RISK;NO;3;HOLD;über EMA100, überverkauft, fundamental solide
7974.T;NINTENDO CO LTD;JPY;7640.0 JPY;7640.0;7400.86 JPY;7854.32 JPY;8641.06 JPY;3.23;-2.73;1.54;6.66;-0.35;-10.89;-40.22;53.5;14327.07 JPY;14327.07;-46.67;2.85;0.132;NORMAL;2.87%;219.0 JPY;30.03.2026;30.03.2026;7697.23 JPY;8807612678144.0;Mega Cap;22.45;20.98;3.79;95.1%;0.95;57.1%;0.57;18.33%;0.18;-;277.36 Mrd.;277363490816.0;289.79 Mrd.;289788985344.0;6;SOLID;7;GOOD;Forward KGV im gesunden Bereich | KGV nicht übertrieben | Umsatzwachstum positiv | Gewinnwachstum positiv | solide Gewinnmarge | Free Cashflow positiv | Dividende vorhanden;PEG Ratio hoch;LOW RISK;NO;3;HOLD;über EMA20, fundamental solide
ITW;Illinois Tool Works Inc.;USD;254.32 USD;254.32;251.94 USD;256.95 USD;259.68 USD;0.94;-1.02;0.63;3.46;-0.47;-9.41;3.45;60.34;297.72 USD;297.72;-14.58;1.08;1.03;LOW;2.53%;6.44 USD;30.06.2026;31.03.2026;251.81 USD;73167863808.0;Large Cap;20.9;23.61;2.5;4.6%;0.05;11.8%;0.12;19.32%;0.19;283.22;2.22 Mrd.;2215749888.0;3.16 Mrd.;3156999936.0;6;SOLID;8;GOOD;Forward KGV im gesunden Bereich | KGV nicht übertrieben | Umsatzwachstum positiv | Gewinnwachstum positiv | solide Gewinnmarge | Free Cashflow positiv | Dividende vorhanden;Verschuldung hoch;LOW RISK;NO;3;HOLD;über EMA20, fundamental solide
ARCC;Ares Capital Corporation;USD;18.78 USD;18.78;18.83 USD;18.77 USD;18.85 USD;-0.24;0.08;-0.03;-1.49;-0.92;1.57;-3.69;51.83;21.64 USD;21.64;-13.17;0.99;0.618;LOW;10.22%;1.92 USD;15.06.2026;13.03.2026;18.39 USD;13488059392.0;Large Cap;9.76;11.52;3.72;4.2%;0.04;-64.1%;-0.64;37.3%;0.37;112.91;909.37 Mio.;909374976.0;-1.23 Mrd.;-1234000000.0;5;SOLID;8;GOOD;Forward KGV im gesunden Bereich | KGV nicht übertrieben | Umsatzwachstum positiv | solide Gewinnmarge | Free Cashflow positiv | Dividende vorhanden;PEG Ratio hoch | Gewinnwachstum negativ;LOW RISK;NO;3;HOLD;über EMA50, fundamental solide
RMS.PA;HERMES INTL;EUR;1643.5 EUR;1643.5;1615.72 EUR;1667.38 EUR;1768.6 EUR;1.72;-1.43;1.51;2.11;-1.05;-14.19;-21.44;55.73;2449.32 EUR;2449.32;-32.9;1.94;0.99;NORMAL;1.1%;18.0 EUR;21.04.2026;21.04.2026;1634.03 EUR;172242534400.0;Large Cap;31.84;38.16;3.73;3.9%;0.04;1.8%;0.02;28.27%;0.28;12.27;4.04 Mrd.;4039624960.0;5.37 Mrd.;5374000128.0;5;SOLID;8;GOOD;Umsatzwachstum positiv | Gewinnwachstum positiv | solide Gewinnmarge | Free Cashflow positiv | Verschuldung wirkt moderat | Dividende vorhanden;PEG Ratio hoch;LOW RISK;NO;3;HOLD;über EMA20, fundamental solide
PAYC;Paycom Software, Inc.;USD;136.35 USD;136.35;136.75 USD;133.53 USD;137.23 USD;-0.3;2.11;-0.93;-8.23;-1.24;0.31;-14.76;47.39;256.04 USD;256.04;-46.75;3.01;0.787;LOW;1.1%;1.5 USD;26.05.2026;26.05.2026;130.86 USD;6357371392.0;Mid Cap;11.08;15.78;0.99;7.8%;0.08;22.6%;0.23;22.44%;0.22;94.07;294.76 Mio.;294762496.0;710.2 Mio.;710200000.0;8;VERY SOLID;8;GOOD;Forward KGV im gesunden Bereich | KGV nicht übertrieben | PEG Ratio attraktiv | Umsatzwachstum positiv | Gewinnwachstum positiv | solide Gewinnmarge | Free Cashflow positiv | Verschuldung wirkt moderat | Dividende vorhanden;-;LOW RISK;NO;3;HOLD;über EMA50, fundamental solide
DUK;Duke Energy Corporation (Holdin;USD;122.17 USD;122.17;123.33 USD;124.62 USD;124.31 USD;-0.94;-1.96;-1.65;1.9;-1.32;-6.37;0.68;48.07;132.32 USD;132.32;-7.67;1.15;0.379;LOW;3.49%;4.26 USD;15.05.2026;15.05.2026;122.12 USD;95243272192.0;Large Cap;17.05;18.8;2.63;11.3%;0.11;12.0%;0.12;15.71%;0.16;161.5;-2.25 Mrd.;-2246500096.0;11.67 Mrd.;11665000448.0;5;SOLID;8;GOOD;Forward KGV im gesunden Bereich | KGV nicht übertrieben | Umsatzwachstum positiv | Gewinnwachstum positiv | solide Gewinnmarge | Dividende vorhanden;Free Cashflow negativ;LOW RISK;NO;3;HOLD;fundamental solide
RJF;Raymond James Financial, Inc.;USD;151.48 USD;151.48;149.92 USD;151.2 USD;153.26 USD;1.04;0.18;0.02;3.88;-1.34;-2.72;-2.05;44.65;174.67 USD;174.67;-13.28;1.61;0.951;LOW;1.43%;2.16 USD;01.07.2026;01.04.2026;148.18 USD;29520881664.0;Large Cap;11.33;14.3;0.85;13.1%;0.13;15.3%;0.15;14.58%;0.15;48.48;-;-;2.58 Mrd.;2576000000.0;7;VERY SOLID;7;GOOD;Forward KGV im gesunden Bereich | KGV nicht übertrieben | PEG Ratio attraktiv | Umsatzwachstum positiv | Gewinnwachstum positiv | solide Gewinnmarge | Verschuldung wirkt moderat | Dividende vorhanden;-;LOW RISK;NO;3;HOLD;über EMA20, über EMA50, fundamental solide
S;SentinelOne, Inc.;USD;15.7 USD;15.7;16.69 USD;15.82 USD;15.33 USD;-5.91;-0.73;-1.54;-11.82;-1.35;12.42;-1.47;37.42;19.78 USD;19.78;-20.6;3.58;0.833;LOW;0.0%;-;-;-;15.5 USD;5362976768.0;Mid Cap;31.76;-;-;20.8%;0.21;-;-;-30.39%;-0.3;-;268.39 Mio.;268394256.0;62.84 Mio.;62835000.0;2;WEAK;4;OK;Umsatzwachstum positiv | Free Cashflow positiv;negative Gewinnmarge;LOW RISK;NO;3;HOLD;über EMA100, Fundamentaldaten schwach
FSLY;Fastly, Inc.;USD;19.22 USD;19.22;19.44 USD;20.88 USD;19.72 USD;-1.17;-7.96;6.34;0.71;-1.46;-5.99;61.74;60.45;33.5 USD;33.5;-42.64;9.47;0.349;LOW;0.0%;-;-;-;20.46 USD;3007147520.0;Mid Cap;48.7;-;-;19.8%;0.2;-;-;-15.79%;-0.16;40.7;116.78 Mio.;116781872.0;106.02 Mio.;106022000.0;3;MIXED;5;OK;Umsatzwachstum positiv | Free Cashflow positiv | Verschuldung wirkt moderat;Forward KGV sehr hoch | negative Gewinnmarge;LOW RISK;NO;3;HOLD;
PFE;Pfizer, Inc.;USD;25.67 USD;25.67;25.85 USD;26.06 USD;25.95 USD;-0.71;-1.5;-1.44;0.14;-1.48;-1.96;3.17;55.39;28.09 USD;28.09;-8.62;0.99;0.295;NORMAL;6.7%;1.72 USD;08.05.2026;08.05.2026;25.54 USD;146276237312.0;Large Cap;9.05;19.59;13.77;5.4%;0.05;-10.1%;-0.1;11.83%;0.12;71.6;12.38 Mrd.;12376625152.0;11.98 Mrd.;11984000000.0;6;SOLID;8;GOOD;Forward KGV im gesunden Bereich | KGV nicht übertrieben | Umsatzwachstum positiv | solide Gewinnmarge | Free Cashflow positiv | Verschuldung wirkt moderat | Dividende vorhanden;PEG Ratio hoch | Gewinnwachstum negativ;LOW RISK;NO;3;HOLD;fundamental solide
BCE;BCE, Inc.;USD;24.17 USD;24.17;24.44 USD;24.43 USD;24.37 USD;-1.07;-1.05;-0.96;-3.53;-1.61;-5.77;6.94;55.47;26.12 USD;26.12;-7.45;1.08;0.591;LOW;5.34%;1.29 USD;15.06.2026;16.03.2026;23.94 USD;22543810560.0;Large Cap;12.46;4.96;0.22;4.0%;0.04;-2.9%;-0.03;26.07%;0.26;181.63;2.68 Mrd.;2681374976.0;6.57 Mrd.;6570999808.0;6;SOLID;8;GOOD;Forward KGV im gesunden Bereich | KGV nicht übertrieben | PEG Ratio attraktiv | Umsatzwachstum positiv | solide Gewinnmarge | Free Cashflow positiv | Dividende vorhanden;Gewinnwachstum negativ;LOW RISK;NO;3;HOLD;fundamental solide
PR;Permian Resources Corporation;USD;19.64 USD;19.64;20.02 USD;19.97 USD;18.95 USD;-1.92;-1.7;2.43;-0.18;-2.22;5.09;39.37;36.43;22.52 USD;22.52;-12.81;2.4;0.443;LOW;3.16%;0.62 USD;16.06.2026;17.03.2026;19.57 USD;16916261888.0;Large Cap;9.23;22.06;1.23;0.9%;0.01;-88.7%;-0.89;12.79%;0.13;32.7;-130.82 Mio.;-130821376.0;3.52 Mrd.;3524584960.0;6;SOLID;8;GOOD;Forward KGV im gesunden Bereich | KGV nicht übertrieben | PEG Ratio attraktiv | Umsatzwachstum positiv | solide Gewinnmarge | Verschuldung wirkt moderat | Dividende vorhanden;Gewinnwachstum negativ | Free Cashflow negativ;LOW RISK;NO;3;HOLD;über EMA100, fundamental solide
SRE;DBA Sempra;USD;89.48 USD;89.48;90.88 USD;92.1 USD;91.86 USD;-1.54;-2.85;-2.12;2.7;-2.28;-4.08;-3.23;47.42;99.75 USD;99.75;-10.3;1.38;0.576;LOW;2.94%;2.63 USD;25.06.2026;19.03.2026;90.26 USD;58493739008.0;Large Cap;16.16;30.44;0.82;-3.9%;-0.04;13.7%;0.14;14.43%;0.14;85.27;-28.24 Mrd.;-28243374080.0;4.89 Mrd.;4892000256.0;5;SOLID;8;GOOD;Forward KGV im gesunden Bereich | PEG Ratio attraktiv | Gewinnwachstum positiv | solide Gewinnmarge | Verschuldung wirkt moderat | Dividende vorhanden;Umsatzwachstum negativ | Free Cashflow negativ;LOW RISK;NO;3;HOLD;fundamental solide
DD;DuPont de Nemours, Inc.;USD;46.8 USD;46.8;47.82 USD;47.32 USD;45.88 USD;-2.12;-1.11;-0.11;-1.66;-2.84;0.57;20.22;42.0;51.12 USD;51.12;-8.45;2.55;1.076;LOW;1.71%;0.8 USD;15.05.2026;15.05.2026;46.38 USD;18956724224.0;Large Cap;17.88;123.16;1.72;4.3%;0.04;-;-;-0.42%;-0.0;22.59;-124.75 Mio.;-124750000.0;1.21 Mrd.;1214000000.0;4;MIXED;7;OK;Forward KGV im gesunden Bereich | PEG Ratio attraktiv | Umsatzwachstum positiv | Verschuldung wirkt moderat | Dividende vorhanden;KGV sehr hoch | negative Gewinnmarge | Free Cashflow negativ;LOW RISK;NO;3;HOLD;über EMA100
AEP;American Electric Power Company;USD;126.71 USD;126.71;128.57 USD;129.37 USD;127.37 USD;-1.44;-2.06;-1.88;2.36;-3.13;-3.34;4.82;47.71;136.16 USD;136.16;-6.94;1.55;0.518;LOW;3.0%;3.8 USD;08.05.2026;08.05.2026;126.78 USD;68943544320.0;Large Cap;18.48;18.77;2.37;10.2%;0.1;6.7%;0.07;16.29%;0.16;157.1;-6.95 Mrd.;-6953449984.0;7.01 Mrd.;7013000192.0;5;SOLID;8;GOOD;Forward KGV im gesunden Bereich | KGV nicht übertrieben | Umsatzwachstum positiv | Gewinnwachstum positiv | solide Gewinnmarge | Dividende vorhanden;Free Cashflow negativ;LOW RISK;NO;3;HOLD;fundamental solide
SRG.MI;SNAM;EUR;6.25 EUR;6.25;6.31 EUR;6.38 EUR;6.26 EUR;-0.99;-1.98;-0.7;1.03;-3.28;-1.76;13.26;45.21;6.81 EUR;6.81;-8.17;1.12;0.636;LOW;4.8%;0.3 EUR;22.06.2026;22.06.2026;6.25 EUR;20980406272.0;Large Cap;14.28;17.37;2.36;3.0%;0.03;-;-;27.36%;0.27;193.1;-;-;2.77 Mrd.;2768999936.0;4;MIXED;6;OK;Forward KGV im gesunden Bereich | KGV nicht übertrieben | Umsatzwachstum positiv | solide Gewinnmarge | Dividende vorhanden;-;LOW RISK;NO;3;HOLD;
VSAT;ViaSat, Inc.;USD;64.02 USD;64.02;71.66 USD;65.73 USD;57.87 USD;-10.66;-2.6;-4.7;-12.13;-3.48;40.61;83.6;43.13;86.69 USD;86.69;-26.15;5.24;1.723;NORMAL;0.0%;-;-;-;64.41 USD;8743144448.0;Mid Cap;158.73;-;0.26;2.1%;0.02;-;-;-0.73%;-0.01;146.74;254.8 Mio.;254796880.0;1.59 Mrd.;1589885056.0;3;MIXED;6;OK;PEG Ratio attraktiv | Umsatzwachstum positiv | Free Cashflow positiv;Forward KGV sehr hoch | negative Gewinnmarge;MEDIUM RISK;NO;3;HOLD;über EMA100
XEL;Xcel Energy Inc.;USD;77.51 USD;77.51;78.99 USD;79.41 USD;78.96 USD;-1.87;-2.4;-1.94;1.44;-3.63;-5.22;-3.16;47.85;83.29 USD;83.29;-6.94;1.67;0.408;NORMAL;3.06%;2.37 USD;15.06.2026;13.03.2026;77.82 USD;48387137536.0;Large Cap;17.1;22.34;2.15;2.9%;0.03;6.0%;0.06;14.14%;0.14;164.84;-7.47 Mrd.;-7471625216.0;4.75 Mrd.;4752000000.0;5;SOLID;8;GOOD;Forward KGV im gesunden Bereich | KGV nicht übertrieben | Umsatzwachstum positiv | Gewinnwachstum positiv | solide Gewinnmarge | Dividende vorhanden;Free Cashflow negativ;LOW RISK;NO;3;HOLD;fundamental solide
CMOE.MI;INVESCO BLOOM COMMODIT UCITS ET;EUR;65.45 EUR;65.45;67.32 EUR;66.58 EUR;64.01 EUR;-2.78;-1.69;-0.21;-3.08;-3.85;7.67;25.46;20.69;70.73 EUR;70.73;-7.47;1.22;;LOW;0.0%;-;-;-;65.25 EUR;;UNKNOWN;-;-;-;-;-;-;-;-;-;-;-;-;-;-;0;UNKNOWN;0;LOW;-;Fundamentaldaten unvollständig;LOW RISK;NO;3;HOLD;über EMA100, überverkauft, Fundamentaldaten unvollständig
AVGO;Broadcom Inc.;USD;395.77 USD;395.77;424.66 USD;404.07 USD;381.49 USD;-6.8;-2.05;2.6;-13.96;-4.07;19.18;-0.05;43.56;481.57 USD;481.57;-17.82;3.76;1.433;NORMAL;0.66%;2.6 USD;22.06.2026;23.03.2026;395.99 USD;1873863376896.0;Mega Cap;20.45;65.74;0.71;47.9%;0.48;85.4%;0.85;38.85%;0.39;74.02;27.21 Mrd.;27212249088.0;33.62 Mrd.;33621999616.0;7;VERY SOLID;8;GOOD;Forward KGV im gesunden Bereich | PEG Ratio attraktiv | Umsatzwachstum positiv | Gewinnwachstum positiv | solide Gewinnmarge | Free Cashflow positiv | Verschuldung wirkt moderat | Dividende vorhanden;KGV sehr hoch;LOW RISK;NO;3;HOLD;über EMA100, fundamental solide
TTC;Toro Company (The);USD;90.24 USD;90.24;90.63 USD;92.06 USD;91.02 USD;-0.43;-1.97;3.47;0.29;-5.39;-8.38;29.41;52.97;101.33 USD;101.33;-10.94;1.41;0.707;LOW;1.73%;1.56 USD;16.06.2026;30.03.2026;90.21 USD;8593513472.0;Mid Cap;17.74;26.01;1.46;8.1%;0.08;9.5%;0.1;7.29%;0.07;83.11;670.54 Mio.;670537472.0;832.4 Mio.;832400000.0;7;VERY SOLID;8;GOOD;Forward KGV im gesunden Bereich | KGV nicht übertrieben | PEG Ratio attraktiv | Umsatzwachstum positiv | Gewinnwachstum positiv | Gewinnmarge positiv | Free Cashflow positiv | Verschuldung wirkt moderat | Dividende vorhanden;-;LOW RISK;NO;3;HOLD;fundamental solide
BZAI;Blaize Holdings, Inc.;USD;1.73 USD;1.73;1.72 USD;1.72 USD;1.82 USD;0.53;0.05;3.92;-8.73;-5.74;47.44;-28.13;68.42;6.29 USD;6.29;-72.58;8.77;0.046;LOW;0.0%;-;-;-;1.69 USD;245466560.0;Micro Cap;-9.95;-;-;171.9%;1.72;-;-;-202.65%;-2.03;10.75;-14.89 Mio.;-14893000.0;-70.44 Mio.;-70437000.0;2;WEAK;5;OK;Umsatzwachstum positiv | Verschuldung wirkt moderat;negative Gewinnmarge | Free Cashflow negativ;LOW RISK;NO;3;HOLD;über EMA20, über EMA50, Fundamentaldaten schwach
0660.HK;WAI CHUN BIOTEC;HKD;0.6 HKD;0.6;0.69 HKD;0.65 HKD;0.53 HKD;-13.36;-7.16;0.0;-17.81;-6.25;130.77;163.16;23.4;2.3 HKD;2.3;-73.91;10.27;1.372;LOW;0.0%;-;-;-;0.63 HKD;220585872.0;Micro Cap;-;-;-;118.7%;1.19;-;-;-1.21%;-0.01;-;-45.33 Mio.;-45327248.0;23.78 Mio.;23780000.0;1;WEAK;3;OK;Umsatzwachstum positiv;negative Gewinnmarge | Free Cashflow negativ;MEDIUM RISK;NO;3;HOLD;über EMA100, überverkauft, Fundamentaldaten schwach
SNPS;Synopsys, Inc.;USD;472.76 USD;472.76;492.68 USD;479.26 USD;469.14 USD;-4.04;-1.36;1.7;-3.97;-6.42;6.89;15.4;43.18;645.35 USD;645.35;-26.74;2.56;1.214;LOW;0.0%;-;-;-;469.68 USD;90523770880.0;Large Cap;27.43;108.18;2.95;41.9%;0.42;-96.0%;-0.96;8.91%;0.09;35.57;3.54 Mrd.;3538958592.0;2.8 Mrd.;2796464128.0;3;MIXED;8;OK;Umsatzwachstum positiv | Gewinnmarge positiv | Free Cashflow positiv | Verschuldung wirkt moderat;KGV sehr hoch | Gewinnwachstum negativ;LOW RISK;NO;3;HOLD;über EMA100
KNTK;Kinetik Holdings Inc.;USD;45.29 USD;45.29;47.26 USD;47.03 USD;45.07 USD;-4.17;-3.7;0.22;-0.53;-6.62;0.73;38.8;15.22;51.27 USD;51.27;-11.66;1.79;0.787;LOW;7.02%;3.18 USD;24.04.2026;24.04.2026;46.09 USD;7570673664.0;Mid Cap;26.97;18.04;3.49;-7.5%;-0.07;-;-;28.97%;0.29;136.84;-117.93 Mio.;-117929128.0;607.72 Mio.;607721024.0;2;WEAK;7;OK;KGV nicht übertrieben | solide Gewinnmarge | Dividende vorhanden;PEG Ratio hoch | Umsatzwachstum negativ | Free Cashflow negativ;LOW RISK;NO;3;HOLD;über EMA100, überverkauft, Fundamentaldaten schwach
KURA;Kura Oncology, Inc.;USD;8.64 USD;8.64;9.37 USD;9.27 USD;9.18 USD;-7.76;-6.85;-1.14;-4.37;-7.3;1.53;-27.94;45.2;12.14 USD;12.14;-28.83;4.64;0.364;LOW;0.0%;-;-;-;9.09 USD;767010560.0;Small Cap;-3.25;-;-;29.5%;0.29;-;-;0.0%;0.0;22.5;-129.83 Mio.;-129832496.0;-77.98 Mio.;-77985000.0;2;WEAK;5;OK;Umsatzwachstum positiv | Verschuldung wirkt moderat;negative Gewinnmarge | Free Cashflow negativ;LOW RISK;NO;3;HOLD;Fundamentaldaten schwach
AUTO.OL;AUTOSTORE HOLDINGS LTD.;NOK;11.76 NOK;11.76;12.56 NOK;12.02 NOK;11.53 NOK;-6.38;-2.19;-4.78;-8.05;-8.91;7.89;18.07;41.44;13.5 NOK;13.5;-12.89;3.81;1.961;HIGH;0.0%;-;-;-;11.78 NOK;39549853696.0;Large Cap;20.96;34.59;-;93.0%;0.93;-;-;20.21%;0.2;15.31;98.62 Mio.;98625000.0;155.3 Mio.;155300000.0;5;SOLID;6;GOOD;Forward KGV im gesunden Bereich | Umsatzwachstum positiv | solide Gewinnmarge | Free Cashflow positiv | Verschuldung wirkt moderat;-;MEDIUM RISK;NO;3;HOLD;über EMA100, hohes Volumen, fundamental solide
HWM;Howmet Aerospace Inc.;USD;246.85 USD;246.85;254.5 USD;251.3 USD;242.37 USD;-3.0;-1.77;-2.0;-3.39;-9.38;-2.15;20.76;39.28;273.58 USD;273.58;-9.77;2.23;1.193;LOW;0.19%;0.48 USD;08.05.2026;08.05.2026;246.27 USD;98768535552.0;Large Cap;41.03;57.27;0.8;19.1%;0.19;71.4%;0.71;20.23%;0.2;87.79;1.19 Mrd.;1192749952.0;2.08 Mrd.;2084000000.0;6;SOLID;8;GOOD;PEG Ratio attraktiv | Umsatzwachstum positiv | Gewinnwachstum positiv | solide Gewinnmarge | Free Cashflow positiv | Verschuldung wirkt moderat | Dividende vorhanden;Forward KGV sehr hoch | KGV sehr hoch;LOW RISK;NO;3;HOLD;über EMA100, fundamental solide
AMZN;Amazon.com, Inc.;USD;244.67 USD;244.67;259.04 USD;252.35 USD;242.93 USD;-5.55;-3.04;-0.55;-6.35;-9.77;11.75;6.77;34.08;274.99 USD;274.99;-11.02;1.56;1.444;LOW;0.0%;-;-;-;247.3 USD;2631619313664.0;Mega Cap;24.8;31.49;1.83;16.6%;0.17;74.8%;0.75;12.22%;0.12;53.3;9.81 Mrd.;9806624768.0;148.53 Mrd.;148531003392.0;7;VERY SOLID;8;GOOD;Forward KGV im gesunden Bereich | PEG Ratio attraktiv | Umsatzwachstum positiv | Gewinnwachstum positiv | solide Gewinnmarge | Free Cashflow positiv | Verschuldung wirkt moderat;-;LOW RISK;NO;3;HOLD;über EMA100, überverkauft, fundamental solide
GEV;GE Vernova Inc.;USD;943.29 USD;943.29;996.89 USD;984.82 USD;915.7 USD;-5.38;-4.22;1.04;-0.76;-9.79;15.81;60.17;36.84;1149.53 USD;1149.53;-17.94;2.49;1.045;LOW;0.21%;2.0 USD;16.06.2026;17.03.2026;965.13 USD;253480878080.0;Mega Cap;38.48;27.53;1.61;16.3%;0.16;1816.5%;18.16;23.81%;0.24;24.93;9.32 Mrd.;9315624960.0;9.01 Mrd.;9013999616.0;7;VERY SOLID;8;GOOD;KGV nicht übertrieben | PEG Ratio attraktiv | Umsatzwachstum positiv | Gewinnwachstum positiv | solide Gewinnmarge | Free Cashflow positiv | Verschuldung wirkt moderat | Dividende vorhanden;-;LOW RISK;NO;3;HOLD;über EMA100, fundamental solide
VRT;Vertiv Holdings, LLC;USD;303.02 USD;303.02;323.67 USD;310.85 USD;280.14 USD;-6.38;-2.52;0.84;-6.3;-10.88;21.36;76.2;32.67;376.23 USD;376.23;-19.46;3.77;2.037;LOW;0.08%;0.25 USD;15.06.2026;17.03.2026;304.63 USD;116415692800.0;Large Cap;34.3;76.34;1.51;30.1%;0.3;135.7%;1.36;14.37%;0.14;76.91;1.96 Mrd.;1964749952.0;2.58 Mrd.;2577299968.0;6;SOLID;8;GOOD;PEG Ratio attraktiv | Umsatzwachstum positiv | Gewinnwachstum positiv | solide Gewinnmarge | Free Cashflow positiv | Verschuldung wirkt moderat | Dividende vorhanden;KGV sehr hoch;MEDIUM RISK;NO;3;HOLD;über EMA100, überverkauft, fundamental solide
ENR.DE;Siemens Energy AG             N;EUR;157.64 EUR;157.64;166.67 EUR;166.21 EUR;157.57 EUR;-5.42;-5.16;-0.24;-1.48;-11.51;-3.14;48.16;38.01;187.62 EUR;187.62;-15.98;2.66;1.9;LOW;0.44%;0.7 EUR;27.02.2026;27.02.2026;162.89 EUR;134127771648.0;Large Cap;26.43;62.06;0.64;3.3%;0.03;80.7%;0.81;5.54%;0.06;33.55;4.67 Mrd.;4672875008.0;7.79 Mrd.;7793999872.0;5;SOLID;8;GOOD;PEG Ratio attraktiv | Umsatzwachstum positiv | Gewinnwachstum positiv | Gewinnmarge positiv | Free Cashflow positiv | Verschuldung wirkt moderat | Dividende vorhanden;KGV sehr hoch;LOW RISK;NO;3;HOLD;über EMA100, fundamental solide
EDIT;Editas Medicine, Inc.;USD;2.66 USD;2.66;2.94 USD;2.86 USD;2.72 USD;-9.54;-7.01;-1.85;-20.36;-12.21;40.36;10.83;52.53;4.15 USD;4.15;-35.91;6.37;2.1;LOW;0.0%;-;-;-;2.8 USD;408193152.0;Small Cap;-2.84;-;-;-39.2%;-0.39;-;-;-281.59%;-2.82;392.4;-73.82 Mio.;-73816000.0;-140.5 Mio.;-140503008.0;0;WEAK;5;OK;-;Umsatzwachstum negativ | negative Gewinnmarge | Free Cashflow negativ | Verschuldung hoch;MEDIUM RISK;NO;3;HOLD;Fundamentaldaten schwach
6268.T;NABTESCO CORP;JPY;4860.0 JPY;4860.0;5316.41 JPY;5074.53 JPY;4731.22 JPY;-8.58;-4.23;-6.05;-12.29;-13.18;-3.9;52.28;39.7;5750.0 JPY;5750.0;-15.48;3.51;0.993;NORMAL;1.69%;82.0 JPY;29.06.2026;29.12.2026;4973.04 JPY;569516752896.0;Mega Cap;45.05;39.15;2.91;1.6%;0.02;71.2%;0.71;5.59%;0.06;20.0;17.97 Mrd.;17969750016.0;30.14 Mrd.;30144000000.0;4;MIXED;8;OK;Umsatzwachstum positiv | Gewinnwachstum positiv | Gewinnmarge positiv | Free Cashflow positiv | Verschuldung wirkt moderat | Dividende vorhanden;Forward KGV sehr hoch;LOW RISK;NO;3;HOLD;über EMA100
CIEN;Ciena Corporation;USD;465.3 USD;465.3;551.02 USD;511.15 USD;438.83 USD;-15.56;-8.97;-4.69;-18.31;-13.64;55.46;132.31;41.7;627.0 USD;627.0;-25.79;5.38;1.244;NORMAL;0.0%;-;-;-;500.93 USD;65864577024.0;Large Cap;48.37;156.14;1.12;39.5%;0.4;2383.3%;23.83;7.87%;0.08;54.65;700.93 Mio.;700927872.0;1.03 Mrd.;1032771008.0;5;SOLID;8;GOOD;PEG Ratio attraktiv | Umsatzwachstum positiv | Gewinnwachstum positiv | Gewinnmarge positiv | Free Cashflow positiv | Verschuldung wirkt moderat;Forward KGV sehr hoch | KGV sehr hoch;LOW RISK;NO;3;HOLD;über EMA100, fundamental solide
MP;MP Materials Corp.;USD;57.81 USD;57.81;63.89 USD;62.45 USD;61.44 USD;-9.53;-7.44;-2.32;-16.58;-16.38;-1.15;-3.9;51.37;98.65 USD;98.65;-41.4;4.89;1.841;LOW;0.0%;-;-;-;61.2 USD;10290573312.0;Large Cap;50.21;-;-;118.6%;1.19;-;-;-20.48%;-0.2;44.02;-174.84 Mio.;-174843504.0;-94.47 Mio.;-94466000.0;2;WEAK;5;OK;Umsatzwachstum positiv | Verschuldung wirkt moderat;Forward KGV sehr hoch | negative Gewinnmarge | Free Cashflow negativ;MEDIUM RISK;NO;3;HOLD;Fundamentaldaten schwach
ALM;Almonty Industries Inc.;USD;16.21 USD;16.21;19.09 USD;18.85 USD;17.02 USD;-15.06;-14.01;-0.61;-14.9;-18.21;-16.01;154.08;45.79;23.42 USD;23.42;-30.78;6.46;;LOW;0.0%;-;25.08.2014;25.08.2014;18.47 USD;4599625728.0;Mid Cap;10.61;-;-;221.2%;2.21;-;-;-265.08%;-2.65;46.33;-59.58 Mio.;-59577876.0;-5.06 Mio.;-5057000.0;3;MIXED;5;OK;Forward KGV im gesunden Bereich | Umsatzwachstum positiv | Verschuldung wirkt moderat;negative Gewinnmarge | Free Cashflow negativ;LOW RISK;NO;3;HOLD;
ETG.DE;EnviTec Biogas AG             I;EUR;19.95 EUR;19.95;20.85 EUR;22.1 EUR;21.98 EUR;-4.34;-9.72;1.27;1.27;-18.24;-13.26;10.22;50.57;28.1 EUR;28.1;-29.0;5.15;0.201;LOW;2.51%;0.5 EUR;07.07.2025;07.07.2025;21.66 EUR;296257504.0;Micro Cap;-;1.91;1.46;-2.8%;-0.03;19.1%;0.19;49.11%;0.49;86.57;-11.22 Mio.;-11215075.0;17.79 Mio.;17788648.0;5;SOLID;7;GOOD;KGV nicht übertrieben | PEG Ratio attraktiv | Gewinnwachstum positiv | solide Gewinnmarge | Verschuldung wirkt moderat | Dividende vorhanden;Umsatzwachstum negativ | Free Cashflow negativ;LOW RISK;NO;3;HOLD;fundamental solide
LAC;Lithium Americas Corp.;USD;4.56 USD;4.56;5.06 USD;4.98 USD;4.92 USD;-9.94;-8.47;0.66;-17.24;-19.43;-0.87;-13.31;45.96;10.05 USD;10.05;-54.63;5.88;3.251;LOW;0.0%;-;-;-;4.88 USD;1600844800.0;Small Cap;-24.87;-;-;-;-;-;-;0.0%;0.0;46.8;-1.3 Mrd.;-1303825280.0;-60.63 Mio.;-60633000.0;1;WEAK;4;OK;Verschuldung wirkt moderat;negative Gewinnmarge | Free Cashflow negativ;MEDIUM RISK;NO;3;HOLD;Fundamentaldaten schwach
CRWV;CoreWeave, Inc.;USD;101.92 USD;101.92;109.07 USD;106.18 USD;101.98 USD;-6.56;-4.01;1.52;-18.35;-20.9;36.21;37.19;48.51;183.58 USD;183.58;-44.48;5.64;;LOW;0.0%;-;-;-;104.05 USD;55601803264.0;Large Cap;-125.79;-;-;111.6%;1.12;-;-;-25.57%;-0.26;738.54;-8.56 Mrd.;-8560327168.0;5.98 Mrd.;5981000192.0;1;WEAK;5;OK;Umsatzwachstum positiv;negative Gewinnmarge | Free Cashflow negativ | Verschuldung hoch;LOW RISK;NO;3;HOLD;Fundamentaldaten schwach
CHKP;Check Point Software Technologi;USD;129.04 USD;129.04;131.46 USD;135.12 USD;146.55 USD;-1.84;-4.5;-4.99;-7.2;11.67;-21.54;-30.0;52.33;231.23 USD;231.23;-44.19;4.26;0.489;NORMAL;0.0%;-;-;-;132.42 USD;13424268288.0;Large Cap;11.3;13.28;1.3;4.8%;0.05;5.8%;0.06;38.37%;0.38;70.12;730.29 Mio.;730287488.0;1.22 Mrd.;1223600000.0;8;VERY SOLID;8;GOOD;Forward KGV im gesunden Bereich | KGV nicht übertrieben | PEG Ratio attraktiv | Umsatzwachstum positiv | Gewinnwachstum positiv | solide Gewinnmarge | Free Cashflow positiv | Verschuldung wirkt moderat;-;LOW RISK;NO;2;AVOID;1M positiv, fundamental solide
AVAV;AeroVironment, Inc.;USD;184.77 USD;184.77;186.99 USD;192.53 USD;212.98 USD;-1.19;-4.03;-0.62;-9.47;9.86;-16.23;-33.82;60.11;409.83 USD;409.83;-54.92;5.36;1.361;LOW;0.0%;-;-;-;188.68 USD;9350299648.0;Mid Cap;45.81;-;1.57;143.4%;1.43;-;-;-13.93%;-0.14;19.34;-304.05 Mio.;-304053504.0;-174.18 Mio.;-174180992.0;3;MIXED;6;OK;PEG Ratio attraktiv | Umsatzwachstum positiv | Verschuldung wirkt moderat;Forward KGV sehr hoch | negative Gewinnmarge | Free Cashflow negativ;MEDIUM RISK;NO;2;AVOID;1M positiv
R3NK.DE;RENK Group AG                 I;EUR;50.55 EUR;50.55;50.98 EUR;51.76 EUR;53.77 EUR;-0.83;-2.33;-2.51;-3.51;5.07;-13.88;-0.71;60.19;88.44 EUR;88.44;-42.84;3.39;2.119;LOW;1.15%;0.58 EUR;11.06.2026;11.06.2026;50.72 EUR;5055000064.0;Mid Cap;23.39;44.34;-;4.0%;0.04;2102.6%;21.03;8.35%;0.08;103.93;58.98 Mio.;58982000.0;157.92 Mio.;157924000.0;4;MIXED;7;OK;Forward KGV im gesunden Bereich | Umsatzwachstum positiv | Gewinnwachstum positiv | Gewinnmarge positiv | Free Cashflow positiv | Dividende vorhanden;-;MEDIUM RISK;NO;2;AVOID;1M positiv
NEM.DE;Nemetschek SE                 I;EUR;63.45 EUR;63.45;63.46 EUR;64.13 EUR;68.89 EUR;-0.02;-1.07;-1.55;-5.58;3.94;-6.65;-31.59;46.96;136.24 EUR;136.24;-53.43;3.81;0.497;NORMAL;1.07%;0.68 EUR;22.05.2026;22.05.2026;62.85 EUR;7322688000.0;Mid Cap;21.59;31.57;1.32;10.7%;0.11;33.8%;0.34;19.05%;0.19;32.75;322.55 Mio.;322554752.0;403.77 Mio.;403768000.0;7;VERY SOLID;8;GOOD;Forward KGV im gesunden Bereich | PEG Ratio attraktiv | Umsatzwachstum positiv | Gewinnwachstum positiv | solide Gewinnmarge | Free Cashflow positiv | Verschuldung wirkt moderat | Dividende vorhanden;-;LOW RISK;NO;2;AVOID;1M positiv, fundamental solide
SOFI;SoFi Technologies, Inc.;USD;16.52 USD;16.52;16.67 USD;17.14 USD;18.72 USD;-0.86;-3.58;3.09;-11.06;3.28;-14.16;-42.0;55.12;32.21 USD;32.21;-48.7;4.38;2.152;NORMAL;0.0%;-;-;-;16.8 USD;21197297664.0;Large Cap;21.18;36.72;1.0;42.5%;0.42;101.2%;1.01;14.76%;0.15;17.72;-;-;-6.08 Mrd.;-6078953984.0;6;SOLID;7;GOOD;Forward KGV im gesunden Bereich | PEG Ratio attraktiv | Umsatzwachstum positiv | Gewinnwachstum positiv | solide Gewinnmarge | Verschuldung wirkt moderat;-;MEDIUM RISK;NO;2;AVOID;1M positiv, fundamental solide
SYK;Stryker Corporation;USD;302.98 USD;302.98;305.56 USD;316.33 USD;330.18 USD;-0.84;-4.22;-0.88;1.18;2.97;-18.0;-18.19;41.58;400.53 USD;400.53;-24.36;2.1;0.785;LOW;1.16%;3.52 USD;30.06.2026;31.03.2026;310.0 USD;116158316544.0;Large Cap;18.11;35.03;1.46;2.6%;0.03;14.2%;0.14;13.21%;0.13;66.3;4.36 Mrd.;4359875072.0;5.38 Mrd.;5375000064.0;7;VERY SOLID;8;GOOD;Forward KGV im gesunden Bereich | PEG Ratio attraktiv | Umsatzwachstum positiv | Gewinnwachstum positiv | solide Gewinnmarge | Free Cashflow positiv | Verschuldung wirkt moderat | Dividende vorhanden;-;LOW RISK;NO;2;AVOID;1M positiv, fundamental solide
ZBRA;Zebra Technologies Corporation;USD;235.4 USD;235.4;242.98 USD;237.13 USD;238.57 USD;-3.12;-0.73;1.42;-5.82;2.97;2.49;-6.03;34.51;341.36 USD;341.36;-31.04;3.38;1.626;LOW;0.0%;-;-;-;232.39 USD;11212900352.0;Large Cap;11.37;28.4;0.5;14.3%;0.14;3.8%;0.04;7.49%;0.07;82.1;559.0 Mio.;559000000.0;915.0 Mio.;915000000.0;7;VERY SOLID;8;GOOD;Forward KGV im gesunden Bereich | KGV nicht übertrieben | PEG Ratio attraktiv | Umsatzwachstum positiv | Gewinnwachstum positiv | Gewinnmarge positiv | Free Cashflow positiv | Verschuldung wirkt moderat;-;LOW RISK;NO;2;AVOID;1M positiv, überverkauft, fundamental solide
SLDP;Solid Power, Inc.;USD;2.98 USD;2.98;3.19 USD;3.26 USD;3.54 USD;-6.45;-8.71;1.36;-12.61;2.05;-8.59;-42.14;56.57;8.51 USD;8.51;-64.98;5.04;1.875;LOW;0.0%;-;-;-;3.2 USD;670451392.0;Small Cap;-5.23;-;-;-58.9%;-0.59;-;-;0.0%;0.0;1.52;-48.53 Mio.;-48534376.0;-65.86 Mio.;-65855000.0;1;WEAK;5;OK;Verschuldung wirkt moderat;Umsatzwachstum negativ | negative Gewinnmarge | Free Cashflow negativ;MEDIUM RISK;NO;2;AVOID;1M positiv, Fundamentaldaten schwach
KTOS;Kratos Defense & Security Solut;USD;57.92 USD;57.92;59.86 USD;64.95 USD;71.8 USD;-3.24;-10.83;-1.03;-8.78;1.61;-32.29;-23.56;55.78;130.72 USD;130.72;-55.69;4.94;1.032;LOW;0.0%;-;-;-;63.65 USD;10860669952.0;Large Cap;53.94;340.69;36.41;22.6%;0.23;130.6%;1.31;2.08%;0.02;5.44;-106.72 Mio.;-106725000.0;-40.3 Mio.;-40300000.0;3;MIXED;8;OK;Umsatzwachstum positiv | Gewinnwachstum positiv | Gewinnmarge positiv | Verschuldung wirkt moderat;Forward KGV sehr hoch | KGV sehr hoch | PEG Ratio hoch | Free Cashflow negativ;LOW RISK;NO;2;AVOID;1M positiv
RXRX;Recursion Pharmaceuticals, Inc.;USD;3.3 USD;3.3;3.35 USD;3.38 USD;3.6 USD;-1.56;-2.33;-0.45;-12.93;0.92;-6.78;-25.17;58.51;6.79 USD;6.79;-51.4;4.76;1.004;LOW;0.0%;-;-;-;3.31 USD;1754169088.0;Small Cap;-3.76;-;-;-56.1%;-0.56;-;-;0.0%;0.0;7.06;-177.8 Mio.;-177795632.0;-320.95 Mio.;-320952000.0;1;WEAK;5;OK;Verschuldung wirkt moderat;Umsatzwachstum negativ | negative Gewinnmarge | Free Cashflow negativ;LOW RISK;NO;2;AVOID;1M positiv, Fundamentaldaten schwach
VOW3.DE;VOLKSWAGEN AG                 V;EUR;87.9 EUR;87.9;89.24 EUR;89.69 EUR;91.72 EUR;-1.5;-2.0;0.07;-2.94;0.32;-6.93;-9.57;51.22;108.6 EUR;108.6;-19.06;1.41;0.976;NORMAL;5.98%;5.26 EUR;19.06.2026;19.06.2026;87.9 EUR;44063854592.0;Large Cap;3.5;7.2;0.81;-2.5%;-0.03;-29.5%;-0.29;2.12%;0.02;137.09;11.55 Mrd.;11546653696.0;17.24 Mrd.;17244000256.0;4;MIXED;8;OK;Forward KGV im gesunden Bereich | KGV nicht übertrieben | PEG Ratio attraktiv | Gewinnmarge positiv | Free Cashflow positiv | Dividende vorhanden;Umsatzwachstum negativ | Gewinnwachstum negativ;LOW RISK;NO;2;AVOID;1M positiv
AZN;AstraZeneca PLC;USD;182.43 USD;182.43;184.07 USD;187.39 USD;187.42 USD;-0.89;-2.65;-1.89;1.51;-0.05;-7.64;-1.24;47.78;208.62 USD;208.62;-12.55;1.48;0.214;NORMAL;1.73%;3.16 USD;20.02.2026;19.02.2026;183.64 USD;282923794432.0;Mega Cap;22.74;27.47;1.44;12.5%;0.12;5.3%;0.05;17.19%;0.17;71.81;6.56 Mrd.;6558875136.0;14.22 Mrd.;14220999680.0;8;VERY SOLID;8;GOOD;Forward KGV im gesunden Bereich | KGV nicht übertrieben | PEG Ratio attraktiv | Umsatzwachstum positiv | Gewinnwachstum positiv | solide Gewinnmarge | Free Cashflow positiv | Verschuldung wirkt moderat | Dividende vorhanden;-;LOW RISK;NO;2;AVOID;fundamental solide
V;Visa Inc.;USD;320.37 USD;320.37;322.36 USD;320.04 USD;320.95 USD;-0.62;0.1;-0.99;-0.74;-0.08;0.39;-3.62;35.43;370.38 USD;370.38;-13.5;1.91;0.765;LOW;0.84%;2.68 USD;12.05.2026;12.05.2026;313.64 USD;609261649920.0;Mega Cap;21.55;27.98;1.48;17.1%;0.17;35.5%;0.35;51.68%;0.52;67.23;20.84 Mrd.;20839749632.0;22.76 Mrd.;22755999744.0;8;VERY SOLID;8;GOOD;Forward KGV im gesunden Bereich | KGV nicht übertrieben | PEG Ratio attraktiv | Umsatzwachstum positiv | Gewinnwachstum positiv | solide Gewinnmarge | Free Cashflow positiv | Verschuldung wirkt moderat | Dividende vorhanden;-;LOW RISK;NO;2;AVOID;über EMA50, fundamental solide
DHI;D.R. Horton, Inc.;USD;145.43 USD;145.43;145.35 USD;146.0 USD;147.42 USD;0.05;-0.39;-0.12;-1.05;-0.37;-2.68;-6.68;65.83;182.4 USD;182.4;-20.27;1.99;1.382;LOW;1.24%;1.8 USD;07.05.2026;07.05.2026;143.08 USD;41240981504.0;Large Cap;12.08;13.67;1.21;-2.3%;-0.02;-13.2%;-0.13;9.51%;0.1;27.45;2.88 Mrd.;2875425024.0;3.65 Mrd.;3651899904.0;5;SOLID;8;GOOD;Forward KGV im gesunden Bereich | KGV nicht übertrieben | PEG Ratio attraktiv | Gewinnmarge positiv | Free Cashflow positiv | Verschuldung wirkt moderat | Dividende vorhanden;Umsatzwachstum negativ | Gewinnwachstum negativ;LOW RISK;NO;2;AVOID;über EMA20, fundamental solide
SO;Southern Company (The);USD;91.32 USD;91.32;92.33 USD;92.94 USD;92.55 USD;-1.09;-1.75;-1.38;2.57;-0.38;-5.27;2.84;40.28;98.3 USD;98.3;-7.1;1.33;0.339;LOW;3.33%;3.04 USD;18.05.2026;18.05.2026;91.08 USD;102945136640.0;Large Cap;18.57;23.36;2.63;8.0%;0.08;-0.8%;-0.01;14.46%;0.14;190.43;-3.95 Mrd.;-3950000128.0;9.78 Mrd.;9777999872.0;4;MIXED;8;OK;Forward KGV im gesunden Bereich | KGV nicht übertrieben | Umsatzwachstum positiv | solide Gewinnmarge | Dividende vorhanden;Gewinnwachstum negativ | Free Cashflow negativ;LOW RISK;NO;2;AVOID;
DVN;Devon Energy Corporation;USD;45.04 USD;45.04;46.27 USD;46.57 USD;44.97 USD;-2.66;-3.27;1.73;-2.73;-0.58;1.71;25.2;28.55;52.07 USD;52.07;-13.49;2.66;0.419;LOW;2.31%;1.04 USD;15.06.2026;13.03.2026;45.64 USD;51955040256.0;Large Cap;8.35;12.55;2.92;-0.8%;-0.01;-75.3%;-0.75;14.17%;0.14;56.4;1.6 Mrd.;1600499968.0;6.42 Mrd.;6424000000.0;5;SOLID;8;GOOD;Forward KGV im gesunden Bereich | KGV nicht übertrieben | solide Gewinnmarge | Free Cashflow positiv | Verschuldung wirkt moderat | Dividende vorhanden;Umsatzwachstum negativ | Gewinnwachstum negativ;LOW RISK;NO;2;AVOID;über EMA100, überverkauft, fundamental solide
BMY;Bristol-Myers Squibb Company;USD;55.91 USD;55.91;56.85 USD;57.4 USD;56.65 USD;-1.65;-2.59;-2.37;1.75;-0.6;-7.0;16.05;44.19;61.73 USD;61.73;-9.43;1.88;0.238;LOW;4.51%;2.52 USD;02.04.2026;02.04.2026;56.25 USD;114172207104.0;Large Cap;9.07;15.66;181.52;2.6%;0.03;9.2%;0.09;15.01%;0.15;230.97;9.85 Mrd.;9851750400.0;13.31 Mrd.;13306000384.0;6;SOLID;8;GOOD;Forward KGV im gesunden Bereich | KGV nicht übertrieben | Umsatzwachstum positiv | Gewinnwachstum positiv | solide Gewinnmarge | Free Cashflow positiv | Dividende vorhanden;PEG Ratio hoch | Verschuldung hoch;LOW RISK;NO;2;AVOID;fundamental solide
KMI;Kinder Morgan, Inc.;USD;31.31 USD;31.31;32.05 USD;32.09 USD;31.39 USD;-2.33;-2.46;-1.18;1.47;-0.68;-5.38;18.37;29.22;34.31 USD;34.31;-8.76;1.63;0.539;LOW;3.77%;1.18 USD;04.05.2026;04.05.2026;31.45 USD;69648171008.0;Large Cap;20.85;21.01;3.78;13.8%;0.14;36.0%;0.36;18.92%;0.19;98.84;1.65 Mrd.;1646875008.0;6.25 Mrd.;6246000128.0;7;VERY SOLID;8;GOOD;Forward KGV im gesunden Bereich | KGV nicht übertrieben | Umsatzwachstum positiv | Gewinnwachstum positiv | solide Gewinnmarge | Free Cashflow positiv | Verschuldung wirkt moderat | Dividende vorhanden;PEG Ratio hoch;LOW RISK;NO;2;AVOID;überverkauft, fundamental solide
ED;Consolidated Edison, Inc.;USD;104.53 USD;104.53;105.96 USD;107.2 USD;106.64 USD;-1.35;-2.49;-1.63;0.89;-0.93;-4.79;6.08;43.91;114.5 USD;114.5;-8.71;1.17;0.272;LOW;3.33%;3.48 USD;13.05.2026;13.05.2026;105.06 USD;38521339904.0;Large Cap;16.11;17.63;2.52;6.2%;0.06;12.9%;0.13;12.52%;0.13;106.18;-833.25 Mio.;-833249984.0;4.14 Mrd.;4136999936.0;5;SOLID;8;GOOD;Forward KGV im gesunden Bereich | KGV nicht übertrieben | Umsatzwachstum positiv | Gewinnwachstum positiv | solide Gewinnmarge | Dividende vorhanden;Free Cashflow negativ;LOW RISK;NO;2;AVOID;fundamental solide
MCD;McDonald's Corporation;USD;278.47 USD;278.47;278.73 USD;287.66 USD;295.64 USD;-0.09;-3.2;-0.49;1.54;-1.18;-14.38;-9.21;46.92;336.88 USD;336.88;-17.34;1.26;0.414;LOW;2.67%;7.44 USD;02.06.2026;02.06.2026;281.91 USD;197854560256.0;Large Cap;19.58;22.98;2.56;9.4%;0.09;6.9%;0.07;31.62%;0.32;-;5.95 Mrd.;5952249856.0;10.54 Mrd.;10535000064.0;6;SOLID;7;GOOD;Forward KGV im gesunden Bereich | KGV nicht übertrieben | Umsatzwachstum positiv | Gewinnwachstum positiv | solide Gewinnmarge | Free Cashflow positiv | Dividende vorhanden;-;LOW RISK;NO;2;AVOID;fundamental solide
CL;Colgate-Palmolive Company;USD;86.32 USD;86.32;87.99 USD;87.45 USD;86.61 USD;-1.91;-1.3;-2.56;-2.39;-1.2;-6.28;9.17;38.75;98.53 USD;98.53;-12.4;1.64;0.322;LOW;2.46%;2.12 USD;20.04.2026;20.04.2026;85.7 USD;69068341248.0;Large Cap;21.36;33.46;1.59;8.4%;0.08;-5.9%;-0.06;10.04%;0.1;1640.54;3.32 Mrd.;3319500032.0;4.34 Mrd.;4344999936.0;5;SOLID;8;GOOD;Forward KGV im gesunden Bereich | PEG Ratio attraktiv | Umsatzwachstum positiv | solide Gewinnmarge | Free Cashflow positiv | Dividende vorhanden;Gewinnwachstum negativ | Verschuldung hoch;LOW RISK;NO;2;AVOID;fundamental solide
RUN;Sunrun Inc.;USD;13.62 USD;13.62;14.41 USD;14.2 USD;14.79 USD;-5.45;-4.08;2.02;-12.55;-1.27;15.56;-29.15;50.9;21.41 USD;21.41;-36.36;4.55;2.297;LOW;0.0%;-;-;-;13.92 USD;3250233856.0;Mid Cap;16.81;6.4;3.07;43.2%;0.43;214.4%;2.14;17.88%;0.18;300.3;-2.24 Mrd.;-2242088960.0;-306.61 Mio.;-306611008.0;5;SOLID;8;GOOD;Forward KGV im gesunden Bereich | KGV nicht übertrieben | Umsatzwachstum positiv | Gewinnwachstum positiv | solide Gewinnmarge;PEG Ratio hoch | Free Cashflow negativ | Verschuldung hoch;MEDIUM RISK;NO;2;AVOID;fundamental solide
HON;Honeywell International Inc.;USD;211.79 USD;211.79;222.56 USD;222.45 USD;220.71 USD;-4.84;-4.79;-1.02;-10.46;-1.44;-10.67;12.64;44.24;246.68 USD;246.68;-14.15;1.8;0.843;LOW;2.25%;4.76 USD;15.05.2026;15.05.2026;218.0 USD;134201393152.0;Large Cap;18.48;33.78;1.94;2.4%;0.02;-41.9%;-0.42;10.89%;0.11;257.39;2.94 Mrd.;2936875008.0;5.16 Mrd.;5160999936.0;5;SOLID;8;GOOD;Forward KGV im gesunden Bereich | PEG Ratio attraktiv | Umsatzwachstum positiv | solide Gewinnmarge | Free Cashflow positiv | Dividende vorhanden;Gewinnwachstum negativ | Verschuldung hoch;LOW RISK;NO;2;AVOID;fundamental solide
IDXX;IDEXX Laboratories, Inc.;USD;563.53 USD;563.53;558.55 USD;568.55 USD;591.01 USD;0.89;-0.88;0.24;-0.58;-1.52;-8.95;-25.46;60.87;766.68 USD;766.68;-26.5;1.79;1.543;LOW;0.0%;-;-;-;557.18 USD;44452937728.0;Large Cap;34.12;41.44;3.6;14.3%;0.14;17.2%;0.17;24.63%;0.25;71.04;786.84 Mio.;786844480.0;1.21 Mrd.;1210091008.0;5;SOLID;8;GOOD;Umsatzwachstum positiv | Gewinnwachstum positiv | solide Gewinnmarge | Free Cashflow positiv | Verschuldung wirkt moderat;PEG Ratio hoch;LOW RISK;NO;2;AVOID;über EMA20, fundamental solide
WYNN;Wynn Resorts, Limited;USD;104.86 USD;104.86;102.18 USD;102.9 USD;105.77 USD;2.62;1.9;0.36;-1.57;-1.6;-0.22;-18.61;72.73;132.45 USD;132.45;-20.83;2.04;0.984;LOW;0.95%;1.0 USD;18.05.2026;18.05.2026;100.85 USD;10883076096.0;Large Cap;19.4;30.05;1.76;9.2%;0.09;50.9%;0.51;5.14%;0.05;-;356.89 Mio.;356894624.0;1.37 Mrd.;1372333952.0;5;SOLID;7;GOOD;Forward KGV im gesunden Bereich | PEG Ratio attraktiv | Umsatzwachstum positiv | Gewinnwachstum positiv | Gewinnmarge positiv | Free Cashflow positiv | Dividende vorhanden;-;LOW RISK;NO;2;AVOID;über EMA20, über EMA50, fundamental solide
CRSP;CRISPR Therapeutics AG;USD;51.53 USD;51.53;52.6 USD;52.43 USD;52.97 USD;-2.04;-1.72;-0.6;-4.91;-1.7;-10.12;-3.32;56.07;76.78 USD;76.78;-32.89;3.88;1.704;LOW;0.0%;-;-;-;51.38 USD;5074887168.0;Mid Cap;-13.34;-;-;68.6%;0.69;-;-;0.0%;0.0;43.41;-260.9 Mio.;-260895744.0;-399.96 Mio.;-399964000.0;2;WEAK;5;OK;Umsatzwachstum positiv | Verschuldung wirkt moderat;negative Gewinnmarge | Free Cashflow negativ;LOW RISK;NO;2;AVOID;Fundamentaldaten schwach
MSFT;Microsoft Corporation;USD;412.58 USD;412.58;423.16 USD;416.34 USD;421.62 USD;-2.5;-0.9;-0.98;-10.41;-1.73;0.68;-14.64;45.61;538.66 USD;538.66;-23.41;2.07;1.103;LOW;0.88%;3.64 USD;21.05.2026;21.05.2026;408.02 USD;3064834818048.0;Mega Cap;21.32;24.57;1.28;18.3%;0.18;23.4%;0.23;39.34%;0.39;30.27;37.01 Mrd.;37011251200.0;170.14 Mrd.;170141007872.0;8;VERY SOLID;8;GOOD;Forward KGV im gesunden Bereich | KGV nicht übertrieben | PEG Ratio attraktiv | Umsatzwachstum positiv | Gewinnwachstum positiv | solide Gewinnmarge | Free Cashflow positiv | Verschuldung wirkt moderat | Dividende vorhanden;-;LOW RISK;NO;2;AVOID;fundamental solide
BDX;Becton, Dickinson and Company;USD;150.45 USD;150.45;147.87 USD;150.69 USD;153.24 USD;1.74;-0.16;-0.47;3.52;-1.83;-10.9;-0.13;70.35;184.21 USD;184.21;-18.33;2.04;0.278;LOW;2.79%;4.2 USD;09.06.2026;10.03.2026;147.68 USD;41455054848.0;Large Cap;11.23;26.26;1.11;5.2%;0.05;-;-;5.12%;0.05;71.6;4.53 Mrd.;4531250176.0;3.83 Mrd.;3828000000.0;6;SOLID;7;GOOD;Forward KGV im gesunden Bereich | KGV nicht übertrieben | PEG Ratio attraktiv | Umsatzwachstum positiv | Gewinnmarge positiv | Free Cashflow positiv | Verschuldung wirkt moderat | Dividende vorhanden;-;LOW RISK;NO;2;AVOID;über EMA20, fundamental solide
AXP;American Express Company;USD;312.82 USD;312.82;312.29 USD;315.22 USD;321.67 USD;0.17;-0.76;0.7;-0.23;-1.84;2.15;-13.59;50.65;382.83 USD;382.83;-18.29;1.36;1.058;LOW;1.21%;3.8 USD;02.07.2026;02.04.2026;308.92 USD;213445361664.0;Mega Cap;15.54;19.51;1.53;11.6%;0.12;17.6%;0.18;16.3%;0.16;177.85;-;-;17.47 Mrd.;17468000256.0;6;SOLID;7;GOOD;Forward KGV im gesunden Bereich | KGV nicht übertrieben | PEG Ratio attraktiv | Umsatzwachstum positiv | Gewinnwachstum positiv | solide Gewinnmarge | Dividende vorhanden;-;LOW RISK;NO;2;AVOID;über EMA20, fundamental solide
VET;Vermilion Energy Inc.;USD;11.64 USD;11.64;11.98 USD;12.1 USD;11.54 USD;-2.83;-3.8;2.65;-0.08;-1.85;3.43;35.55;33.83;14.42 USD;14.42;-19.27;3.49;0.498;LOW;3.44%;0.4 USD;15.06.2026;13.03.2026;11.86 USD;1783401216.0;Small Cap;18.02;-;-;9.9%;0.1;-;-;-46.65%;-0.47;64.14;269.56 Mio.;269558752.0;890.68 Mio.;890675008.0;4;MIXED;5;OK;Forward KGV im gesunden Bereich | Umsatzwachstum positiv | Free Cashflow positiv | Verschuldung wirkt moderat | Dividende vorhanden;negative Gewinnmarge;LOW RISK;NO;2;AVOID;über EMA100, überverkauft
DKNG;DraftKings Inc.;USD;24.74 USD;24.74;24.87 USD;24.65 USD;25.93 USD;-0.54;0.32;-0.78;-6.06;-1.92;-2.85;-23.18;43.89;48.23 USD;48.23;-48.71;2.78;1.654;LOW;0.0%;-;-;-;24.16 USD;12271747072.0;Large Cap;14.44;274.83;0.09;16.8%;0.17;-;-;0.93%;0.01;316.98;603.18 Mio.;603175872.0;733.43 Mio.;733433984.0;4;MIXED;7;OK;Forward KGV im gesunden Bereich | PEG Ratio attraktiv | Umsatzwachstum positiv | Gewinnmarge positiv | Free Cashflow positiv;KGV sehr hoch | Verschuldung hoch;LOW RISK;NO;2;AVOID;über EMA50
GD;General Dynamics Corporation;USD;340.76 USD;340.76;341.54 USD;341.8 USD;342.31 USD;-0.23;-0.3;-1.64;0.46;-2.01;-5.09;1.09;47.42;365.68 USD;365.68;-6.82;1.83;0.341;LOW;1.87%;6.36 USD;02.07.2026;10.04.2026;334.96 USD;92151791616.0;Large Cap;18.78;21.43;2.58;10.3%;0.1;12.0%;0.12;8.07%;0.08;37.7;5.29 Mrd.;5289500160.0;7.41 Mrd.;7411999744.0;6;SOLID;8;GOOD;Forward KGV im gesunden Bereich | KGV nicht übertrieben | Umsatzwachstum positiv | Gewinnwachstum positiv | Gewinnmarge positiv | Free Cashflow positiv | Verschuldung wirkt moderat | Dividende vorhanden;-;LOW RISK;NO;2;AVOID;fundamental solide
O;Realty Income Corporation;USD;60.03 USD;60.03;61.08 USD;61.68 USD;61.29 USD;-1.73;-2.68;-1.34;0.8;-2.43;-6.14;8.37;38.75;66.68 USD;66.68;-9.98;1.19;0.734;LOW;5.41%;3.25 USD;29.05.2026;29.05.2026;60.45 USD;55972868096.0;Large Cap;34.87;49.2;5.68;12.0%;0.12;17.9%;0.18;18.9%;0.19;73.47;1.8 Mrd.;1797902592.0;4.08 Mrd.;4081740032.0;5;SOLID;8;GOOD;Umsatzwachstum positiv | Gewinnwachstum positiv | solide Gewinnmarge | Free Cashflow positiv | Verschuldung wirkt moderat | Dividende vorhanden;KGV sehr hoch | PEG Ratio hoch;LOW RISK;NO;2;AVOID;fundamental solide
TDG;Transdigm Group Incorporated;USD;1210.38 USD;1210.38;1219.11 USD;1218.59 USD;1241.12 USD;-0.72;-0.67;-2.29;-2.26;-2.54;-6.53;-10.67;56.51;1516.55 USD;1516.55;-20.19;1.71;0.895;LOW;0.0%;-;02.09.2025;02.09.2025;1194.22 USD;67700891648.0;Large Cap;25.78;37.73;3.05;18.3%;0.18;11.5%;0.12;21.91%;0.22;-;1.52 Mrd.;1524875008.0;2.1 Mrd.;2104999936.0;4;MIXED;7;OK;Umsatzwachstum positiv | Gewinnwachstum positiv | solide Gewinnmarge | Free Cashflow positiv;PEG Ratio hoch;LOW RISK;NO;2;AVOID;
BA.L;BAE SYSTEMS PLC ORD 2.5P;GBp;1950.0 GBp;1950.0;1960.02 GBp;2017.97 GBp;2024.66 GBp;-0.51;-3.37;1.01;1.51;-2.55;-12.15;18.63;59.35;2330.75 GBp;2330.75;-16.34;1.99;-0.067;NORMAL;0.02%;0.36 GBp;23.04.2026;23.04.2026;1977.61 GBp;57224290304.0;Large Cap;20.6;28.68;3.03;6.7%;0.07;8.7%;0.09;7.28%;0.07;76.73;1.78 Mrd.;1783750016.0;3.43 Mrd.;3432000000.0;6;SOLID;8;GOOD;Forward KGV im gesunden Bereich | KGV nicht übertrieben | Umsatzwachstum positiv | Gewinnwachstum positiv | Gewinnmarge positiv | Free Cashflow positiv | Verschuldung wirkt moderat | Dividende vorhanden;PEG Ratio hoch;LOW RISK;NO;2;AVOID;fundamental solide
HD;Home Depot, Inc. (The);USD;310.93 USD;310.93;311.81 USD;320.63 USD;332.82 USD;-0.28;-3.03;0.05;0.83;-2.91;-12.81;-10.71;65.88;414.79 USD;414.79;-25.04;1.56;0.974;LOW;3.0%;9.32 USD;04.06.2026;04.06.2026;314.22 USD;310033481728.0;Mega Cap;19.3;22.08;1.75;4.8%;0.05;-4.3%;-0.04;8.41%;0.08;459.36;10.13 Mrd.;10128249856.0;18.03 Mrd.;18032001024.0;5;SOLID;8;GOOD;Forward KGV im gesunden Bereich | KGV nicht übertrieben | PEG Ratio attraktiv | Umsatzwachstum positiv | Gewinnmarge positiv | Free Cashflow positiv | Dividende vorhanden;Gewinnwachstum negativ | Verschuldung hoch;LOW RISK;NO;2;AVOID;fundamental solide
APPF;AppFolio, Inc.;USD;165.05 USD;165.05;164.56 USD;165.78 USD;176.68 USD;0.3;-0.44;-1.13;-7.95;-3.03;-13.09;-27.66;56.4;321.25 USD;321.25;-48.62;3.05;0.793;NORMAL;0.0%;-;-;-;162.47 USD;5835926016.0;Mid Cap;20.07;39.3;7.45;20.4%;0.2;37.2%;0.37;15.27%;0.15;7.86;177.61 Mio.;177612256.0;237.94 Mio.;237938000.0;6;SOLID;8;GOOD;Forward KGV im gesunden Bereich | Umsatzwachstum positiv | Gewinnwachstum positiv | solide Gewinnmarge | Free Cashflow positiv | Verschuldung wirkt moderat;PEG Ratio hoch;LOW RISK;NO;2;AVOID;über EMA20, fundamental solide
PSTG;Everpure, Inc.;USD;72.17 USD;72.17;78.94 USD;75.08 USD;73.05 USD;-8.57;-3.87;-8.08;-9.23;-3.04;17.62;-13.21;42.02;98.7 USD;98.7;-26.88;5.26;1.343;NORMAL;0.0%;-;-;-;73.58 USD;22405251072.0;Large Cap;23.88;123.27;1.53;-;-;-;-;5.14%;0.05;127.36;376.73 Mio.;376732640.0;880.08 Mio.;880084992.0;3;MIXED;6;OK;Forward KGV im gesunden Bereich | PEG Ratio attraktiv | Gewinnmarge positiv | Free Cashflow positiv;KGV sehr hoch;MEDIUM RISK;NO;2;AVOID;
MAP.MC;MAPFRE, S.A.;EUR;3.91 EUR;3.91;3.99 EUR;3.97 EUR;3.93 EUR;-2.01;-1.59;-0.2;-0.96;-3.57;6.45;0.13;35.26;4.2 EUR;4.2;-6.97;1.13;0.263;LOW;4.6%;0.18 EUR;26.05.2026;26.05.2026;3.89 EUR;11979699200.0;Large Cap;9.54;10.57;2.59;-1.5%;-0.01;-;-;3.9%;0.04;35.92;-;-;-;-;3;MIXED;6;OK;Forward KGV im gesunden Bereich | KGV nicht übertrieben | Gewinnmarge positiv | Verschuldung wirkt moderat | Dividende vorhanden;Umsatzwachstum negativ;LOW RISK;NO;2;AVOID;
KOG.OL;KONGSBERG GRUPPEN;NOK;316.4 NOK;316.4;315.75 NOK;327.74 NOK;330.24 NOK;0.2;-3.46;1.41;-2.01;-3.62;-16.83;31.37;63.31;417.6 NOK;417.6;-24.23;2.72;0.213;NORMAL;0.7%;2.2 NOK;14.04.2026;14.04.2026;321.18 NOK;278308356096.0;Mega Cap;29.14;58.27;2.36;27.1%;0.27;-26.3%;-0.26;21.99%;0.22;17.91;-1.72 Mrd.;-1719000064.0;10.5 Mrd.;10504999936.0;3;MIXED;8;OK;Umsatzwachstum positiv | solide Gewinnmarge | Verschuldung wirkt moderat | Dividende vorhanden;KGV sehr hoch | Gewinnwachstum negativ | Free Cashflow negativ;LOW RISK;NO;2;AVOID;über EMA20
CLBT;Cellebrite DI Ltd.;USD;13.3 USD;13.3;13.72 USD;13.65 USD;14.19 USD;-3.08;-2.57;-3.69;-16.19;-3.69;-12.44;-20.97;47.61;19.56 USD;19.56;-32.0;4.17;1.172;LOW;0.0%;-;-;-;13.38 USD;3317599744.0;Mid Cap;20.12;47.5;-;19.3%;0.19;-42.9%;-0.43;14.48%;0.14;4.47;149.56 Mio.;149560880.0;172.55 Mio.;172551008.0;5;SOLID;7;GOOD;Forward KGV im gesunden Bereich | Umsatzwachstum positiv | solide Gewinnmarge | Free Cashflow positiv | Verschuldung wirkt moderat;KGV sehr hoch | Gewinnwachstum negativ;LOW RISK;NO;2;AVOID;fundamental solide
COST;Costco Wholesale Corporation;USD;974.37 USD;974.37;994.22 USD;999.18 USD;987.6 USD;-2.0;-2.48;0.26;2.99;-3.72;-0.69;7.58;24.06;1094.32 USD;1094.32;-10.96;1.53;0.868;LOW;0.6%;5.88 USD;01.05.2026;01.05.2026;979.2 USD;432112467968.0;Mega Cap;43.08;48.91;4.75;21.5%;0.21;45.5%;0.46;3.01%;0.03;60.26;6.95 Mrd.;6954375168.0;15.0 Mrd.;15000000512.0;4;MIXED;8;OK;Umsatzwachstum positiv | Gewinnwachstum positiv | Gewinnmarge positiv | Free Cashflow positiv | Verschuldung wirkt moderat | Dividende vorhanden;Forward KGV sehr hoch | KGV sehr hoch | PEG Ratio hoch;LOW RISK;NO;2;AVOID;überverkauft
LNG;Cheniere Energy, Inc.;USD;236.82 USD;236.82;239.99 USD;246.14 USD;242.71 USD;-1.32;-3.79;-0.84;3.93;-3.81;-4.88;15.65;37.98;296.22 USD;296.22;-20.05;2.02;-0.0;LOW;0.94%;2.22 USD;11.05.2026;11.05.2026;241.22 USD;49627119616.0;Large Cap;12.14;40.14;9.46;24.2%;0.24;-;-;7.1%;0.07;321.12;1.72 Mrd.;1722749952.0;5.39 Mrd.;5391000064.0;3;MIXED;7;OK;Forward KGV im gesunden Bereich | Umsatzwachstum positiv | Gewinnmarge positiv | Free Cashflow positiv | Dividende vorhanden;PEG Ratio hoch | Verschuldung hoch;LOW RISK;NO;2;AVOID;
TDW;Tidewater Inc.;USD;74.78 USD;74.78;77.62 USD;79.23 USD;75.92 USD;-3.66;-5.62;3.17;0.3;-3.96;-6.85;42.01;23.54;91.12 USD;91.12;-17.93;2.47;0.511;LOW;0.0%;-;-;30.12.2020;77.65 USD;3718857984.0;Mid Cap;11.93;12.61;-;-43.1%;-0.43;-;-;22.16%;0.22;45.45;385.1 Mio.;385101888.0;317.88 Mio.;317876000.0;5;SOLID;6;GOOD;Forward KGV im gesunden Bereich | KGV nicht übertrieben | solide Gewinnmarge | Free Cashflow positiv | Verschuldung wirkt moderat;Umsatzwachstum negativ;LOW RISK;NO;2;AVOID;überverkauft, fundamental solide
XYL;Xylem Inc.;USD;110.53 USD;110.53;110.73 USD;115.12 USD;120.93 USD;-0.18;-3.98;0.54;2.03;-4.04;-12.07;-21.1;59.79;151.41 USD;151.41;-27.0;1.62;1.04;LOW;1.56%;1.72 USD;28.05.2026;28.05.2026;112.81 USD;26272260096.0;Large Cap;18.14;27.5;1.56;2.7%;0.03;14.5%;0.14;10.79%;0.11;18.35;959.12 Mio.;959124992.0;1.32 Mrd.;1316000000.0;8;VERY SOLID;8;GOOD;Forward KGV im gesunden Bereich | KGV nicht übertrieben | PEG Ratio attraktiv | Umsatzwachstum positiv | Gewinnwachstum positiv | solide Gewinnmarge | Free Cashflow positiv | Verschuldung wirkt moderat | Dividende vorhanden;-;LOW RISK;NO;2;AVOID;fundamental solide
NNE;Nano Nuclear Energy Inc.;USD;25.61 USD;25.61;26.45 USD;25.78 USD;26.71 USD;-3.17;-0.65;8.7;-13.77;-4.08;0.16;-16.96;53.23;56.63 USD;56.63;-54.78;7.92;5.044;NORMAL;0.0%;-;-;-;25.26 USD;1334841216.0;Small Cap;-26.0;-;-;-;-;-;-;0.0%;0.0;0.44;-33.31 Mio.;-33311692.0;-23.26 Mio.;-23255184.0;1;WEAK;4;OK;Verschuldung wirkt moderat;negative Gewinnmarge | Free Cashflow negativ;MEDIUM RISK;NO;2;AVOID;Fundamentaldaten schwach
LIDR;AEye, Inc.;USD;1.81 USD;1.81;1.95 USD;1.93 USD;1.95 USD;-7.16;-6.17;0.56;-11.27;-4.23;10.37;-27.89;46.67;4.43 USD;4.43;-59.19;5.36;2.765;NORMAL;0.0%;-;-;-;1.89 USD;83829824.0;Micro Cap;-2.74;-;-;57.8%;0.58;-;-;0.0%;0.0;1.45;-19.3 Mio.;-19297000.0;-28.53 Mio.;-28529000.0;2;WEAK;5;OK;Umsatzwachstum positiv | Verschuldung wirkt moderat;negative Gewinnmarge | Free Cashflow negativ;MEDIUM RISK;NO;2;AVOID;Fundamentaldaten schwach
VRL.DE;net digital AG                I;EUR;15.1 EUR;15.1;15.59 EUR;15.5 EUR;15.49 EUR;-3.15;-2.56;0.67;-3.21;-4.43;4.86;-16.57;36.92;19.2 EUR;19.2;-21.35;2.76;;LOW;0.0%;-;-;-;15.19 EUR;32378628.0;Micro Cap;503.33;-;-;-;-;-;-;0.0%;0.0;-;-;-;-;-;0;UNKNOWN;2;LOW;-;Forward KGV sehr hoch | negative Gewinnmarge | Fundamentaldaten unvollständig;LOW RISK;NO;2;AVOID;Fundamentaldaten unvollständig
AGNC;AGNC Investment Corp.;USD;10.1 USD;10.1;10.29 USD;10.34 USD;10.29 USD;-1.86;-2.36;-0.69;-1.27;-4.7;-4.07;3.4;46.69;11.51 USD;11.51;-12.28;1.11;1.312;NORMAL;14.26%;1.44 USD;29.05.2026;29.05.2026;10.14 USD;11594085376.0;Large Cap;6.72;7.89;3.48;-;-;-;-;91.71%;0.92;722.9;-;-;848.0 Mio.;848000000.0;3;MIXED;5;OK;Forward KGV im gesunden Bereich | KGV nicht übertrieben | solide Gewinnmarge | Dividende vorhanden;PEG Ratio hoch | Verschuldung hoch;LOW RISK;NO;2;AVOID;
ROP;Roper Technologies, Inc.;USD;334.87 USD;334.87;332.49 USD;341.47 USD;360.19 USD;0.72;-1.93;0.81;-2.72;-4.99;-8.28;-24.58;52.95;568.68 USD;568.68;-41.11;1.89;0.762;LOW;1.09%;3.64 USD;08.07.2026;06.04.2026;334.64 USD;33794195456.0;Large Cap;14.01;20.92;1.36;11.3%;0.11;59.2%;0.59;21.12%;0.21;55.61;2.17 Mrd.;2169925120.0;2.6 Mrd.;2603699968.0;8;VERY SOLID;8;GOOD;Forward KGV im gesunden Bereich | KGV nicht übertrieben | PEG Ratio attraktiv | Umsatzwachstum positiv | Gewinnwachstum positiv | solide Gewinnmarge | Free Cashflow positiv | Verschuldung wirkt moderat | Dividende vorhanden;-;LOW RISK;NO;2;AVOID;über EMA20, fundamental solide
BAS.DE;BASF SE                       N;EUR;48.85 EUR;48.85;51.11 EUR;50.61 EUR;48.91 EUR;-4.42;-3.48;-4.18;-3.91;-5.42;10.39;13.94;23.0;54.0 EUR;54.0;-9.54;1.49;0.731;NORMAL;4.61%;2.25 EUR;04.05.2026;04.05.2026;49.6 EUR;43199287296.0;Large Cap;16.61;28.74;0.75;-3.0%;-0.03;16.6%;0.17;2.94%;0.03;66.72;-1.57 Mrd.;-1570625024.0;5.79 Mrd.;5794999808.0;5;SOLID;8;GOOD;Forward KGV im gesunden Bereich | KGV nicht übertrieben | PEG Ratio attraktiv | Gewinnwachstum positiv | Gewinnmarge positiv | Verschuldung wirkt moderat | Dividende vorhanden;Umsatzwachstum negativ | Free Cashflow negativ;LOW RISK;NO;2;AVOID;überverkauft, fundamental solide
WELL;Welltower Inc.;USD;199.79 USD;199.79;207.52 USD;207.83 USD;203.56 USD;-3.72;-3.87;-3.45;1.23;-5.86;-2.23;-2.45;37.73;220.14 USD;220.14;-9.24;1.75;0.78;LOW;1.48%;2.96 USD;13.05.2026;13.05.2026;203.68 USD;141038174208.0;Large Cap;59.46;96.52;3.66;38.3%;0.38;157.9%;1.58;11.96%;0.12;44.49;2.6 Mrd.;2600212736.0;2.95 Mrd.;2952730112.0;5;SOLID;8;GOOD;Umsatzwachstum positiv | Gewinnwachstum positiv | solide Gewinnmarge | Free Cashflow positiv | Verschuldung wirkt moderat | Dividende vorhanden;Forward KGV sehr hoch | KGV sehr hoch | PEG Ratio hoch;LOW RISK;NO;2;AVOID;fundamental solide
SHW;Sherwin-Williams Company (The);USD;300.43 USD;300.43;305.35 USD;314.63 USD;323.24 USD;-1.61;-4.51;-1.59;1.89;-5.93;-10.21;-12.09;48.5;372.56 USD;372.56;-19.36;1.68;1.126;LOW;1.07%;3.2 USD;22.05.2026;22.05.2026;308.34 USD;74097967104.0;Large Cap;22.71;28.86;2.36;6.8%;0.07;7.5%;0.07;10.86%;0.11;329.52;2.14 Mrd.;2140024960.0;3.65 Mrd.;3651800064.0;6;SOLID;8;GOOD;Forward KGV im gesunden Bereich | KGV nicht übertrieben | Umsatzwachstum positiv | Gewinnwachstum positiv | solide Gewinnmarge | Free Cashflow positiv | Dividende vorhanden;Verschuldung hoch;LOW RISK;NO;2;AVOID;fundamental solide
SATS;EchoStar Corporation;USD;115.27 USD;115.27;124.96 USD;123.78 USD;117.4 USD;-7.76;-6.88;-0.87;-9.54;-5.99;3.99;62.63;31.27;141.8 USD;141.8;-18.71;3.57;0.963;NORMAL;0.0%;-;-;-;121.31 USD;33406801920.0;Large Cap;-1011.14;-;1.33;-5.2%;-0.05;-;-;-97.56%;-0.98;515.06;-457.88 Mio.;-457875616.0;-67.84 Mio.;-67845000.0;1;WEAK;6;OK;PEG Ratio attraktiv;Umsatzwachstum negativ | negative Gewinnmarge | Free Cashflow negativ | Verschuldung hoch;LOW RISK;NO;2;AVOID;überverkauft, Fundamentaldaten schwach
DLR;Digital Realty Trust, Inc.;USD;182.63 USD;182.63;189.38 USD;188.78 USD;183.4 USD;-3.56;-3.26;-2.23;-1.28;-6.24;2.29;16.64;42.67;203.91 USD;203.91;-10.44;1.55;1.046;LOW;2.67%;4.88 USD;15.06.2026;13.03.2026;185.0 USD;65326583808.0;Large Cap;63.76;48.44;12.6;16.7%;0.17;67.6%;0.68;21.82%;0.22;76.59;3.28 Mrd.;3278001664.0;2.55 Mrd.;2545472000.0;5;SOLID;8;GOOD;Umsatzwachstum positiv | Gewinnwachstum positiv | solide Gewinnmarge | Free Cashflow positiv | Verschuldung wirkt moderat | Dividende vorhanden;Forward KGV sehr hoch | KGV sehr hoch | PEG Ratio hoch;LOW RISK;NO;2;AVOID;fundamental solide
BA;Boeing Company (The);USD;216.26 USD;216.26;221.4 USD;222.22 USD;221.69 USD;-2.32;-2.68;0.38;-3.58;-6.39;-2.61;15.7;46.28;252.15 USD;252.15;-14.23;2.24;1.198;LOW;0.0%;-;13.02.2020;13.02.2020;217.78 USD;170478256128.0;Large Cap;51.72;85.82;23.34;14.0%;0.14;-;-;2.46%;0.02;828.7;2.55 Mrd.;2554249984.0;2.5 Mrd.;2502000128.0;2;WEAK;7;OK;Umsatzwachstum positiv | Gewinnmarge positiv | Free Cashflow positiv;Forward KGV sehr hoch | KGV sehr hoch | PEG Ratio hoch | Verschuldung hoch;LOW RISK;NO;2;AVOID;Fundamentaldaten schwach
PNR;Pentair plc.;USD;73.55 USD;73.55;74.16 USD;79.74 USD;86.3 USD;-0.83;-7.76;0.55;3.88;-6.85;-23.13;-30.28;50.64;111.71 USD;111.71;-34.16;2.41;1.046;LOW;1.44%;1.06 USD;24.07.2026;17.04.2026;78.15 USD;11886087168.0;Large Cap;12.66;18.48;1.09;2.6%;0.03;13.0%;0.13;15.97%;0.16;54.63;574.21 Mio.;574212480.0;786.3 Mio.;786300032.0;8;VERY SOLID;8;GOOD;Forward KGV im gesunden Bereich | KGV nicht übertrieben | PEG Ratio attraktiv | Umsatzwachstum positiv | Gewinnwachstum positiv | solide Gewinnmarge | Free Cashflow positiv | Verschuldung wirkt moderat | Dividende vorhanden;-;LOW RISK;NO;2;AVOID;fundamental solide
AMBA;Ambarella, Inc.;USD;69.1 USD;69.1;75.84 USD;71.53 USD;69.16 USD;-8.89;-3.4;8.78;-8.68;-6.96;24.71;-6.48;42.98;95.51 USD;95.51;-27.65;6.06;2.146;NORMAL;0.0%;-;-;-;70.1 USD;3031291392.0;Mid Cap;60.23;-;2.28;16.9%;0.17;-;-;-17.18%;-0.17;2.19;47.41 Mio.;47412876.0;33.09 Mio.;33092000.0;3;MIXED;6;OK;Umsatzwachstum positiv | Free Cashflow positiv | Verschuldung wirkt moderat;Forward KGV sehr hoch | negative Gewinnmarge;MEDIUM RISK;NO;2;AVOID;
ATO;Atmos Energy Corporation;USD;167.55 USD;167.55;173.63 USD;177.68 USD;177.44 USD;-3.5;-5.7;-1.58;0.24;-7.35;-9.11;-3.59;28.47;191.21 USD;191.21;-12.37;1.12;0.601;LOW;2.39%;4.0 USD;26.05.2026;26.05.2026;174.13 USD;27967416320.0;Large Cap;18.68;20.63;2.06;0.6%;0.01;14.5%;0.14;27.58%;0.28;64.59;-2.21 Mrd.;-2210371840.0;1.88 Mrd.;1876044032.0;6;SOLID;8;GOOD;Forward KGV im gesunden Bereich | KGV nicht übertrieben | Umsatzwachstum positiv | Gewinnwachstum positiv | solide Gewinnmarge | Verschuldung wirkt moderat | Dividende vorhanden;Free Cashflow negativ;LOW RISK;NO;2;AVOID;überverkauft, fundamental solide
SBUX;Starbucks Corporation;USD;95.69 USD;95.69;99.49 USD;99.34 USD;96.87 USD;-3.82;-3.68;0.42;-0.85;-7.68;-2.47;11.73;16.68;106.82 USD;106.82;-10.42;1.94;0.977;LOW;2.59%;2.48 USD;15.05.2026;15.05.2026;97.36 USD;109057892352.0;Large Cap;31.78;73.05;1.27;8.8%;0.09;32.6%;0.33;3.89%;0.04;-;-1.3 Mrd.;-1304087552.0;4.35 Mrd.;4345699840.0;3;MIXED;7;OK;PEG Ratio attraktiv | Umsatzwachstum positiv | Gewinnwachstum positiv | Gewinnmarge positiv | Dividende vorhanden;KGV sehr hoch | Free Cashflow negativ;LOW RISK;NO;2;AVOID;überverkauft
WMT;Walmart Inc.;USD;119.96 USD;119.96;121.53 USD;123.94 USD;122.49 USD;-1.29;-3.21;0.91;4.68;-7.69;-2.33;10.62;27.41;134.2 USD;134.2;-10.61;1.96;0.599;LOW;0.83%;0.99 USD;21.08.2026;08.05.2026;121.46 USD;954651967488.0;Mega Cap;36.48;42.24;4.68;7.3%;0.07;19.4%;0.19;3.14%;0.03;74.82;6.86 Mrd.;6862249984.0;40.89 Mrd.;40891998208.0;4;MIXED;8;OK;Umsatzwachstum positiv | Gewinnwachstum positiv | Gewinnmarge positiv | Free Cashflow positiv | Verschuldung wirkt moderat | Dividende vorhanden;PEG Ratio hoch;LOW RISK;NO;2;AVOID;überverkauft
GME;GameStop Corporation;USD;21.99 USD;21.99;22.21 USD;22.87 USD;23.09 USD;-1.0;-3.86;0.87;2.95;-8.26;-7.91;1.66;50.86;30.34 USD;30.34;-27.52;3.21;1.773;LOW;0.0%;-;14.03.2019;14.03.2019;22.41 USD;9866720256.0;Mid Cap;18.17;16.41;0.31;14.1%;0.14;633.3%;6.33;20.45%;0.2;74.27;-1.26 Mrd.;-1261874944.0;759.9 Mio.;759900032.0;7;VERY SOLID;8;GOOD;Forward KGV im gesunden Bereich | KGV nicht übertrieben | PEG Ratio attraktiv | Umsatzwachstum positiv | Gewinnwachstum positiv | solide Gewinnmarge | Verschuldung wirkt moderat;Free Cashflow negativ;LOW RISK;NO;2;AVOID;fundamental solide
RR;Richtech Robotics Inc.;USD;2.44 USD;2.44;2.73 USD;2.66 USD;2.8 USD;-10.46;-8.2;1.66;-21.13;-8.77;1.03;-29.34;48.04;7.06 USD;7.06;-65.37;6.62;-1.146;LOW;0.0%;-;-;-;2.61 USD;546692096.0;Small Cap;-;-;-;-8.8%;-0.09;-;-;0.0%;0.0;0.18;133000.0;133000.0;-7.05 Mio.;-7049000.0;2;WEAK;4;OK;Free Cashflow positiv | Verschuldung wirkt moderat;Umsatzwachstum negativ | negative Gewinnmarge;LOW RISK;NO;2;AVOID;Fundamentaldaten schwach
ACHR;Archer Aviation Inc.;USD;5.72 USD;5.72;6.25 USD;6.23 USD;6.61 USD;-8.43;-8.16;3.34;-16.3;-8.84;-11.38;-23.56;46.37;13.64 USD;13.64;-58.03;4.08;3.146;LOW;0.0%;-;-;-;6.11 USD;4367401472.0;Mid Cap;-6.04;-;-;-;-;-;-;0.0%;0.0;5.86;-417.22 Mio.;-417224992.0;-487.4 Mio.;-487400000.0;1;WEAK;4;OK;Verschuldung wirkt moderat;negative Gewinnmarge | Free Cashflow negativ;MEDIUM RISK;NO;2;AVOID;Fundamentaldaten schwach
NEE;NextEra Energy, Inc.;USD;84.24 USD;84.24;87.57 USD;89.54 USD;88.75 USD;-3.81;-5.92;-1.87;1.42;-9.07;-6.89;-0.13;37.6;97.17 USD;97.17;-13.31;1.87;0.671;LOW;2.96%;2.49 USD;05.06.2026;05.06.2026;87.75 USD;175680962560.0;Large Cap;19.15;21.38;1.89;7.3%;0.07;160.0%;1.6;29.37%;0.29;156.69;-18.45 Mrd.;-18453374976.0;12.33 Mrd.;12330000384.0;6;SOLID;8;GOOD;Forward KGV im gesunden Bereich | KGV nicht übertrieben | PEG Ratio attraktiv | Umsatzwachstum positiv | Gewinnwachstum positiv | solide Gewinnmarge | Dividende vorhanden;Free Cashflow negativ;LOW RISK;NO;2;AVOID;fundamental solide
EXPE;Expedia Group, Inc.;USD;227.31 USD;227.31;227.07 USD;231.97 USD;235.7 USD;0.11;-2.01;-0.69;-0.46;-9.89;-9.44;-11.39;69.79;300.02 USD;300.02;-24.24;2.34;1.257;LOW;0.77%;1.76 USD;28.05.2026;28.05.2026;227.33 USD;27282219008.0;Large Cap;9.84;20.06;0.75;14.7%;0.15;-;-;9.81%;0.1;256.54;3.48 Mrd.;3478249984.0;4.86 Mrd.;4858999808.0;5;SOLID;7;GOOD;Forward KGV im gesunden Bereich | KGV nicht übertrieben | PEG Ratio attraktiv | Umsatzwachstum positiv | Gewinnmarge positiv | Free Cashflow positiv | Dividende vorhanden;Verschuldung hoch;LOW RISK;NO;2;AVOID;über EMA20, fundamental solide
VWS.CO;Vestas Wind Systems A/S;DKK;174.8 DKK;174.8;184.29 DKK;183.87 DKK;177.26 DKK;-5.15;-4.93;0.81;-2.92;-9.9;9.17;16.33;35.44;201.1 DKK;201.1;-13.08;2.14;0.974;NORMAL;0.42%;0.74 DKK;09.04.2026;09.04.2026;180.19 DKK;171690065920.0;Large Cap;16.35;27.53;0.68;14.4%;0.14;1516.2%;15.16;4.42%;0.04;100.61;621.37 Mio.;621374976.0;1.97 Mrd.;1968999936.0;6;SOLID;8;GOOD;Forward KGV im gesunden Bereich | KGV nicht übertrieben | PEG Ratio attraktiv | Umsatzwachstum positiv | Gewinnwachstum positiv | Gewinnmarge positiv | Free Cashflow positiv | Dividende vorhanden;-;LOW RISK;NO;2;AVOID;fundamental solide
300750.SZ;CONTEMPORARY AMPEREX TECHNOLOGY;CNY;393.02 CNY;393.02;416.35 CNY;412.62 CNY;398.28 CNY;-5.6;-4.75;-2.48;-6.45;-10.06;16.03;2.08;36.96;460.0 CNY;460.0;-14.56;2.29;0.399;NORMAL;1.41%;5.56 CNY;22.04.2026;22.04.2026;404.37 CNY;1818356875264.0;Mega Cap;16.28;22.42;1.52;52.4%;0.52;44.0%;0.44;16.87%;0.17;32.08;-;-;134.03 Mrd.;134032580608.0;7;VERY SOLID;7;GOOD;Forward KGV im gesunden Bereich | KGV nicht übertrieben | PEG Ratio attraktiv | Umsatzwachstum positiv | Gewinnwachstum positiv | solide Gewinnmarge | Verschuldung wirkt moderat | Dividende vorhanden;-;LOW RISK;NO;2;AVOID;fundamental solide
PL;Planet Labs PBC;USD;31.59 USD;31.59;41.85 USD;38.6 USD;33.35 USD;-24.51;-18.17;-1.96;-32.01;-10.36;28.47;169.54;35.29;51.4 USD;51.4;-38.54;7.23;2.005;NORMAL;0.0%;-;-;-;37.83 USD;11258461184.0;Large Cap;-5532.4;-;-;42.1%;0.42;-;-;-111.17%;-1.11;109.99;84.85 Mio.;84853752.0;132.46 Mio.;132456000.0;2;WEAK;5;OK;Umsatzwachstum positiv | Free Cashflow positiv;negative Gewinnmarge;MEDIUM RISK;NO;2;AVOID;Fundamentaldaten schwach
CCJ;Cameco Corporation;USD;105.82 USD;105.82;111.17 USD;112.72 USD;110.96 USD;-4.82;-6.13;2.3;-6.02;-10.86;-7.37;19.38;50.83;134.09 USD;134.09;-21.09;3.86;0.983;LOW;0.16%;0.17 USD;01.12.2025;01.12.2025;110.47 USD;46085922816.0;Large Cap;55.56;97.98;1.92;7.1%;0.07;87.5%;0.88;18.39%;0.18;14.31;624.78 Mio.;624778752.0;1.28 Mrd.;1275965056.0;6;SOLID;8;GOOD;PEG Ratio attraktiv | Umsatzwachstum positiv | Gewinnwachstum positiv | solide Gewinnmarge | Free Cashflow positiv | Verschuldung wirkt moderat | Dividende vorhanden;Forward KGV sehr hoch | KGV sehr hoch;LOW RISK;NO;2;AVOID;fundamental solide
EVEX;Eve Holding, Inc.;USD;2.85 USD;2.85;3.1 USD;3.05 USD;3.21 USD;-7.91;-6.38;-0.28;-16.61;-11.15;-6.18;-23.95;49.02;7.51 USD;7.51;-62.02;5.34;1.098;LOW;0.0%;-;-;-;2.99 USD;993364672.0;Small Cap;-4.41;-;-;-;-;-;-;0.0%;0.0;533.83;-146.16 Mio.;-146164624.0;-203.67 Mio.;-203667008.0;0;WEAK;4;OK;-;negative Gewinnmarge | Free Cashflow negativ | Verschuldung hoch;LOW RISK;NO;2;AVOID;Fundamentaldaten schwach
QBTQF;SUPERQ QUANTUM COMPUTING INC;USD;0.65 USD;0.65;0.66 USD;0.68 USD;0.7 USD;-1.31;-4.06;1.56;2.46;-11.4;-14.59;30.6;48.5;1.25 USD;1.25;-48.0;4.78;;LOW;0.0%;-;-;-;0.66 USD;19992638.0;Micro Cap;-;-;-;-;-;-;-;0.0%;0.0;-;-;-;-;-;0;UNKNOWN;1;LOW;-;negative Gewinnmarge | Fundamentaldaten unvollständig;LOW RISK;NO;2;AVOID;Fundamentaldaten unvollständig
ABVX.PA;ABIVAX;EUR;89.15 EUR;89.15;96.42 EUR;99.51 EUR;99.11 EUR;-7.54;-10.41;1.48;-20.26;-15.5;-10.4;-20.26;46.16;122.4 EUR;122.4;-27.17;9.61;-0.2;LOW;0.0%;-;-;-;97.52 EUR;7104768000.0;Mid Cap;-28.6;-;-;35.2%;0.35;-;-;0.0%;0.0;7.96;-114.47 Mio.;-114471872.0;-178.37 Mio.;-178370000.0;2;WEAK;5;OK;Umsatzwachstum positiv | Verschuldung wirkt moderat;negative Gewinnmarge | Free Cashflow negativ;LOW RISK;NO;2;AVOID;Fundamentaldaten schwach
ABVX;Abivax SA;USD;102.0 USD;102.0;112.39 USD;115.74 USD;115.28 USD;-9.25;-11.88;0.46;-21.35;-18.17;-9.5;-18.85;45.19;145.31 USD;145.31;-29.81;10.33;-0.2;LOW;0.0%;-;-;-;113.42 USD;8128444416.0;Mid Cap;-35.27;-;-;35.2%;0.35;-;-;0.0%;0.0;7.96;-114.47 Mio.;-114471872.0;-178.37 Mio.;-178370000.0;2;WEAK;5;OK;Umsatzwachstum positiv | Verschuldung wirkt moderat;negative Gewinnmarge | Free Cashflow negativ;LOW RISK;NO;2;AVOID;Fundamentaldaten schwach
373220.KS;LG Energy Solution;KRW;388500.0 KRW;388500.0;424512.92 KRW;423786.89 KRW;416681.9 KRW;-8.48;-8.33;-6.16;-15.17;-19.4;-1.15;-11.9;43.29;514000.0 KRW;514000.0;-24.42;4.17;0.958;LOW;0.0%;-;-;-;415311.16 KRW;90908997451776.0;Mega Cap;45.18;-;7.45;-2.5%;-0.03;-;-;-6.82%;-0.07;82.5;-8243.46 Mrd.;-8243463585792.0;2953.96 Mrd.;2953961013248.0;1;WEAK;6;OK;Verschuldung wirkt moderat;Forward KGV sehr hoch | PEG Ratio hoch | Umsatzwachstum negativ | negative Gewinnmarge | Free Cashflow negativ;LOW RISK;NO;2;AVOID;Fundamentaldaten schwach
DNA;Ginkgo Bioworks Holdings, Inc.;USD;8.11 USD;8.11;8.58 USD;8.32 USD;8.43 USD;-5.52;-2.56;-1.34;-11.27;-21.41;18.57;-10.98;58.26;16.14 USD;16.14;-49.75;5.98;1.8;LOW;0.0%;-;-;-;8.16 USD;529781600.0;Small Cap;-2.53;-;-;-49.1%;-0.49;-;-;-201.05%;-2.01;92.68;-77.93 Mio.;-77930000.0;-166.22 Mio.;-166224000.0;1;WEAK;5;OK;Verschuldung wirkt moderat;Umsatzwachstum negativ | negative Gewinnmarge | Free Cashflow negativ;MEDIUM RISK;NO;2;AVOID;Fundamentaldaten schwach
GILT;Gilat Satellite Networks Ltd.;USD;14.67 USD;14.67;16.35 USD;16.82 USD;16.43 USD;-10.29;-12.81;1.03;-9.22;-22.13;-12.26;27.34;46.09;20.85 USD;20.85;-29.64;6.35;1.008;LOW;0.0%;-;08.01.2021;08.01.2021;16.49 USD;1107158784.0;Small Cap;19.39;28.21;4.99;20.0%;0.2;-;-;6.8%;0.07;1.39;9.98 Mio.;9983750.0;15.11 Mio.;15113000.0;5;SOLID;7;GOOD;Forward KGV im gesunden Bereich | KGV nicht übertrieben | Umsatzwachstum positiv | Gewinnmarge positiv | Free Cashflow positiv | Verschuldung wirkt moderat;PEG Ratio hoch;LOW RISK;NO;2;AVOID;fundamental solide
EGHT;8x8 Inc;USD;1.88 USD;1.88;2.14 USD;2.13 USD;2.09 USD;-11.94;-11.66;-0.26;-17.69;-29.4;-23.06;-2.84;27.95;2.76 USD;2.76;-31.7;7.6;1.817;LOW;0.0%;-;-;-;2.09 USD;266142720.0;Micro Cap;5.24;188.5;0.48;4.6%;0.05;-;-;0.22%;0.0;253.01;67.84 Mio.;67843128.0;55.79 Mio.;55786000.0;4;MIXED;7;OK;Forward KGV im gesunden Bereich | PEG Ratio attraktiv | Umsatzwachstum positiv | Gewinnmarge positiv | Free Cashflow positiv;KGV sehr hoch | Verschuldung hoch;MEDIUM RISK;NO;2;AVOID;überverkauft
CMBM;Cambium Networks Corporation;USD;0.31 USD;0.31;0.32 USD;0.43 USD;0.69 USD;-3.96;-28.07;0.0;-6.09;3.33;-75.78;-84.26;43.74;3.75 USD;3.75;-91.73;91.08;1.998;LOW;0.0%;-;-;-;0.42 USD;11325767.0;Micro Cap;-2.51;-;-;1.6%;0.02;-;-;-56.97%;-0.57;176.28;2.77 Mio.;2772500.0;-10.57 Mio.;-10575000.0;2;WEAK;5;OK;Umsatzwachstum positiv | Free Cashflow positiv;negative Gewinnmarge;MEDIUM RISK;NO;1;AVOID;1M positiv, Fundamentaldaten schwach
DTE.DE;DEUTSCHE TELEKOM AG           N;EUR;27.63 EUR;27.63;28.43 EUR;28.79 EUR;28.93 EUR;-2.81;-4.01;-0.11;-4.13;0.84;-13.56;3.28;21.68;33.02 EUR;33.02;-16.32;1.44;0.293;NORMAL;3.62%;1.0 EUR;02.04.2026;02.04.2026;28.21 EUR;133674565632.0;Large Cap;11.08;15.27;1.19;0.4%;0.0;-27.2%;-0.27;7.22%;0.07;161.87;18.05 Mrd.;18050500608.0;40.33 Mrd.;40329998336.0;5;SOLID;8;GOOD;Forward KGV im gesunden Bereich | KGV nicht übertrieben | PEG Ratio attraktiv | Umsatzwachstum positiv | Gewinnmarge positiv | Free Cashflow positiv | Dividende vorhanden;Gewinnwachstum negativ;LOW RISK;NO;1;AVOID;1M positiv, überverkauft, fundamental solide
LHX;L3Harris Technologies, Inc.;USD;301.49 USD;301.49;309.15 USD;319.22 USD;322.96 USD;-2.48;-5.55;-2.06;-2.22;0.51;-15.64;10.01;41.5;375.64 USD;375.64;-19.74;1.41;0.746;LOW;1.66%;5.0 USD;05.06.2026;05.06.2026;312.83 USD;56166993920.0;Large Cap;22.12;32.77;1.74;190.0%;1.9;-6.1%;-0.06;10.37%;0.1;34.57;-;-;1.66 Mrd.;1655000064.0;5;SOLID;7;GOOD;Forward KGV im gesunden Bereich | PEG Ratio attraktiv | Umsatzwachstum positiv | solide Gewinnmarge | Verschuldung wirkt moderat | Dividende vorhanden;Gewinnwachstum negativ;LOW RISK;NO;1;AVOID;1M positiv, fundamental solide
A2A.MI;A2A;EUR;2.22 EUR;2.22;2.25 EUR;2.27 EUR;2.28 EUR;-1.13;-2.05;-0.98;-0.54;0.31;-1.13;0.19;40.53;2.6 EUR;2.6;-14.6;1.39;0.796;NORMAL;4.5%;0.1 EUR;18.05.2026;18.05.2026;2.22 EUR;6937027072.0;Mid Cap;10.59;9.25;0.84;14.7%;0.15;-;-;4.86%;0.05;109.9;560.88 Mio.;560875008.0;1.66 Mrd.;1664000000.0;5;SOLID;7;GOOD;Forward KGV im gesunden Bereich | KGV nicht übertrieben | PEG Ratio attraktiv | Umsatzwachstum positiv | Gewinnmarge positiv | Free Cashflow positiv | Dividende vorhanden;-;LOW RISK;NO;1;AVOID;1M positiv, fundamental solide
SHOP;Shopify Inc.;USD;111.53 USD;111.53;111.7 USD;115.09 USD;122.15 USD;-0.15;-3.09;1.82;-10.14;-0.19;-17.26;-30.01;58.91;179.01 USD;179.01;-37.7;4.62;2.587;LOW;0.0%;-;-;-;112.78 USD;144727425024.0;Large Cap;47.83;109.34;2.1;34.3%;0.34;-;-;10.77%;0.11;1.43;1.26 Mrd.;1256749952.0;2.15 Mrd.;2147000064.0;4;MIXED;7;OK;Umsatzwachstum positiv | solide Gewinnmarge | Free Cashflow positiv | Verschuldung wirkt moderat;Forward KGV sehr hoch | KGV sehr hoch;MEDIUM RISK;NO;1;AVOID;
PLTR;Palantir Technologies Inc.;USD;136.42 USD;136.42;141.18 USD;142.3 USD;147.28 USD;-3.37;-4.13;0.66;-15.08;-0.46;-10.64;-17.71;51.04;207.18 USD;207.18;-34.15;3.56;1.515;LOW;0.0%;-;-;-;139.46 USD;327041286144.0;Mega Cap;65.77;153.28;1.94;84.7%;0.85;325.0%;3.25;43.67%;0.44;2.48;1.75 Mrd.;1752997120.0;2.72 Mrd.;2723375104.0;6;SOLID;8;GOOD;PEG Ratio attraktiv | Umsatzwachstum positiv | Gewinnwachstum positiv | solide Gewinnmarge | Free Cashflow positiv | Verschuldung wirkt moderat;Forward KGV sehr hoch | KGV sehr hoch;LOW RISK;NO;1;AVOID;fundamental solide
VEEV;Veeva Systems Inc.;USD;167.43 USD;167.43;169.45 USD;170.7 USD;183.4 USD;-1.19;-1.92;-3.0;-11.25;-0.49;-14.6;-30.43;52.8;306.22 USD;306.22;-45.32;3.32;0.949;LOW;0.0%;-;-;-;167.29 USD;27324358656.0;Large Cap;16.69;29.69;0.78;16.3%;0.16;14.6%;0.15;28.37%;0.28;1.41;1.26 Mrd.;1259549056.0;1.67 Mrd.;1665182976.0;8;VERY SOLID;8;GOOD;Forward KGV im gesunden Bereich | KGV nicht übertrieben | PEG Ratio attraktiv | Umsatzwachstum positiv | Gewinnwachstum positiv | solide Gewinnmarge | Free Cashflow positiv | Verschuldung wirkt moderat;-;LOW RISK;NO;1;AVOID;fundamental solide
RHM.DE;RHEINMETALL AG                I;EUR;1199.8 EUR;1199.8;1232.8 EUR;1320.78 EUR;1427.59 EUR;-2.68;-9.16;-0.83;-0.6;-0.54;-26.04;-17.45;48.84;1968.82 EUR;1968.82;-39.06;3.18;0.422;LOW;0.96%;11.5 EUR;13.05.2026;13.05.2026;1294.37 EUR;55841112064.0;Large Cap;21.95;53.9;0.63;7.7%;0.08;25.6%;0.26;7.18%;0.07;35.86;827.52 Mio.;827515008.0;1.71 Mrd.;1712000000.0;6;SOLID;8;GOOD;Forward KGV im gesunden Bereich | PEG Ratio attraktiv | Umsatzwachstum positiv | Gewinnwachstum positiv | Gewinnmarge positiv | Free Cashflow positiv | Verschuldung wirkt moderat | Dividende vorhanden;KGV sehr hoch;LOW RISK;NO;1;AVOID;fundamental solide
WEN;Wendy's Company (The);USD;6.78 USD;6.78;7.19 USD;7.17 USD;7.32 USD;-5.71;-5.52;0.97;-13.69;-0.71;-4.82;-16.21;35.69;11.58 USD;11.58;-41.5;4.71;0.388;LOW;8.27%;0.56 USD;01.06.2026;01.06.2026;7.03 USD;1290506368.0;Small Cap;10.57;8.8;1.16;3.3%;0.03;-37.2%;-0.37;6.77%;0.07;3562.58;131.27 Mio.;131266376.0;318.52 Mio.;318516992.0;5;SOLID;8;GOOD;Forward KGV im gesunden Bereich | KGV nicht übertrieben | PEG Ratio attraktiv | Umsatzwachstum positiv | Gewinnmarge positiv | Free Cashflow positiv | Dividende vorhanden;Gewinnwachstum negativ | Verschuldung hoch;LOW RISK;NO;1;AVOID;fundamental solide
VOW.DE;VOLKSWAGEN AG                 I;EUR;89.5 EUR;89.5;91.17 EUR;91.6 EUR;93.41 EUR;-1.83;-2.29;0.06;-3.3;-0.78;-6.38;-9.23;48.46;109.4 EUR;109.4;-18.19;1.28;0.976;NORMAL;5.81%;5.2 EUR;19.06.2026;19.06.2026;89.76 EUR;44865925120.0;Large Cap;2.59;7.33;0.82;-2.5%;-0.03;-29.5%;-0.29;2.12%;0.02;137.09;11.55 Mrd.;11546653696.0;17.24 Mrd.;17244000256.0;4;MIXED;8;OK;Forward KGV im gesunden Bereich | KGV nicht übertrieben | PEG Ratio attraktiv | Gewinnmarge positiv | Free Cashflow positiv | Dividende vorhanden;Umsatzwachstum negativ | Gewinnwachstum negativ;LOW RISK;NO;1;AVOID;
DFEN.DE;VanEck ETFs-VanEck Defense ETFR;EUR;52.92 EUR;52.92;54.71 EUR;55.92 EUR;56.49 EUR;-3.27;-5.36;-1.45;-5.85;-1.45;-15.04;7.0;50.71;64.09 EUR;64.09;-17.43;1.46;;LOW;0.0%;-;-;-;54.8 EUR;;UNKNOWN;-;-;-;-;-;-;-;-;-;-;-;-;-;-;0;UNKNOWN;0;LOW;-;Fundamentaldaten unvollständig;LOW RISK;NO;1;AVOID;Fundamentaldaten unvollständig
NKE;Nike, Inc.;USD;43.38 USD;43.38;44.03 USD;45.95 USD;50.2 USD;-1.49;-5.6;0.92;-5.56;-1.46;-24.57;-31.08;56.03;77.12 USD;77.12;-43.76;1.87;1.116;LOW;3.78%;1.64 USD;01.06.2026;01.06.2026;45.03 USD;64233476096.0;Large Cap;23.8;28.54;1.48;0.1%;0.0;-34.8%;-0.35;4.84%;0.05;79.33;1.31 Mrd.;1313874944.0;1.69 Mrd.;1694000000.0;6;SOLID;8;GOOD;Forward KGV im gesunden Bereich | KGV nicht übertrieben | PEG Ratio attraktiv | Umsatzwachstum positiv | Gewinnmarge positiv | Free Cashflow positiv | Verschuldung wirkt moderat | Dividende vorhanden;Gewinnwachstum negativ;LOW RISK;NO;1;AVOID;fundamental solide
IVR;INVESCO MORTGAGE CAPITAL INC;USD;7.79 USD;7.79;7.87 USD;7.91 USD;7.85 USD;-1.02;-1.52;-0.26;-1.02;-1.49;-1.8;7.55;39.84;8.75 USD;8.75;-10.96;1.2;1.552;LOW;18.49%;1.44 USD;26.05.2026;26.05.2026;7.75 USD;723093312.0;Small Cap;3.66;9.99;7.2;-;-;-;-;76.66%;0.77;612.55;-;-;164.42 Mio.;164424000.0;3;MIXED;5;OK;Forward KGV im gesunden Bereich | KGV nicht übertrieben | solide Gewinnmarge | Dividende vorhanden;PEG Ratio hoch | Verschuldung hoch;LOW RISK;NO;1;AVOID;
KSB3.DE;KSB SE & Co. KGaA             I;EUR;814.0 EUR;814.0;833.73 EUR;887.73 EUR;926.49 EUR;-2.37;-8.31;0.49;-2.28;-1.57;-20.8;-14.16;49.46;1207.14 EUR;1207.14;-32.57;2.84;0.662;LOW;3.29%;26.76 EUR;08.05.2026;08.05.2026;869.97 EUR;1425580160.0;Small Cap;8.47;10.14;-;3.0%;0.03;38.7%;0.39;4.62%;0.05;4.38;70.35 Mio.;70350000.0;196.0 Mio.;196000000.0;6;SOLID;7;GOOD;Forward KGV im gesunden Bereich | KGV nicht übertrieben | Umsatzwachstum positiv | Gewinnwachstum positiv | Gewinnmarge positiv | Free Cashflow positiv | Verschuldung wirkt moderat | Dividende vorhanden;-;LOW RISK;NO;1;AVOID;fundamental solide
CRM;Salesforce, Inc.;USD;183.35 USD;183.35;184.93 USD;185.29 USD;194.33 USD;-0.85;-1.04;-1.24;-12.52;-1.6;-8.73;-19.3;52.7;272.05 USD;272.05;-32.6;3.36;1.151;LOW;0.96%;1.76 USD;11.06.2026;09.04.2026;181.58 USD;150167748608.0;Large Cap;11.8;21.25;0.9;13.3%;0.13;52.2%;0.52;18.73%;0.19;124.28;16.55 Mrd.;16552999936.0;15.22 Mrd.;15221000192.0;7;VERY SOLID;8;GOOD;Forward KGV im gesunden Bereich | KGV nicht übertrieben | PEG Ratio attraktiv | Umsatzwachstum positiv | Gewinnwachstum positiv | solide Gewinnmarge | Free Cashflow positiv | Dividende vorhanden;-;LOW RISK;NO;1;AVOID;fundamental solide
TEL;TE Connectivity plc;USD;205.78 USD;205.78;210.51 USD;212.04 USD;214.77 USD;-2.25;-2.95;-3.23;-2.52;-1.66;-1.89;-7.8;56.11;247.28 USD;247.28;-16.78;2.21;1.163;NORMAL;1.41%;2.91 USD;22.05.2026;22.05.2026;207.8 USD;60066320384.0;Large Cap;16.28;21.04;0.98;14.5%;0.14;7150.0%;71.5;15.54%;0.16;43.8;2.32 Mrd.;2322249984.0;4.42 Mrd.;4419999744.0;8;VERY SOLID;8;GOOD;Forward KGV im gesunden Bereich | KGV nicht übertrieben | PEG Ratio attraktiv | Umsatzwachstum positiv | Gewinnwachstum positiv | solide Gewinnmarge | Free Cashflow positiv | Verschuldung wirkt moderat | Dividende vorhanden;-;LOW RISK;NO;1;AVOID;fundamental solide
CXM;Sprinklr, Inc.;USD;5.35 USD;5.35;5.38 USD;5.46 USD;5.81 USD;-0.6;-2.04;-0.56;-10.98;-1.83;-10.23;-25.8;53.64;9.35 USD;9.35;-42.78;2.98;0.587;LOW;0.0%;-;-;-;5.35 USD;1251733248.0;Small Cap;9.83;44.58;0.7;6.8%;0.07;-;-;3.29%;0.03;8.97;130.16 Mio.;130164128.0;145.79 Mio.;145792992.0;5;SOLID;7;GOOD;Forward KGV im gesunden Bereich | PEG Ratio attraktiv | Umsatzwachstum positiv | Gewinnmarge positiv | Free Cashflow positiv | Verschuldung wirkt moderat;-;LOW RISK;NO;1;AVOID;fundamental solide
AMP;Ameriprise Financial, Inc.;USD;449.89 USD;449.89;453.64 USD;457.79 USD;463.42 USD;-0.83;-1.73;-1.05;0.61;-1.95;-4.52;-0.13;35.63;541.91 USD;541.91;-16.98;1.44;1.166;LOW;1.51%;6.8 USD;04.05.2026;04.05.2026;448.64 USD;40443801600.0;Large Cap;9.44;11.21;1.52;9.0%;0.09;66.0%;0.66;20.17%;0.2;56.25;3.36 Mrd.;3355624960.0;7.1 Mrd.;7096000000.0;8;VERY SOLID;8;GOOD;Forward KGV im gesunden Bereich | KGV nicht übertrieben | PEG Ratio attraktiv | Umsatzwachstum positiv | Gewinnwachstum positiv | solide Gewinnmarge | Free Cashflow positiv | Verschuldung wirkt moderat | Dividende vorhanden;-;LOW RISK;NO;1;AVOID;fundamental solide
AWK;American Water Works Company, I;USD;122.79 USD;122.79;124.32 USD;127.09 USD;128.97 USD;-1.23;-3.38;-1.35;1.37;-2.01;-8.14;-4.11;44.73;143.26 USD;143.26;-14.29;1.16;0.613;LOW;2.92%;3.58 USD;12.05.2026;12.05.2026;124.54 USD;23978496000.0;Large Cap;18.72;21.77;2.24;5.7%;0.06;-4.8%;-0.05;21.17%;0.21;142.33;-1.9 Mrd.;-1896625024.0;2.03 Mrd.;2032999936.0;4;MIXED;8;OK;Forward KGV im gesunden Bereich | KGV nicht übertrieben | Umsatzwachstum positiv | solide Gewinnmarge | Dividende vorhanden;Gewinnwachstum negativ | Free Cashflow negativ;LOW RISK;NO;1;AVOID;
ACN;Accenture plc;USD;176.24 USD;176.24;179.64 USD;185.75 USD;200.28 USD;-1.89;-5.12;-1.12;-10.35;-2.19;-16.94;-28.29;48.75;316.64 USD;316.64;-44.34;2.81;1.069;LOW;3.7%;6.52 USD;09.04.2026;09.04.2026;182.03 USD;108467363840.0;Large Cap;11.84;14.46;1.25;8.3%;0.08;4.0%;0.04;10.61%;0.11;25.47;12.16 Mrd.;12164313088.0;13.08 Mrd.;13080248320.0;8;VERY SOLID;8;GOOD;Forward KGV im gesunden Bereich | KGV nicht übertrieben | PEG Ratio attraktiv | Umsatzwachstum positiv | Gewinnwachstum positiv | solide Gewinnmarge | Free Cashflow positiv | Verschuldung wirkt moderat | Dividende vorhanden;-;LOW RISK;NO;1;AVOID;fundamental solide
MCO;Moody's Corporation;USD;445.98 USD;445.98;449.16 USD;449.7 USD;456.31 USD;-0.71;-0.83;-1.19;-3.93;-2.2;-4.9;-8.03;51.97;537.16 USD;537.16;-16.98;1.45;1.339;LOW;0.92%;4.12 USD;15.05.2026;15.05.2026;440.7 USD;77901324288.0;Large Cap;23.98;31.97;2.06;8.1%;0.08;7.8%;0.08;31.69%;0.32;235.54;2.27 Mrd.;2266125056.0;3.08 Mrd.;3083000064.0;5;SOLID;8;GOOD;Forward KGV im gesunden Bereich | Umsatzwachstum positiv | Gewinnwachstum positiv | solide Gewinnmarge | Free Cashflow positiv | Dividende vorhanden;Verschuldung hoch;LOW RISK;NO;1;AVOID;fundamental solide
AR;Antero Resources Corporation;USD;35.54 USD;35.54;36.67 USD;37.34 USD;37.1 USD;-3.06;-4.8;-0.04;-3.31;-2.27;-8.65;1.21;34.63;45.15 USD;45.15;-21.27;2.04;0.323;LOW;0.0%;-;-;-;36.59 USD;11013120000.0;Large Cap;7.6;11.5;0.64;34.3%;0.34;160.6%;1.61;17.09%;0.17;57.77;635.03 Mio.;635028352.0;2.03 Mrd.;2032248960.0;8;VERY SOLID;8;GOOD;Forward KGV im gesunden Bereich | KGV nicht übertrieben | PEG Ratio attraktiv | Umsatzwachstum positiv | Gewinnwachstum positiv | solide Gewinnmarge | Free Cashflow positiv | Verschuldung wirkt moderat;-;LOW RISK;NO;1;AVOID;überverkauft, fundamental solide
AIG;American International Group, I;USD;74.63 USD;74.63;75.29 USD;75.98 USD;76.5 USD;-0.88;-1.78;-1.14;1.61;-2.36;-6.24;-0.76;35.4;86.08 USD;86.08;-13.3;1.64;0.541;LOW;2.68%;2.0 USD;15.06.2026;16.03.2026;74.46 USD;39569289216.0;Large Cap;8.41;13.14;0.62;1.4%;0.01;21.6%;0.22;11.84%;0.12;22.65;9.52 Mrd.;9517249536.0;3.52 Mrd.;3524999936.0;8;VERY SOLID;8;GOOD;Forward KGV im gesunden Bereich | KGV nicht übertrieben | PEG Ratio attraktiv | Umsatzwachstum positiv | Gewinnwachstum positiv | solide Gewinnmarge | Free Cashflow positiv | Verschuldung wirkt moderat | Dividende vorhanden;-;LOW RISK;NO;1;AVOID;fundamental solide
IONS;Ionis Pharmaceuticals, Inc.;USD;73.87 USD;73.87;74.98 USD;75.28 USD;75.32 USD;-1.48;-1.88;-0.82;-2.0;-2.83;-1.72;-10.68;55.18;86.5 USD;86.5;-14.6;1.62;0.37;LOW;0.0%;-;-;-;73.78 USD;12207945728.0;Large Cap;-118.78;-;27.33;87.0%;0.87;-;-;-30.9%;-0.31;531.05;-807.8 Mio.;-807796352.0;-910.63 Mio.;-910627008.0;1;WEAK;6;OK;Umsatzwachstum positiv;PEG Ratio hoch | negative Gewinnmarge | Free Cashflow negativ | Verschuldung hoch;LOW RISK;NO;1;AVOID;Fundamentaldaten schwach
LDO.MI;LEONARDO;EUR;51.39 EUR;51.39;52.22 EUR;53.68 EUR;54.33 EUR;-1.59;-4.27;-0.91;-2.06;-3.33;-14.92;13.22;51.81;64.26 EUR;64.26;-20.03;2.21;0.364;LOW;1.23%;0.63 EUR;22.06.2026;22.06.2026;52.61 EUR;29651492864.0;Large Cap;18.18;22.94;1.31;6.9%;0.07;-57.1%;-0.57;5.1%;0.05;41.68;1.28 Mrd.;1276749952.0;1.93 Mrd.;1930000000.0;6;SOLID;8;GOOD;Forward KGV im gesunden Bereich | KGV nicht übertrieben | PEG Ratio attraktiv | Umsatzwachstum positiv | Gewinnmarge positiv | Free Cashflow positiv | Verschuldung wirkt moderat | Dividende vorhanden;Gewinnwachstum negativ;LOW RISK;NO;1;AVOID;fundamental solide
ARRY;Array Technologies, Inc.;USD;7.93 USD;7.93;8.53 USD;8.33 USD;8.39 USD;-7.05;-4.9;-2.04;-10.15;-3.35;10.99;5.81;44.35;11.96 USD;11.96;-33.74;4.46;1.778;LOW;0.0%;-;-;-;8.17 USD;1219074176.0;Small Cap;8.76;-;0.94;-26.1%;-0.26;-;-;-5.56%;-0.06;284.9;37.32 Mio.;37324500.0;85.42 Mio.;85423000.0;3;MIXED;6;OK;Forward KGV im gesunden Bereich | PEG Ratio attraktiv | Free Cashflow positiv;Umsatzwachstum negativ | negative Gewinnmarge | Verschuldung hoch;LOW RISK;NO;1;AVOID;
BAYN.DE;Bayer AG                      N;EUR;35.69 EUR;35.69;36.85 EUR;37.97 EUR;38.04 EUR;-3.14;-5.99;-1.3;1.59;-3.49;-4.3;16.1;34.23;49.17 EUR;49.17;-27.42;2.15;0.845;NORMAL;0.31%;0.11 EUR;27.04.2026;27.04.2026;37.21 EUR;35062714368.0;Large Cap;7.58;-;4.65;-2.4%;-0.02;112.9%;1.13;-4.76%;-0.05;134.27;7.31 Mrd.;7314874880.0;5.15 Mrd.;5151000064.0;3;MIXED;7;OK;Forward KGV im gesunden Bereich | Gewinnwachstum positiv | Free Cashflow positiv | Dividende vorhanden;PEG Ratio hoch | Umsatzwachstum negativ | negative Gewinnmarge;LOW RISK;NO;1;AVOID;überverkauft
TEM;Tempus AI, Inc.;USD;47.7 USD;47.7;48.74 USD;49.95 USD;53.53 USD;-2.13;-4.49;2.74;-9.66;-3.58;-10.08;-38.22;57.14;103.25 USD;103.25;-53.8;4.73;;LOW;0.0%;-;-;-;48.95 USD;8565364736.0;Mid Cap;-447.18;-;-;36.1%;0.36;-;-;-22.2%;-0.22;316.65;-55.76 Mio.;-55760000.0;-185.74 Mio.;-185743008.0;1;WEAK;5;OK;Umsatzwachstum positiv;negative Gewinnmarge | Free Cashflow negativ | Verschuldung hoch;LOW RISK;NO;1;AVOID;Fundamentaldaten schwach
VZ;Verizon Communications Inc.;USD;45.4 USD;45.4;46.98 USD;47.14 USD;46.27 USD;-3.38;-3.69;0.06;-4.89;-3.6;-9.97;14.67;38.91;50.62 USD;50.62;-10.32;1.33;0.22;LOW;6.23%;2.83 USD;10.07.2026;10.04.2026;46.19 USD;189549494272.0;Large Cap;8.61;11.07;0.85;2.9%;0.03;4.3%;0.04;12.46%;0.12;192.04;19.61 Mrd.;19608500224.0;37.34 Mrd.;37339000832.0;7;VERY SOLID;8;GOOD;Forward KGV im gesunden Bereich | KGV nicht übertrieben | PEG Ratio attraktiv | Umsatzwachstum positiv | Gewinnwachstum positiv | solide Gewinnmarge | Free Cashflow positiv | Dividende vorhanden;-;LOW RISK;NO;1;AVOID;fundamental solide
SPSC;SPS Commerce, Inc.;USD;55.1 USD;55.1;55.13 USD;56.69 USD;63.03 USD;-0.06;-2.81;-0.67;-7.61;-3.6;-13.97;-33.06;56.76;144.5 USD;144.5;-61.87;2.84;0.564;LOW;0.0%;-;-;-;55.56 USD;2022869888.0;Mid Cap;10.55;22.86;4.55;5.8%;0.06;-9.0%;-0.09;11.92%;0.12;0.69;151.57 Mio.;151568256.0;194.44 Mio.;194436000.0;6;SOLID;8;GOOD;Forward KGV im gesunden Bereich | KGV nicht übertrieben | Umsatzwachstum positiv | solide Gewinnmarge | Free Cashflow positiv | Verschuldung wirkt moderat;PEG Ratio hoch | Gewinnwachstum negativ;LOW RISK;NO;1;AVOID;fundamental solide
TKMS.DE;TKMS AG & Co. KGaA            I;EUR;75.7 EUR;75.7;78.84 EUR;81.17 EUR;82.66 EUR;-3.99;-6.73;-0.26;-4.42;-3.81;-22.68;26.27;49.52;101.1 EUR;101.1;-25.12;3.41;;LOW;0.0%;-;-;-;79.54 EUR;4808739840.0;Mid Cap;28.61;49.8;-;22.4%;0.22;-2.9%;-0.03;3.69%;0.04;3.18;-;-;139.08 Mio.;139082000.0;2;WEAK;6;OK;Umsatzwachstum positiv | Gewinnmarge positiv | Verschuldung wirkt moderat;KGV sehr hoch | Gewinnwachstum negativ;LOW RISK;NO;1;AVOID;Fundamentaldaten schwach
NOVO-B.CO;Novo Nordisk B A/S;DKK;272.0 DKK;272.0;281.62 DKK;275.43 DKK;281.02 DKK;-3.42;-1.25;-4.17;-7.15;-3.87;18.03;-7.7;32.61;496.66 DKK;496.66;-45.23;2.63;0.349;NORMAL;5.85%;15.9 DKK;27.03.2026;27.03.2026;269.92 DKK;1204939653120.0;Mega Cap;12.7;9.92;3.25;24.0%;0.24;67.1%;0.67;37.21%;0.37;72.09;-12.04 Mrd.;-12039249920.0;118.46 Mrd.;118456000512.0;6;SOLID;8;GOOD;Forward KGV im gesunden Bereich | KGV nicht übertrieben | Umsatzwachstum positiv | Gewinnwachstum positiv | solide Gewinnmarge | Verschuldung wirkt moderat | Dividende vorhanden;PEG Ratio hoch | Free Cashflow negativ;LOW RISK;NO;1;AVOID;überverkauft, fundamental solide
JOBY;Joby Aviation, Inc.;USD;9.61 USD;9.61;10.7 USD;10.3 USD;10.72 USD;-10.15;-6.74;0.63;-19.72;-4.0;0.0;-31.94;43.49;20.39 USD;20.39;-52.87;6.05;2.669;LOW;0.0%;-;-;-;10.1 USD;9452906496.0;Mid Cap;-16.15;-;-;-;-;-;-;0.0%;0.0;38.19;-380.63 Mio.;-380630368.0;-543.36 Mio.;-543361984.0;1;WEAK;4;OK;Verschuldung wirkt moderat;negative Gewinnmarge | Free Cashflow negativ;MEDIUM RISK;NO;1;AVOID;Fundamentaldaten schwach
RRC;Range Resources Corporation;USD;39.2 USD;39.2;40.43 USD;41.1 USD;40.56 USD;-3.05;-4.62;0.26;-1.46;-4.06;-6.07;2.42;31.63;47.65 USD;47.65;-17.73;1.66;0.404;LOW;1.02%;0.4 USD;12.06.2026;13.03.2026;40.28 USD;9236392960.0;Mid Cap;8.41;10.37;1.19;26.1%;0.26;260.7%;2.61;28.12%;0.28;21.27;554.65 Mio.;554650752.0;1.46 Mrd.;1460376960.0;8;VERY SOLID;8;GOOD;Forward KGV im gesunden Bereich | KGV nicht übertrieben | PEG Ratio attraktiv | Umsatzwachstum positiv | Gewinnwachstum positiv | solide Gewinnmarge | Free Cashflow positiv | Verschuldung wirkt moderat | Dividende vorhanden;-;LOW RISK;NO;1;AVOID;überverkauft, fundamental solide
VST;Vistra Corp.;USD;147.56 USD;147.56;152.79 USD;154.63 USD;158.87 USD;-3.42;-4.57;-0.81;-4.65;-4.15;-11.73;-16.31;59.73;217.32 USD;217.32;-32.1;3.04;1.405;LOW;0.62%;0.92 USD;22.06.2026;20.03.2026;151.53 USD;49754644480.0;Large Cap;13.47;24.68;0.44;43.4%;0.43;-;-;11.53%;0.12;355.19;476.88 Mio.;476875008.0;4.67 Mrd.;4670000128.0;6;SOLID;7;GOOD;Forward KGV im gesunden Bereich | KGV nicht übertrieben | PEG Ratio attraktiv | Umsatzwachstum positiv | solide Gewinnmarge | Free Cashflow positiv | Dividende vorhanden;Verschuldung hoch;LOW RISK;NO;1;AVOID;fundamental solide
OLED;Universal Display Corporation;USD;88.72 USD;88.72;91.65 USD;94.49 USD;100.71 USD;-3.19;-6.1;3.03;-6.94;-4.33;-10.65;-24.26;48.88;159.45 USD;159.45;-44.36;3.21;1.537;LOW;2.25%;2.0 USD;16.06.2026;17.03.2026;92.6 USD;4147739136.0;Mid Cap;17.79;19.76;1.0;-14.5%;-0.14;-43.7%;-0.44;34.08%;0.34;1.3;129.27 Mio.;129271624.0;289.14 Mio.;289144000.0;6;SOLID;8;GOOD;Forward KGV im gesunden Bereich | KGV nicht übertrieben | PEG Ratio attraktiv | solide Gewinnmarge | Free Cashflow positiv | Verschuldung wirkt moderat | Dividende vorhanden;Umsatzwachstum negativ | Gewinnwachstum negativ;LOW RISK;NO;1;AVOID;fundamental solide
BKNG;Booking Holdings Inc. Common St;USD;163.44 USD;163.44;164.87 USD;168.41 USD;175.4 USD;-0.87;-2.95;-1.45;-3.19;-4.34;-11.0;-16.25;64.24;230.69 USD;230.69;-29.15;1.92;1.088;LOW;0.99%;1.61 USD;05.06.2026;05.06.2026;165.04 USD;126646140928.0;Large Cap;13.28;21.56;0.72;16.2%;0.16;240.0%;2.4;22.23%;0.22;-;7.08 Mrd.;7075125248.0;9.34 Mrd.;9340999680.0;7;VERY SOLID;7;GOOD;Forward KGV im gesunden Bereich | KGV nicht übertrieben | PEG Ratio attraktiv | Umsatzwachstum positiv | Gewinnwachstum positiv | solide Gewinnmarge | Free Cashflow positiv | Dividende vorhanden;-;LOW RISK;NO;1;AVOID;fundamental solide
GILD;Gilead Sciences, Inc.;USD;128.18 USD;128.18;131.3 USD;133.57 USD;133.71 USD;-2.37;-4.03;-0.75;-2.22;-4.38;-11.18;1.77;46.2;154.92 USD;154.92;-17.26;1.45;0.331;LOW;2.56%;3.28 USD;15.06.2026;13.03.2026;130.9 USD;159150637056.0;Large Cap;13.37;17.44;2.14;4.4%;0.04;54.8%;0.55;30.99%;0.31;94.64;7.93 Mrd.;7934125056.0;10.81 Mrd.;10805999616.0;7;VERY SOLID;8;GOOD;Forward KGV im gesunden Bereich | KGV nicht übertrieben | Umsatzwachstum positiv | Gewinnwachstum positiv | solide Gewinnmarge | Free Cashflow positiv | Verschuldung wirkt moderat | Dividende vorhanden;-;LOW RISK;NO;1;AVOID;fundamental solide
STNE;StoneCo Ltd.;USD;10.55 USD;10.55;10.92 USD;11.27 USD;11.8 USD;-3.39;-6.42;1.44;-9.75;-4.44;-7.39;-19.83;55.0;16.08 USD;16.08;-34.38;3.26;1.595;LOW;0.0%;-;24.04.2026;24.04.2026;11.05 USD;2566057728.0;Mid Cap;4.34;3.86;-;4.3%;0.04;273.8%;2.74;25.95%;0.26;133.64;2.31 Mrd.;2311869440.0;3.4 Mrd.;3395554048.0;6;SOLID;7;GOOD;Forward KGV im gesunden Bereich | KGV nicht übertrieben | Umsatzwachstum positiv | Gewinnwachstum positiv | solide Gewinnmarge | Free Cashflow positiv;-;LOW RISK;NO;1;AVOID;fundamental solide
KR;Kroger Company (The);USD;63.11 USD;63.11;64.38 USD;66.13 USD;66.66 USD;-1.98;-4.56;-0.72;2.58;-4.47;-11.36;-4.88;32.83;75.2 USD;75.2;-16.08;1.77;0.416;LOW;2.22%;1.4 USD;15.05.2026;15.05.2026;64.8 USD;38911148032.0;Large Cap;11.24;40.98;0.61;1.2%;0.01;50.9%;0.51;0.69%;0.01;415.97;3.4 Mrd.;3398874880.0;7.31 Mrd.;7311000064.0;5;SOLID;8;GOOD;Forward KGV im gesunden Bereich | PEG Ratio attraktiv | Umsatzwachstum positiv | Gewinnwachstum positiv | Gewinnmarge positiv | Free Cashflow positiv | Dividende vorhanden;Verschuldung hoch;LOW RISK;NO;1;AVOID;überverkauft, fundamental solide
DOCU;DocuSign, Inc.;USD;45.88 USD;45.88;49.51 USD;48.82 USD;51.01 USD;-7.33;-6.03;-2.92;-19.54;-4.79;-4.87;-33.38;43.13;85.01 USD;85.01;-46.03;3.44;0.883;LOW;0.0%;-;-;-;47.85 USD;8914088960.0;Mid Cap;9.05;29.79;0.56;8.7%;0.09;17.6%;0.18;9.59%;0.1;10.07;1.25 Mrd.;1250368768.0;1.24 Mrd.;1235256064.0;7;VERY SOLID;8;GOOD;Forward KGV im gesunden Bereich | KGV nicht übertrieben | PEG Ratio attraktiv | Umsatzwachstum positiv | Gewinnwachstum positiv | Gewinnmarge positiv | Free Cashflow positiv | Verschuldung wirkt moderat;-;LOW RISK;NO;1;AVOID;fundamental solide
TTWO;Take-Two Interactive Software, ;USD;211.9 USD;211.9;221.63 USD;219.42 USD;220.35 USD;-4.39;-3.43;-1.16;-6.65;-5.19;-0.3;-13.03;21.5;262.29 USD;262.29;-19.21;2.16;0.982;LOW;0.0%;-;-;25.09.2008;215.04 USD;39341838336.0;Large Cap;21.01;-;2.99;6.1%;0.06;-;-;-4.48%;-0.04;84.26;1.45 Mrd.;1447787520.0;624.3 Mio.;624300032.0;4;MIXED;6;OK;Forward KGV im gesunden Bereich | Umsatzwachstum positiv | Free Cashflow positiv | Verschuldung wirkt moderat;negative Gewinnmarge;LOW RISK;NO;1;AVOID;überverkauft
SAAB-B.ST;SAAB AB ser. B;SEK;531.8 SEK;531.8;537.7 SEK;563.08 SEK;579.36 SEK;-1.1;-5.55;0.64;-0.82;-5.46;-17.3;10.99;56.26;728.48 SEK;728.48;-27.0;2.77;0.019;LOW;0.45%;2.4 SEK;05.10.2026;05.10.2026;551.82 SEK;286835474432.0;Mega Cap;53.45;44.35;1.73;21.4%;0.21;12.8%;0.13;7.86%;0.08;32.06;4.1 Mrd.;4102000128.0;12.71 Mrd.;12714999808.0;5;SOLID;8;GOOD;PEG Ratio attraktiv | Umsatzwachstum positiv | Gewinnwachstum positiv | Gewinnmarge positiv | Free Cashflow positiv | Verschuldung wirkt moderat | Dividende vorhanden;Forward KGV sehr hoch;LOW RISK;NO;1;AVOID;fundamental solide
VMC;Vulcan Materials Company (Holdi;USD;272.07 USD;272.07;277.77 USD;280.73 USD;284.31 USD;-2.05;-3.09;-3.31;-3.37;-5.65;-4.91;-7.44;55.87;329.09 USD;329.09;-17.33;1.72;1.06;LOW;0.76%;2.08 USD;22.05.2026;22.05.2026;275.12 USD;35301765120.0;Large Cap;25.2;32.24;2.41;7.4%;0.07;29.7%;0.3;13.81%;0.14;61.25;244.39 Mio.;244387504.0;1.8 Mrd.;1802599936.0;5;SOLID;8;GOOD;Umsatzwachstum positiv | Gewinnwachstum positiv | solide Gewinnmarge | Free Cashflow positiv | Verschuldung wirkt moderat | Dividende vorhanden;-;LOW RISK;NO;1;AVOID;fundamental solide
STZ;Constellation Brands, Inc.;USD;141.52 USD;141.52;143.08 USD;147.29 USD;148.57 USD;-1.09;-3.92;0.43;3.87;-5.81;-3.28;6.3;39.46;171.44 USD;171.44;-17.45;2.0;0.384;LOW;2.91%;4.12 USD;29.04.2026;29.04.2026;144.34 USD;24373235712.0;Large Cap;11.37;14.73;2.61;-11.3%;-0.11;-;-;18.46%;0.18;133.57;2.05 Mrd.;2047600000.0;2.67 Mrd.;2668999936.0;4;MIXED;7;OK;Forward KGV im gesunden Bereich | KGV nicht übertrieben | solide Gewinnmarge | Free Cashflow positiv | Dividende vorhanden;Umsatzwachstum negativ;LOW RISK;NO;1;AVOID;
APD;Air Products and Chemicals, Inc;USD;277.74 USD;277.74;286.8 USD;288.99 USD;284.33 USD;-3.16;-3.89;-1.63;-0.41;-5.85;1.13;8.71;20.39;306.2 USD;306.2;-9.29;1.11;0.747;LOW;2.61%;7.24 USD;01.07.2026;01.04.2026;283.21 USD;61847330816.0;Large Cap;19.51;29.27;2.11;8.8%;0.09;-;-;16.91%;0.17;101.61;-3.52 Mrd.;-3519237376.0;4.12 Mrd.;4121400064.0;4;MIXED;7;OK;Forward KGV im gesunden Bereich | KGV nicht übertrieben | Umsatzwachstum positiv | solide Gewinnmarge | Dividende vorhanden;Free Cashflow negativ;LOW RISK;NO;1;AVOID;überverkauft
DBAN.DE;Deutsche Beteiligungs AG      N;EUR;23.0 EUR;23.0;23.98 EUR;24.12 EUR;24.08 EUR;-4.08;-4.65;-0.43;-5.09;-6.02;-3.37;-1.18;28.48;25.39 EUR;25.39;-9.4;1.07;0.862;NORMAL;4.35%;1.0 EUR;03.06.2026;03.06.2026;23.64 EUR;409440288.0;Small Cap;7.45;-;-;-;-;-;-;-10.03%;-0.1;27.36;58.18 Mio.;58180752.0;13.39 Mio.;13393000.0;3;MIXED;4;OK;Forward KGV im gesunden Bereich | Free Cashflow positiv | Verschuldung wirkt moderat | Dividende vorhanden;negative Gewinnmarge;LOW RISK;NO;1;AVOID;überverkauft
BX;Blackstone Inc.;USD;114.81 USD;114.81;117.23 USD;119.05 USD;123.72 USD;-2.06;-3.56;-0.47;-1.82;-6.15;0.28;-19.11;46.16;183.17 USD;183.17;-37.32;2.41;1.585;LOW;4.33%;4.97 USD;04.05.2026;04.05.2026;116.67 USD;140327895040.0;Large Cap;15.24;29.44;1.94;5.7%;0.06;3.9%;0.04;21.21%;0.21;72.02;-;-;4.54 Mrd.;4544989184.0;7;VERY SOLID;7;GOOD;Forward KGV im gesunden Bereich | KGV nicht übertrieben | PEG Ratio attraktiv | Umsatzwachstum positiv | Gewinnwachstum positiv | solide Gewinnmarge | Verschuldung wirkt moderat | Dividende vorhanden;-;LOW RISK;NO;1;AVOID;fundamental solide
TARS;Tarsus Pharmaceuticals, Inc.;USD;60.03 USD;60.03;60.93 USD;63.53 USD;65.73 USD;-1.49;-5.52;1.26;1.86;-6.15;-19.86;-25.43;41.85;82.51 USD;82.51;-27.25;2.78;0.506;LOW;0.0%;-;-;-;62.26 USD;2582513152.0;Mid Cap;20.94;-;-;106.9%;1.07;-;-;-9.02%;-0.09;25.41;-21.27 Mio.;-21268124.0;-16.45 Mio.;-16452000.0;3;MIXED;5;OK;Forward KGV im gesunden Bereich | Umsatzwachstum positiv | Verschuldung wirkt moderat;negative Gewinnmarge | Free Cashflow negativ;LOW RISK;NO;1;AVOID;
LDOS;Leidos Holdings, Inc.;USD;123.18 USD;123.18;128.63 USD;139.7 USD;152.58 USD;-4.24;-11.83;-1.01;-3.56;-6.16;-29.7;-34.99;46.12;198.61 USD;198.61;-37.98;2.04;0.515;LOW;1.4%;1.72 USD;15.06.2026;16.03.2026;136.91 USD;15493624832.0;Large Cap;9.37;11.28;2.46;3.7%;0.04;-7.6%;-0.08;8.15%;0.08;137.12;1.19 Mrd.;1194749952.0;1.99 Mrd.;1992999936.0;4;MIXED;8;OK;Forward KGV im gesunden Bereich | KGV nicht übertrieben | Umsatzwachstum positiv | Gewinnmarge positiv | Free Cashflow positiv | Dividende vorhanden;Gewinnwachstum negativ;LOW RISK;NO;1;AVOID;
GLOB;Globant S.A.;USD;38.43 USD;38.43;40.05 USD;42.47 USD;47.16 USD;-4.04;-9.52;0.34;-13.52;-6.2;-27.76;-38.98;45.97;103.28 USD;103.28;-62.79;4.55;1.02;LOW;0.0%;-;-;-;41.62 USD;1659390336.0;Small Cap;5.82;15.62;1.0;-0.7%;-0.01;25.0%;0.25;4.46%;0.04;21.12;267.83 Mio.;267834880.0;339.92 Mio.;339923008.0;6;SOLID;8;GOOD;Forward KGV im gesunden Bereich | KGV nicht übertrieben | PEG Ratio attraktiv | Gewinnwachstum positiv | Gewinnmarge positiv | Free Cashflow positiv | Verschuldung wirkt moderat;Umsatzwachstum negativ;LOW RISK;NO;1;AVOID;fundamental solide
PAL.VI;Palfinger AG;EUR;33.4 EUR;33.4;34.27 EUR;34.76 EUR;34.85 EUR;-2.54;-3.92;0.3;-2.2;-6.31;-5.81;8.69;49.31;39.41 EUR;39.41;-15.25;1.91;1.185;NORMAL;2.69%;0.9 EUR;10.04.2026;10.04.2026;34.07 EUR;1255614848.0;Small Cap;9.11;14.21;0.73;1.6%;0.02;3.8%;0.04;4.23%;0.04;68.54;-;-;-;-;6;SOLID;7;GOOD;Forward KGV im gesunden Bereich | KGV nicht übertrieben | PEG Ratio attraktiv | Umsatzwachstum positiv | Gewinnwachstum positiv | Gewinnmarge positiv | Verschuldung wirkt moderat | Dividende vorhanden;-;LOW RISK;NO;1;AVOID;fundamental solide
CNX;CNX Resources Corporation;USD;33.63 USD;33.63;34.86 USD;36.51 USD;37.18 USD;-3.53;-7.9;0.12;0.51;-6.38;-21.07;-12.19;27.22;42.61 USD;42.61;-21.07;1.59;0.585;LOW;0.0%;-;02.02.2017;11.02.2016;35.78 USD;4757891584.0;Mid Cap;7.94;4.48;1.93;28.2%;0.28;-;-;52.69%;0.53;54.83;408.79 Mio.;408791136.0;1.09 Mrd.;1090813952.0;7;VERY SOLID;7;GOOD;Forward KGV im gesunden Bereich | KGV nicht übertrieben | PEG Ratio attraktiv | Umsatzwachstum positiv | solide Gewinnmarge | Free Cashflow positiv | Verschuldung wirkt moderat;-;LOW RISK;NO;1;AVOID;überverkauft, fundamental solide
MSI;Motorola Solutions, Inc.;USD;404.53 USD;404.53;410.19 USD;419.64 USD;423.39 USD;-1.38;-3.6;-1.42;-1.71;-6.62;-13.18;10.14;45.87;486.28 USD;486.28;-16.81;2.59;0.89;LOW;1.2%;4.84 USD;17.06.2026;20.03.2026;411.24 USD;67150192640.0;Large Cap;21.84;32.65;2.21;7.4%;0.07;-13.8%;-0.14;17.61%;0.18;374.13;1.82 Mrd.;1815124992.0;2.78 Mrd.;2777999872.0;4;MIXED;8;OK;Forward KGV im gesunden Bereich | Umsatzwachstum positiv | solide Gewinnmarge | Free Cashflow positiv | Dividende vorhanden;Gewinnwachstum negativ | Verschuldung hoch;LOW RISK;NO;1;AVOID;
CF;CF Industries Holdings, Inc.;USD;110.25 USD;110.25;117.73 USD;118.26 USD;112.58 USD;-6.35;-6.77;-2.85;-2.69;-6.72;-0.07;41.93;25.8;137.04 USD;137.04;-19.55;3.05;0.382;LOW;1.81%;2.0 USD;15.05.2026;15.05.2026;115.9 USD;16937627648.0;Large Cap;9.53;9.93;3.37;19.4%;0.19;115.1%;1.15;23.73%;0.24;43.85;1.08 Mrd.;1076375040.0;2.66 Mrd.;2662000128.0;7;VERY SOLID;8;GOOD;Forward KGV im gesunden Bereich | KGV nicht übertrieben | Umsatzwachstum positiv | Gewinnwachstum positiv | solide Gewinnmarge | Free Cashflow positiv | Verschuldung wirkt moderat | Dividende vorhanden;PEG Ratio hoch;LOW RISK;NO;1;AVOID;überverkauft, fundamental solide
GIS;General Mills, Inc.;USD;33.27 USD;33.27;33.51 USD;35.07 USD;37.63 USD;-0.71;-5.12;0.37;-1.06;-6.83;-22.35;-27.26;48.19;51.86 USD;51.86;-35.84;1.49;-0.041;LOW;7.33%;2.44 USD;10.04.2026;10.04.2026;34.37 USD;17758242816.0;Large Cap;10.49;8.14;11.74;2.2%;0.02;-14.5%;-0.14;12.05%;0.12;217.63;2.26 Mrd.;2263375104.0;2.23 Mrd.;2225799936.0;5;SOLID;8;GOOD;Forward KGV im gesunden Bereich | KGV nicht übertrieben | Umsatzwachstum positiv | solide Gewinnmarge | Free Cashflow positiv | Dividende vorhanden;PEG Ratio hoch | Gewinnwachstum negativ | Verschuldung hoch;LOW RISK;NO;1;AVOID;fundamental solide
VALE;VALE S.A.;USD;15.06 USD;15.06;16.16 USD;16.24 USD;15.7 USD;-6.86;-7.28;-1.15;-7.64;-7.01;-2.37;26.71;31.94;17.82 USD;17.82;-15.52;2.25;0.725;LOW;8.37%;1.26 USD;12.12.2025;12.12.2025;15.91 USD;64181735424.0;Large Cap;7.61;22.81;0.32;2.7%;0.03;22.0%;0.22;7.26%;0.07;57.15;10.6 Mrd.;10600125440.0;48.82 Mrd.;48816001024.0;7;VERY SOLID;8;GOOD;Forward KGV im gesunden Bereich | KGV nicht übertrieben | PEG Ratio attraktiv | Umsatzwachstum positiv | Gewinnwachstum positiv | Gewinnmarge positiv | Free Cashflow positiv | Verschuldung wirkt moderat | Dividende vorhanden;-;LOW RISK;NO;1;AVOID;überverkauft, fundamental solide
PONY;Pony AI Inc.;USD;8.95 USD;8.95;9.56 USD;10.1 USD;11.3 USD;-6.34;-11.36;3.89;-17.01;-7.01;-34.11;-33.42;57.02;24.06 USD;24.06;-62.78;4.23;;LOW;0.0%;-;-;-;9.9 USD;3882364672.0;Mid Cap;-14.28;-;-;145.0%;1.45;-;-;-128.22%;-1.28;0.98;-170.67 Mio.;-170669376.0;-185.0 Mio.;-184996992.0;2;WEAK;5;OK;Umsatzwachstum positiv | Verschuldung wirkt moderat;negative Gewinnmarge | Free Cashflow negativ;LOW RISK;NO;1;AVOID;Fundamentaldaten schwach
NIO;NIO Inc.;USD;5.45 USD;5.45;5.74 USD;5.82 USD;5.74 USD;-5.08;-6.4;1.68;-8.86;-7.16;15.47;-0.18;41.89;7.89 USD;7.89;-30.93;3.94;0.887;LOW;0.0%;-;-;-;5.71 USD;13655884800.0;Large Cap;36.61;-;-;112.2%;1.12;-;-;-9.09%;-0.09;183.3;-;-;-;-;1;WEAK;4;OK;Umsatzwachstum positiv;negative Gewinnmarge;LOW RISK;NO;1;AVOID;Fundamentaldaten schwach
ISRG;Intuitive Surgical, Inc.;USD;420.42 USD;420.42;427.75 USD;445.94 USD;466.42 USD;-1.71;-5.72;-0.39;1.98;-7.29;-15.36;-26.78;39.1;592.85 USD;592.85;-29.08;2.18;1.453;LOW;0.0%;-;-;-;437.02 USD;148898906112.0;Large Cap;35.66;51.08;2.21;23.0%;0.23;18.8%;0.19;28.15%;0.28;-;2.25 Mrd.;2254087424.0;3.36 Mrd.;3360800000.0;4;MIXED;7;OK;Umsatzwachstum positiv | Gewinnwachstum positiv | solide Gewinnmarge | Free Cashflow positiv;KGV sehr hoch;LOW RISK;NO;1;AVOID;
PFI.F;PALFINGER AG                  I;EUR;33.15 EUR;33.15;34.21 EUR;34.68 EUR;34.74 EUR;-3.09;-4.42;-1.78;-3.91;-7.53;-5.54;14.89;47.62;39.19 EUR;39.19;-15.41;1.6;1.185;LOW;2.71%;0.9 EUR;10.04.2026;10.04.2026;33.99 EUR;1246216448.0;Small Cap;-;14.11;-;1.6%;0.02;3.8%;0.04;4.23%;0.04;68.54;-;-;-;-;4;MIXED;5;OK;KGV nicht übertrieben | Umsatzwachstum positiv | Gewinnwachstum positiv | Gewinnmarge positiv | Verschuldung wirkt moderat | Dividende vorhanden;-;LOW RISK;NO;1;AVOID;
DOW;Dow Inc.;USD;34.02 USD;34.02;35.62 USD;36.13 USD;34.31 USD;-4.5;-5.83;0.15;-1.93;-7.92;1.92;47.59;25.0;41.45 USD;41.45;-17.92;2.28;0.405;LOW;4.12%;1.4 USD;29.05.2026;29.05.2026;35.4 USD;24519624704.0;Large Cap;15.9;-;38.89;-6.1%;-0.06;-;-;-7.24%;-0.07;117.13;-675.88 Mio.;-675875008.0;2.06 Mrd.;2064999936.0;1;WEAK;6;OK;Forward KGV im gesunden Bereich | Dividende vorhanden;PEG Ratio hoch | Umsatzwachstum negativ | negative Gewinnmarge | Free Cashflow negativ;LOW RISK;NO;1;AVOID;überverkauft, Fundamentaldaten schwach
WK;Workiva Inc.;USD;48.06 USD;48.06;49.88 USD;53.31 USD;59.55 USD;-3.66;-9.85;-2.18;-9.03;-8.09;-25.4;-47.91;45.12;93.31 USD;93.31;-48.49;3.7;0.494;LOW;0.0%;-;-;-;52.25 USD;2697095424.0;Mid Cap;13.72;200.25;-;19.9%;0.2;-;-;1.53%;0.02;-;154.92 Mio.;154916752.0;173.9 Mio.;173904000.0;3;MIXED;5;OK;Forward KGV im gesunden Bereich | Umsatzwachstum positiv | Gewinnmarge positiv | Free Cashflow positiv;KGV sehr hoch;LOW RISK;NO;1;AVOID;
1913.HK;PRADA;HKD;36.52 HKD;36.52;36.61 HKD;36.8 HKD;37.96 HKD;-0.25;-0.77;-0.6;-2.51;-8.1;-12.87;-15.8;58.95;48.6 HKD;48.6;-24.86;2.78;0.787;LOW;4.11%;1.5 HKD;06.05.2026;06.05.2026;36.07 HKD;93448249344.0;Large Cap;11.85;12.13;1.94;3.3%;0.03;2.3%;0.02;14.9%;0.15;103.2;829.2 Mio.;829195264.0;1.65 Mrd.;1654258048.0;7;VERY SOLID;8;GOOD;Forward KGV im gesunden Bereich | KGV nicht übertrieben | PEG Ratio attraktiv | Umsatzwachstum positiv | Gewinnwachstum positiv | solide Gewinnmarge | Free Cashflow positiv | Dividende vorhanden;-;LOW RISK;NO;1;AVOID;fundamental solide
VKTX;Viking Therapeutics, Inc.;USD;29.0 USD;29.0;30.49 USD;31.51 USD;32.14 USD;-4.9;-7.98;1.93;-7.26;-8.17;-7.97;-20.04;51.46;42.09 USD;42.09;-31.1;3.0;0.678;LOW;0.0%;-;-;-;30.88 USD;3367063552.0;Mid Cap;-6.35;-;-;-;-;-;-;0.0%;0.0;-;-177.35 Mio.;-177354752.0;-340.33 Mio.;-340329984.0;0;WEAK;3;OK;-;negative Gewinnmarge | Free Cashflow negativ;LOW RISK;NO;1;AVOID;Fundamentaldaten schwach
CRH;CRH PLC;USD;102.59 USD;102.59;106.21 USD;108.78 USD;111.23 USD;-3.4;-5.69;-2.35;-3.9;-8.58;-7.0;-13.65;48.39;130.44 USD;130.44;-21.35;2.22;1.187;LOW;1.52%;1.56 USD;15.05.2026;15.05.2026;106.6 USD;68550656000.0;Large Cap;15.34;19.03;2.02;9.1%;0.09;-;-;9.64%;0.1;83.23;786.12 Mio.;786124992.0;5.67 Mrd.;5667999744.0;5;SOLID;7;GOOD;Forward KGV im gesunden Bereich | KGV nicht übertrieben | Umsatzwachstum positiv | Gewinnmarge positiv | Free Cashflow positiv | Verschuldung wirkt moderat | Dividende vorhanden;-;LOW RISK;NO;1;AVOID;fundamental solide
MQ;Marqeta, Inc.;USD;3.82 USD;3.82;4.0 USD;4.08 USD;4.21 USD;-4.54;-6.35;-1.55;-12.18;-8.83;-5.91;-19.24;46.39;6.83 USD;6.83;-44.07;3.2;1.32;LOW;0.0%;-;-;-;4.0 USD;1619795712.0;Small Cap;36.36;382.0;1.5;19.2%;0.19;-;-;0.33%;0.0;0.99;116.24 Mio.;116240624.0;149.27 Mio.;149268992.0;4;MIXED;7;OK;PEG Ratio attraktiv | Umsatzwachstum positiv | Gewinnmarge positiv | Free Cashflow positiv | Verschuldung wirkt moderat;KGV sehr hoch;LOW RISK;NO;1;AVOID;
LYC.AX;LYNAS FPO [LYC];AUD;18.16 AUD;18.16;18.92 AUD;18.95 AUD;18.26 AUD;-4.04;-4.14;-2.94;-5.37;-8.88;-3.97;21.07;43.26;22.07 AUD;22.07;-17.72;3.23;0.705;LOW;0.0%;-;-;-;18.57 AUD;18278094848.0;Large Cap;26.69;227.0;0.17;62.7%;0.63;1216.6%;12.17;11.5%;0.12;6.32;-305.24 Mio.;-305244992.0;128.97 Mio.;128969000.0;5;SOLID;8;GOOD;PEG Ratio attraktiv | Umsatzwachstum positiv | Gewinnwachstum positiv | solide Gewinnmarge | Verschuldung wirkt moderat;KGV sehr hoch | Free Cashflow negativ;LOW RISK;NO;1;AVOID;fundamental solide
PEP;Pepsico, Inc.;USD;140.64 USD;140.64;144.97 USD;148.84 USD;149.86 USD;-2.99;-5.51;-0.9;0.42;-9.07;-10.77;-2.15;34.0;167.22 USD;167.22;-15.9;1.33;0.359;LOW;4.21%;5.92 USD;05.06.2026;05.06.2026;145.87 USD;192273924096.0;Large Cap;15.39;22.08;1.53;8.5%;0.09;27.8%;0.28;9.15%;0.09;244.84;8.75 Mrd.;8746250240.0;13.1 Mrd.;13100999680.0;6;SOLID;8;GOOD;Forward KGV im gesunden Bereich | KGV nicht übertrieben | PEG Ratio attraktiv | Umsatzwachstum positiv | Gewinnwachstum positiv | Gewinnmarge positiv | Free Cashflow positiv | Dividende vorhanden;Verschuldung hoch;LOW RISK;NO;1;AVOID;überverkauft, fundamental solide
DG;Dollar General Corporation;USD;105.88 USD;105.88;107.33 USD;113.84 USD;119.49 USD;-1.34;-6.99;2.11;-3.68;-9.09;-27.41;-1.77;49.26;155.5 USD;155.5;-31.91;2.47;0.256;LOW;2.23%;2.36 USD;07.07.2026;07.04.2026;111.56 USD;23356794880.0;Large Cap;13.23;14.98;1.5;3.4%;0.03;12.4%;0.12;3.63%;0.04;178.65;1.88 Mrd.;1882562304.0;3.5 Mrd.;3503533056.0;6;SOLID;8;GOOD;Forward KGV im gesunden Bereich | KGV nicht übertrieben | PEG Ratio attraktiv | Umsatzwachstum positiv | Gewinnwachstum positiv | Gewinnmarge positiv | Free Cashflow positiv | Dividende vorhanden;-;LOW RISK;NO;1;AVOID;fundamental solide
LOW;Lowe's Companies, Inc.;USD;209.5 USD;209.5;216.06 USD;226.86 USD;235.54 USD;-3.04;-7.65;-0.59;0.87;-9.26;-17.35;-12.48;37.72;286.02 USD;286.02;-26.75;1.72;0.857;LOW;2.39%;5.0 USD;22.07.2026;22.04.2026;222.33 USD;117529501696.0;Large Cap;15.54;17.72;1.38;10.3%;0.1;-0.7%;-0.01;7.51%;0.08;-;4.82 Mrd.;4816124928.0;9.83 Mrd.;9834999808.0;5;SOLID;7;GOOD;Forward KGV im gesunden Bereich | KGV nicht übertrieben | PEG Ratio attraktiv | Umsatzwachstum positiv | Gewinnmarge positiv | Free Cashflow positiv | Dividende vorhanden;Gewinnwachstum negativ;LOW RISK;NO;1;AVOID;fundamental solide
NRG;NRG Energy, Inc.;USD;128.28 USD;128.28;135.5 USD;143.12 USD;149.05 USD;-5.33;-10.37;-0.71;-0.92;-9.57;-19.81;-23.42;53.54;183.47 USD;183.47;-30.08;3.08;1.216;LOW;1.48%;1.9 USD;01.05.2026;01.05.2026;140.26 USD;27065344000.0;Large Cap;11.03;142.53;0.44;19.5%;0.2;-85.6%;-0.86;0.74%;0.01;479.24;431.62 Mio.;431624992.0;889.0 Mio.;889000000.0;4;MIXED;8;OK;Forward KGV im gesunden Bereich | PEG Ratio attraktiv | Umsatzwachstum positiv | Gewinnmarge positiv | Free Cashflow positiv | Dividende vorhanden;KGV sehr hoch | Gewinnwachstum negativ | Verschuldung hoch;LOW RISK;NO;1;AVOID;
NVO;Novo Nordisk A/S;USD;41.3 USD;41.3;43.64 USD;42.94 USD;43.67 USD;-5.36;-3.82;-3.86;-6.29;-9.83;9.58;-12.1;37.56;77.31 USD;77.31;-46.58;2.19;0.349;NORMAL;4.36%;1.8 USD;30.03.2026;30.03.2026;42.08 USD;182955917312.0;Large Cap;12.46;9.69;3.17;24.0%;0.24;67.1%;0.67;37.21%;0.37;72.09;-12.04 Mrd.;-12039249920.0;118.46 Mrd.;118456000512.0;6;SOLID;8;GOOD;Forward KGV im gesunden Bereich | KGV nicht übertrieben | Umsatzwachstum positiv | Gewinnwachstum positiv | solide Gewinnmarge | Verschuldung wirkt moderat | Dividende vorhanden;PEG Ratio hoch | Free Cashflow negativ;LOW RISK;NO;1;AVOID;fundamental solide
CA1.DE;Circus SE                     I;EUR;7.08 EUR;7.08;7.39 EUR;7.73 EUR;8.6 EUR;-4.19;-8.44;10.97;0.71;-10.04;2.61;-47.36;36.12;22.8 EUR;22.8;-68.95;3.92;0.741;HIGH;0.0%;-;-;-;7.58 EUR;168420464.0;Micro Cap;-16.76;-;-;-15.0%;-0.15;-;-;0.0%;0.0;88.46;-11.58 Mio.;-11583647.0;-15.16 Mio.;-15160000.0;1;WEAK;5;OK;Verschuldung wirkt moderat;Umsatzwachstum negativ | negative Gewinnmarge | Free Cashflow negativ;LOW RISK;NO;1;AVOID;hohes Volumen, Fundamentaldaten schwach
ZYME;Zymeworks Inc.;USD;23.78 USD;23.78;24.86 USD;25.2 USD;24.66 USD;-4.36;-5.63;-1.08;-3.1;-10.6;-4.11;-12.99;44.95;28.56 USD;28.56;-16.74;2.78;1.136;LOW;0.0%;-;-;-;24.69 USD;1749588480.0;Small Cap;46.11;-;-;-91.1%;-0.91;-;-;-126.33%;-1.26;10.42;-45.5 Mio.;-45503000.0;-75.32 Mio.;-75316000.0;1;WEAK;5;OK;Verschuldung wirkt moderat;Forward KGV sehr hoch | Umsatzwachstum negativ | negative Gewinnmarge | Free Cashflow negativ;LOW RISK;NO;1;AVOID;Fundamentaldaten schwach
TLRY;Tilray Brands, Inc.;USD;5.04 USD;5.04;5.43 USD;6.0 USD;6.88 USD;-7.17;-15.9;2.07;-8.16;-10.92;-28.58;-51.05;46.13;21.0 USD;21.0;-75.99;2.72;1.875;NORMAL;0.0%;-;-;-;5.88 USD;603056448.0;Small Cap;18.59;-;-;-7.8%;-0.08;-;-;-156.66%;-1.57;63.61;-31.06 Mio.;-31062250.0;-44.63 Mio.;-44627000.0;2;WEAK;5;OK;Forward KGV im gesunden Bereich | Verschuldung wirkt moderat;Umsatzwachstum negativ | negative Gewinnmarge | Free Cashflow negativ;LOW RISK;NO;1;AVOID;Fundamentaldaten schwach
QTWO;Q2 Holdings, Inc.;USD;45.1 USD;45.1;46.95 USD;48.61 USD;52.36 USD;-3.95;-7.22;-1.33;-14.21;-11.03;-13.39;-37.13;45.44;95.27 USD;95.27;-52.66;3.91;1.336;LOW;0.0%;-;-;-;47.64 USD;2823279104.0;Mid Cap;13.97;39.91;8.35;14.1%;0.14;471.4%;4.71;8.99%;0.09;56.22;179.87 Mio.;179867632.0;214.25 Mio.;214251008.0;5;SOLID;8;GOOD;Forward KGV im gesunden Bereich | Umsatzwachstum positiv | Gewinnwachstum positiv | Gewinnmarge positiv | Free Cashflow positiv | Verschuldung wirkt moderat;PEG Ratio hoch;LOW RISK;NO;1;AVOID;fundamental solide
BWXT;BWX Technologies, Inc.;USD;185.98 USD;185.98;197.05 USD;203.98 USD;203.24 USD;-5.62;-8.83;0.01;-1.28;-11.28;-4.61;4.66;31.68;238.1 USD;238.1;-21.89;2.37;0.734;LOW;0.56%;1.04 USD;19.05.2026;19.05.2026;199.9 USD;17038034944.0;Large Cap;35.81;49.46;1.67;26.1%;0.26;20.7%;0.21;10.21%;0.1;157.62;165.5 Mio.;165500992.0;521.8 Mio.;521798016.0;5;SOLID;8;GOOD;PEG Ratio attraktiv | Umsatzwachstum positiv | Gewinnwachstum positiv | solide Gewinnmarge | Free Cashflow positiv | Dividende vorhanden;KGV sehr hoch;LOW RISK;NO;1;AVOID;überverkauft, fundamental solide
PCOR;Procore Technologies, Inc.;USD;47.38 USD;47.38;49.89 USD;52.08 USD;55.62 USD;-5.02;-9.02;-2.44;-14.2;-11.45;-20.05;-35.82;48.71;79.6 USD;79.6;-40.47;4.17;0.722;LOW;0.0%;-;-;-;51.04 USD;7149932032.0;Mid Cap;22.35;-;-;15.7%;0.16;-;-;-5.61%;-0.06;7.75;246.14 Mio.;246142880.0;311.0 Mio.;310998016.0;4;MIXED;5;OK;Forward KGV im gesunden Bereich | Umsatzwachstum positiv | Free Cashflow positiv | Verschuldung wirkt moderat;negative Gewinnmarge;LOW RISK;NO;1;AVOID;
MIR;Mirion Technologies, Inc.;USD;17.36 USD;17.36;18.09 USD;18.91 USD;20.1 USD;-4.0;-8.16;1.67;-2.5;-12.08;-18.59;-32.82;45.18;29.75 USD;29.75;-41.63;3.11;1.026;LOW;0.0%;-;-;-;18.53 USD;4248446464.0;Mid Cap;26.56;173.65;-;27.5%;0.28;-;-;2.56%;0.03;65.34;68.01 Mio.;68012496.0;126.6 Mio.;126600000.0;3;MIXED;6;OK;Umsatzwachstum positiv | Gewinnmarge positiv | Free Cashflow positiv | Verschuldung wirkt moderat;KGV sehr hoch;LOW RISK;NO;1;AVOID;
QBTQ.CN;SuperQQuaComp;CAD;0.87 CAD;0.87;0.9 CAD;0.93 CAD;0.96 CAD;-3.84;-6.1;0.0;-1.14;-12.12;-13.0;33.85;54.0;1.65 CAD;1.65;-47.27;5.4;;LOW;0.0%;-;-;-;0.91 CAD;26759378.0;Micro Cap;-;-;-;-;-;-;-;0.0%;0.0;-;-;-;-2.86 Mio.;-2857610.0;0;UNKNOWN;1;LOW;-;negative Gewinnmarge | Fundamentaldaten unvollständig;LOW RISK;NO;1;AVOID;Fundamentaldaten unvollständig
PBR;Petroleo Brasileiro S.A. Petrob;USD;17.75 USD;17.75;19.03 USD;19.27 USD;18.16 USD;-6.75;-7.89;0.0;-5.16;-12.19;7.54;42.11;8.55;21.86 USD;21.86;-18.81;1.87;-0.156;LOW;9.92%;1.76 USD;03.06.2026;03.06.2026;18.89 USD;114387501056.0;Large Cap;4.32;5.55;4.44;0.4%;0.0;-7.2%;-0.07;21.6%;0.22;83.27;82.93 Mrd.;82932752384.0;194.97 Mrd.;194969993216.0;6;SOLID;8;GOOD;Forward KGV im gesunden Bereich | KGV nicht übertrieben | Umsatzwachstum positiv | solide Gewinnmarge | Free Cashflow positiv | Verschuldung wirkt moderat | Dividende vorhanden;PEG Ratio hoch | Gewinnwachstum negativ;LOW RISK;NO;1;AVOID;überverkauft, fundamental solide
XAD6.DE;DB ETC PLC                    E;EUR;555.0 EUR;555.0;601.47 EUR;612.37 EUR;603.53 EUR;-7.73;-9.37;-0.48;-8.17;-12.88;-17.23;35.19;33.86;893.5 EUR;893.5;-37.88;3.33;;HIGH;0.0%;-;-;-;600.12 EUR;;UNKNOWN;-;-;-;-;-;-;-;-;-;-;-;-;-;-;0;UNKNOWN;0;LOW;-;Fundamentaldaten unvollständig;LOW RISK;NO;1;AVOID;überverkauft, hohes Volumen, Fundamentaldaten unvollständig
NDX1.DE;Nordex SE                     I;EUR;40.64 EUR;40.64;42.7 EUR;43.28 EUR;40.8 EUR;-4.83;-6.09;-0.44;-4.42;-13.05;-5.4;58.13;28.89;50.0 EUR;50.0;-18.72;2.7;1.169;LOW;0.0%;-;-;-;42.41 EUR;9626481664.0;Mid Cap;17.32;30.79;1.5;10.6%;0.11;633.3%;6.33;4.16%;0.04;35.37;587.7 Mio.;587698880.0;921.05 Mio.;921049024.0;6;SOLID;8;GOOD;Forward KGV im gesunden Bereich | PEG Ratio attraktiv | Umsatzwachstum positiv | Gewinnwachstum positiv | Gewinnmarge positiv | Free Cashflow positiv | Verschuldung wirkt moderat;-;LOW RISK;NO;1;AVOID;überverkauft, fundamental solide
REGN;Regeneron Pharmaceuticals, Inc.;USD;614.37 USD;614.37;644.99 USD;685.57 USD;705.46 USD;-4.75;-10.39;-3.32;2.28;-13.23;-19.56;-21.49;44.3;810.08 USD;810.08;-24.16;2.63;0.238;LOW;0.61%;3.76 USD;20.05.2026;20.05.2026;671.86 USD;64409956352.0;Large Cap;11.43;14.99;1.11;19.0%;0.19;-7.2%;-0.07;29.65%;0.3;8.61;3.27 Mrd.;3273349888.0;5.01 Mrd.;5012700160.0;7;VERY SOLID;8;GOOD;Forward KGV im gesunden Bereich | KGV nicht übertrieben | PEG Ratio attraktiv | Umsatzwachstum positiv | solide Gewinnmarge | Free Cashflow positiv | Verschuldung wirkt moderat | Dividende vorhanden;Gewinnwachstum negativ;LOW RISK;NO;1;AVOID;fundamental solide
BSX;Boston Scientific Corporation;USD;48.93 USD;48.93;52.0 USD;57.82 USD;66.28 USD;-5.9;-15.38;0.78;1.98;-13.51;-32.96;-51.54;25.2;108.14 USD;108.14;-54.75;3.0;0.559;LOW;0.0%;-;-;-;56.67 USD;72727363584.0;Large Cap;13.12;20.47;0.59;11.6%;0.12;100.0%;1.0;17.29%;0.17;42.25;2.81 Mrd.;2807124992.0;4.34 Mrd.;4341000192.0;8;VERY SOLID;8;GOOD;Forward KGV im gesunden Bereich | KGV nicht übertrieben | PEG Ratio attraktiv | Umsatzwachstum positiv | Gewinnwachstum positiv | solide Gewinnmarge | Free Cashflow positiv | Verschuldung wirkt moderat;-;LOW RISK;NO;1;AVOID;überverkauft, fundamental solide
MELI;MercadoLibre, Inc.;USD;1616.68 USD;1616.68;1665.29 USD;1717.73 USD;1803.51 USD;-2.92;-5.88;0.55;-6.6;-13.55;-9.19;-20.49;54.55;2613.63 USD;2613.63;-38.14;3.15;1.348;LOW;0.0%;-;28.12.2017;28.12.2017;1683.38 USD;81960927232.0;Large Cap;27.28;42.61;0.99;49.0%;0.49;-15.6%;-0.16;6.04%;0.06;169.98;-4.1 Mrd.;-4104624896.0;13.16 Mrd.;13159999488.0;2;WEAK;8;OK;PEG Ratio attraktiv | Umsatzwachstum positiv | Gewinnmarge positiv;Gewinnwachstum negativ | Free Cashflow negativ;LOW RISK;NO;1;AVOID;Fundamentaldaten schwach
CVNA;Carvana Co.;USD;69.17 USD;69.17;69.39 USD;70.7 USD;71.77 USD;-0.33;-2.17;3.99;-2.58;-13.55;4.43;-3.22;55.38;95.69 USD;95.69;-27.72;3.12;3.449;LOW;0.0%;-;-;-;69.28 USD;75862646784.0;Large Cap;32.1;39.98;-;52.0%;0.52;11.9%;0.12;6.4%;0.06;121.35;196.75 Mio.;196750000.0;911.0 Mio.;911000000.0;3;MIXED;7;OK;Umsatzwachstum positiv | Gewinnwachstum positiv | Gewinnmarge positiv | Free Cashflow positiv;-;MEDIUM RISK;NO;1;AVOID;
HAS;Hasbro, Inc.;USD;83.49 USD;83.49;87.69 USD;90.19 USD;89.8 USD;-4.8;-7.43;-0.83;-1.86;-13.58;-11.75;2.51;26.84;104.36 USD;104.36;-20.0;2.15;0.476;LOW;3.35%;2.8 USD;01.06.2026;01.06.2026;88.39 USD;11812349952.0;Large Cap;13.02;-;1.86;12.7%;0.13;98.6%;0.99;-4.62%;-0.05;574.49;547.92 Mio.;547924992.0;1.09 Mrd.;1092800000.0;5;SOLID;7;GOOD;Forward KGV im gesunden Bereich | PEG Ratio attraktiv | Umsatzwachstum positiv | Gewinnwachstum positiv | Free Cashflow positiv | Dividende vorhanden;negative Gewinnmarge | Verschuldung hoch;LOW RISK;NO;1;AVOID;überverkauft, fundamental solide
REKR;Rekor Systems, Inc.;USD;0.74 USD;0.74;0.79 USD;0.84 USD;0.97 USD;-7.14;-12.12;-1.44;-15.73;-14.06;-14.66;-56.83;47.09;3.2 USD;3.2;-76.93;4.25;1.817;LOW;0.0%;-;-;-;0.82 USD;101582312.0;Micro Cap;-12.3;-;-;11.6%;0.12;-;-;-60.48%;-0.6;85.36;-8.88 Mio.;-8880625.0;-16.04 Mio.;-16038000.0;2;WEAK;5;OK;Umsatzwachstum positiv | Verschuldung wirkt moderat;negative Gewinnmarge | Free Cashflow negativ;MEDIUM RISK;NO;1;AVOID;Fundamentaldaten schwach
HUBS;HubSpot, Inc.;USD;209.2 USD;209.2;215.61 USD;224.66 USD;254.36 USD;-2.97;-6.88;-1.62;-20.21;-14.16;-28.23;-42.18;50.25;606.06 USD;606.06;-65.48;6.6;1.198;LOW;0.0%;-;-;-;220.16 USD;10709096448.0;Large Cap;13.4;110.69;0.34;23.4%;0.23;-;-;3.04%;0.03;12.38;656.18 Mio.;656183360.0;797.97 Mio.;797971968.0;5;SOLID;7;GOOD;Forward KGV im gesunden Bereich | PEG Ratio attraktiv | Umsatzwachstum positiv | Gewinnmarge positiv | Free Cashflow positiv | Verschuldung wirkt moderat;KGV sehr hoch;LOW RISK;NO;1;AVOID;fundamental solide
PI;Impinj, Inc.;USD;129.84 USD;129.84;139.67 USD;134.19 USD;134.94 USD;-7.04;-3.24;7.37;-8.99;-14.2;30.35;-24.87;44.24;241.91 USD;241.91;-46.33;5.55;1.917;NORMAL;0.0%;-;-;-;131.5 USD;3954820352.0;Mid Cap;46.04;-;-;-0.0%;-0.0;-;-;-7.66%;-0.08;130.0;55.47 Mio.;55473876.0;73.87 Mio.;73869000.0;1;WEAK;5;OK;Free Cashflow positiv;Forward KGV sehr hoch | Umsatzwachstum negativ | negative Gewinnmarge;MEDIUM RISK;NO;1;AVOID;Fundamentaldaten schwach
PBR-A;Petroleo Brasileiro S.A. Petrob;USD;15.9 USD;15.9;17.08 USD;17.4 USD;16.52 USD;-6.86;-8.58;0.35;-4.85;-14.49;4.37;34.21;9.77;19.73 USD;19.73;-19.39;1.79;-0.156;LOW;11.07%;1.76 USD;03.06.2026;03.06.2026;17.05 USD;108893806592.0;Large Cap;6.47;4.97;3.97;0.4%;0.0;-7.2%;-0.07;21.6%;0.22;83.27;82.93 Mrd.;82932752384.0;194.97 Mrd.;194969993216.0;6;SOLID;8;GOOD;Forward KGV im gesunden Bereich | KGV nicht übertrieben | Umsatzwachstum positiv | solide Gewinnmarge | Free Cashflow positiv | Verschuldung wirkt moderat | Dividende vorhanden;PEG Ratio hoch | Gewinnwachstum negativ;LOW RISK;NO;1;AVOID;überverkauft, fundamental solide
DLO;DLocal Limited;USD;11.52 USD;11.52;11.9 USD;12.3 USD;12.59 USD;-3.2;-6.41;2.45;-4.2;-14.85;-0.94;-10.28;52.62;15.57 USD;15.57;-26.04;3.5;0.961;LOW;1.65%;0.19 USD;27.05.2026;27.05.2026;12.06 USD;3388508928.0;Mid Cap;10.43;17.99;-;54.9%;0.55;-6.7%;-0.07;15.85%;0.16;19.83;396.4 Mio.;396397760.0;412.83 Mio.;412827008.0;6;SOLID;7;GOOD;Forward KGV im gesunden Bereich | KGV nicht übertrieben | Umsatzwachstum positiv | solide Gewinnmarge | Free Cashflow positiv | Verschuldung wirkt moderat | Dividende vorhanden;Gewinnwachstum negativ;LOW RISK;NO;1;AVOID;fundamental solide
NCNO;nCino, Inc.;USD;15.12 USD;15.12;15.92 USD;16.54 USD;17.93 USD;-5.01;-8.6;1.34;-12.04;-14.96;-10.11;-38.64;50.08;32.69 USD;32.69;-53.75;3.14;0.689;LOW;0.0%;-;-;-;16.21 USD;1656440576.0;Small Cap;9.88;126.0;-;10.6%;0.11;147.6%;1.48;2.17%;0.02;33.19;138.52 Mio.;138516992.0;117.15 Mio.;117150000.0;5;SOLID;7;GOOD;Forward KGV im gesunden Bereich | Umsatzwachstum positiv | Gewinnwachstum positiv | Gewinnmarge positiv | Free Cashflow positiv | Verschuldung wirkt moderat;KGV sehr hoch;LOW RISK;NO;1;AVOID;fundamental solide
SMR;NuScale Power Corporation;USD;10.68 USD;10.68;11.83 USD;12.14 USD;14.2 USD;-9.79;-12.04;1.67;-17.18;-15.14;-12.36;-43.93;51.18;53.43 USD;53.43;-80.02;6.51;2.219;LOW;0.0%;-;-;-;11.89 USD;3694679296.0;Mid Cap;-15.93;-;-;-95.8%;-0.96;-;-;0.0%;0.0;0.51;-161.97 Mio.;-161970368.0;-751.5 Mio.;-751502016.0;1;WEAK;5;OK;Verschuldung wirkt moderat;Umsatzwachstum negativ | negative Gewinnmarge | Free Cashflow negativ;MEDIUM RISK;NO;1;AVOID;Fundamentaldaten schwach
OPTT;Ocean Power Technologies, Inc.;USD;0.3 USD;0.3;0.36 USD;0.37 USD;0.39 USD;-16.78;-18.8;2.28;-23.95;-15.26;-27.66;-29.38;45.77;0.84 USD;0.84;-64.69;6.02;2.526;NORMAL;0.0%;-;-;-;0.36 USD;67631752.0;Micro Cap;-0.13;-;-;-37.8%;-0.38;-;-;0.0%;0.0;42.59;-15.8 Mio.;-15795125.0;-23.93 Mio.;-23930000.0;1;WEAK;5;OK;Verschuldung wirkt moderat;Umsatzwachstum negativ | negative Gewinnmarge | Free Cashflow negativ;MEDIUM RISK;NO;1;AVOID;Fundamentaldaten schwach
NXE;Nexgen Energy Ltd.;USD;10.43 USD;10.43;11.31 USD;11.6 USD;11.42 USD;-7.84;-10.1;1.41;-8.55;-15.79;-15.93;20.94;44.79;13.92 USD;13.92;-25.11;4.15;1.611;LOW;0.0%;-;-;-;11.36 USD;6900406272.0;Mid Cap;-59.42;-;-;-;-;-;-;0.0%;0.0;42.47;-280.5 Mio.;-280498752.0;-56.87 Mio.;-56874000.0;1;WEAK;4;OK;Verschuldung wirkt moderat;negative Gewinnmarge | Free Cashflow negativ;LOW RISK;NO;1;AVOID;Fundamentaldaten schwach
LI.V;AMERICAN LITHIUM CORP;CAD;0.53 CAD;0.53;0.56 CAD;0.59 CAD;0.62 CAD;-5.9;-9.68;-3.64;-5.36;-15.87;-18.46;-26.39;50.0;1.17 CAD;1.17;-54.7;3.69;2.193;NORMAL;0.0%;-;-;12.10.2010;0.58 CAD;135502256.0;Micro Cap;-9.64;-;-;-;-;-;-;0.0%;0.0;0.03;-5.08 Mio.;-5079108.0;-10.05 Mio.;-10052047.0;1;WEAK;4;OK;Verschuldung wirkt moderat;negative Gewinnmarge | Free Cashflow negativ;MEDIUM RISK;NO;1;AVOID;Fundamentaldaten schwach
ARQQ;Arqit Quantum Inc.;USD;12.92 USD;12.92;14.76 USD;15.09 USD;17.28 USD;-12.46;-14.38;6.43;-23.82;-16.27;-18.84;-53.14;50.62;58.27 USD;58.27;-77.83;7.16;2.349;LOW;0.0%;-;-;-;14.79 USD;224839168.0;Micro Cap;-12.19;-;-;829.9%;8.3;-;-;0.0%;0.0;7.62;-19.7 Mio.;-19702876.0;-42.74 Mio.;-42745000.0;2;WEAK;5;OK;Umsatzwachstum positiv | Verschuldung wirkt moderat;negative Gewinnmarge | Free Cashflow negativ;MEDIUM RISK;NO;1;AVOID;Fundamentaldaten schwach
UPWK;Upwork Inc.;USD;8.88 USD;8.88;8.97 USD;10.06 USD;11.89 USD;-1.05;-11.81;1.31;-5.28;-16.35;-33.32;-54.67;51.89;22.11 USD;22.11;-59.86;4.38;0.987;LOW;0.0%;-;-;-;9.86 USD;1096223488.0;Small Cap;5.06;10.96;0.85;1.4%;0.01;-12.0%;-0.12;13.81%;0.14;66.62;172.28 Mio.;172279120.0;234.31 Mio.;234312992.0;7;VERY SOLID;8;GOOD;Forward KGV im gesunden Bereich | KGV nicht übertrieben | PEG Ratio attraktiv | Umsatzwachstum positiv | solide Gewinnmarge | Free Cashflow positiv | Verschuldung wirkt moderat;Gewinnwachstum negativ;LOW RISK;NO;1;AVOID;fundamental solide
LI;Li Auto Inc.;USD;14.64 USD;14.64;15.89 USD;16.91 USD;17.61 USD;-7.91;-13.43;3.06;0.65;-16.85;-13.3;-20.59;28.35;31.8 USD;31.8;-53.98;3.24;0.513;LOW;0.0%;-;-;-;16.57 USD;14851518464.0;Large Cap;14.22;-;0.82;-11.4%;-0.11;-;-;-1.66%;-0.02;25.12;-15.6 Mrd.;-15601390592.0;-13.0 Mrd.;-13001422848.0;3;MIXED;6;OK;Forward KGV im gesunden Bereich | PEG Ratio attraktiv | Verschuldung wirkt moderat;Umsatzwachstum negativ | negative Gewinnmarge | Free Cashflow negativ;LOW RISK;NO;1;AVOID;überverkauft
UEC;Uranium Energy Corp.;USD;12.92 USD;12.92;13.81 USD;14.1 USD;14.16 USD;-6.42;-8.36;2.13;-4.93;-17.13;-5.69;6.95;48.38;20.14 USD;20.14;-35.85;6.28;1.145;NORMAL;0.0%;-;-;-;13.82 USD;6333652480.0;Mid Cap;-775.04;-;1.37;-59.4%;-0.59;-;-;0.0%;0.0;0.13;-87.52 Mio.;-87524128.0;-116.63 Mio.;-116628000.0;2;WEAK;6;OK;PEG Ratio attraktiv | Verschuldung wirkt moderat;Umsatzwachstum negativ | negative Gewinnmarge | Free Cashflow negativ;LOW RISK;NO;1;AVOID;Fundamentaldaten schwach
DNN;Denison Mines Corp;USD;3.08 USD;3.08;3.39 USD;3.52 USD;3.5 USD;-9.27;-12.59;1.65;-10.2;-17.65;-20.62;20.31;43.88;4.37 USD;4.37;-29.52;4.05;1.595;LOW;0.0%;-;-;-;3.45 USD;2787452160.0;Mid Cap;-90.95;-;106.92;-19.6%;-0.2;-;-;0.0%;0.0;280.62;-95.89 Mio.;-95892000.0;-86.78 Mio.;-86779000.0;0;WEAK;6;OK;-;PEG Ratio hoch | Umsatzwachstum negativ | negative Gewinnmarge | Free Cashflow negativ | Verschuldung hoch;LOW RISK;NO;1;AVOID;Fundamentaldaten schwach
TOST;Toast, Inc.;USD;24.16 USD;24.16;25.1 USD;26.16 USD;28.05 USD;-3.78;-7.68;-1.97;-12.92;-17.78;-20.83;-27.98;57.94;49.3 USD;49.3;-51.0;3.97;1.762;LOW;0.0%;-;-;-;25.64 USD;14009900032.0;Large Cap;14.23;36.05;0.23;21.9%;0.22;123.0%;1.23;6.39%;0.06;0.85;588.12 Mio.;588124992.0;714.0 Mio.;714000000.0;6;SOLID;8;GOOD;Forward KGV im gesunden Bereich | PEG Ratio attraktiv | Umsatzwachstum positiv | Gewinnwachstum positiv | Gewinnmarge positiv | Free Cashflow positiv | Verschuldung wirkt moderat;-;LOW RISK;NO;1;AVOID;fundamental solide
OKLO;Oklo Inc.;USD;58.96 USD;58.96;65.41 USD;65.71 USD;69.37 USD;-9.87;-10.28;1.49;-11.86;-17.92;-4.96;-33.55;50.48;174.14 USD;174.14;-66.15;7.09;1.113;LOW;0.0%;-;-;-;64.4 USD;10257639424.0;Large Cap;-70.27;-;-;-;-;-;-;0.0%;0.0;0.1;-100.0 Mio.;-100000128.0;-87.8 Mio.;-87798000.0;1;WEAK;4;OK;Verschuldung wirkt moderat;negative Gewinnmarge | Free Cashflow negativ;LOW RISK;NO;1;AVOID;Fundamentaldaten schwach
PACB;Pacific Biosciences of Californ;USD;1.35 USD;1.35;1.43 USD;1.46 USD;1.55 USD;-5.47;-7.64;-6.9;-14.56;-18.18;-11.18;-43.51;62.2;2.67 USD;2.67;-49.44;5.95;2.323;LOW;0.0%;-;-;-;1.43 USD;419312288.0;Small Cap;-3.4;-;-;0.1%;0.0;-;-;-80.34%;-0.8;29855.79;-48.24 Mio.;-48237124.0;-111.84 Mio.;-111844000.0;1;WEAK;5;OK;Umsatzwachstum positiv;negative Gewinnmarge | Free Cashflow negativ | Verschuldung hoch;MEDIUM RISK;NO;1;AVOID;Fundamentaldaten schwach
UAVS;AgEagle Aerial Systems, Inc.;USD;0.96 USD;0.96;1.06 USD;1.06 USD;1.11 USD;-9.49;-9.84;0.72;-17.52;-18.22;-17.52;-25.25;47.84;2.98 USD;2.98;-67.89;4.52;2.701;LOW;0.0%;-;-;-;1.04 USD;56065724.0;Micro Cap;-;-;-;-61.6%;-0.62;-;-;-103.38%;-1.03;9.56;-8.23 Mio.;-8233502.0;-11.02 Mio.;-11024232.0;1;WEAK;4;OK;Verschuldung wirkt moderat;Umsatzwachstum negativ | negative Gewinnmarge | Free Cashflow negativ;MEDIUM RISK;NO;1;AVOID;Fundamentaldaten schwach
CEG;Constellation Energy Corporatio;USD;253.01 USD;253.01;276.89 USD;287.28 USD;297.59 USD;-8.62;-11.93;-0.71;-4.78;-18.59;-23.59;-29.34;45.82;402.32 USD;402.32;-37.11;3.3;1.091;LOW;0.68%;1.71 USD;15.05.2026;15.05.2026;281.53 USD;90350379008.0;Large Cap;18.59;21.96;3.74;63.8%;0.64;1091.0%;10.91;12.69%;0.13;66.43;-4.48 Mrd.;-4478875136.0;4.55 Mrd.;4554999808.0;6;SOLID;8;GOOD;Forward KGV im gesunden Bereich | KGV nicht übertrieben | Umsatzwachstum positiv | Gewinnwachstum positiv | solide Gewinnmarge | Verschuldung wirkt moderat | Dividende vorhanden;PEG Ratio hoch | Free Cashflow negativ;LOW RISK;NO;1;AVOID;fundamental solide
OPEN;Opendoor Technologies Inc;USD;4.32 USD;4.32;4.8 USD;4.92 USD;5.16 USD;-10.09;-12.31;-2.38;-18.74;-18.89;-16.7;-44.54;50.67;10.52 USD;10.52;-58.98;4.18;;LOW;0.0%;-;-;-;4.82 USD;4162838784.0;Mid Cap;-364.44;-;-;-37.6%;-0.38;-;-;-35.25%;-0.35;140.25;1.18 Mrd.;1177500032.0;1.08 Mrd.;1082000000.0;1;WEAK;5;OK;Free Cashflow positiv;Umsatzwachstum negativ | negative Gewinnmarge;LOW RISK;NO;1;AVOID;Fundamentaldaten schwach
ATS.TO;ATS CORPORATION;CAD;38.15 CAD;38.15;42.56 CAD;43.15 CAD;42.4 CAD;-10.37;-11.59;1.71;-6.7;-19.51;-10.59;7.43;37.33;48.99 CAD;48.99;-22.13;3.67;1.273;NORMAL;0.0%;-;-;-;42.29 CAD;3700822272.0;Mid Cap;16.94;52.26;-;30.1%;0.3;-;-;2.41%;0.02;81.87;353.98 Mio.;353975616.0;448.38 Mio.;448383008.0;4;MIXED;6;OK;Forward KGV im gesunden Bereich | Umsatzwachstum positiv | Gewinnmarge positiv | Free Cashflow positiv | Verschuldung wirkt moderat;KGV sehr hoch;LOW RISK;NO;1;AVOID;
ARCT;Arcturus Therapeutics Holdings ;USD;7.14 USD;7.14;7.67 USD;7.84 USD;8.14 USD;-6.88;-8.85;-2.12;-8.04;-19.72;-1.45;5.07;51.78;23.16 USD;23.16;-69.15;4.34;2.345;LOW;0.0%;-;-;-;7.68 USD;203082816.0;Micro Cap;-1.79;-;-;-93.0%;-0.93;-;-;-143.8%;-1.44;12.54;11.29 Mio.;11289250.0;-58.57 Mio.;-58574000.0;2;WEAK;5;OK;Free Cashflow positiv | Verschuldung wirkt moderat;Umsatzwachstum negativ | negative Gewinnmarge;MEDIUM RISK;NO;1;AVOID;Fundamentaldaten schwach
SQM;Sociedad Quimica y Minera S.A.;USD;72.65 USD;72.65;81.62 USD;82.47 USD;78.71 USD;-10.99;-11.91;-3.69;-12.91;-19.79;4.04;16.26;30.0;94.63 USD;94.63;-23.23;2.48;0.971;LOW;1.42%;1.03 USD;08.05.2026;08.05.2026;80.82 USD;20751587328.0;Large Cap;12.28;25.4;0.34;69.8%;0.7;165.2%;1.65;15.38%;0.15;63.39;1.71 Mrd.;1714752512.0;1.96 Mrd.;1961095936.0;8;VERY SOLID;8;GOOD;Forward KGV im gesunden Bereich | KGV nicht übertrieben | PEG Ratio attraktiv | Umsatzwachstum positiv | Gewinnwachstum positiv | solide Gewinnmarge | Free Cashflow positiv | Verschuldung wirkt moderat | Dividende vorhanden;-;LOW RISK;NO;1;AVOID;überverkauft, fundamental solide
QNTM;Quantum Biopharma Ltd.;USD;4.01 USD;4.01;5.63 USD;5.3 USD;5.7 USD;-28.73;-24.27;-5.87;-23.62;-19.96;11.7;-64.86;37.95;35.0 USD;35.0;-88.54;11.51;0.398;LOW;0.0%;-;-;-;5.19 USD;25658576.0;Micro Cap;-0.51;-;-;-;-;-;-;0.0%;0.0;-;2.16 Mio.;2158497.0;-5.64 Mio.;-5644918.0;1;WEAK;3;OK;Free Cashflow positiv;negative Gewinnmarge;LOW RISK;NO;1;AVOID;Fundamentaldaten schwach
SYM;Symbotic Inc.;USD;44.81 USD;44.81;49.49 USD;52.4 USD;54.57 USD;-9.46;-14.49;1.79;-7.42;-20.59;-15.77;-48.67;45.68;87.3 USD;87.3;-48.67;4.15;1.927;LOW;0.0%;-;-;-;51.36 USD;27048830976.0;Large Cap;62.38;-;2.88;23.1%;0.23;-;-;-0.29%;-0.0;2.72;331.21 Mio.;331211488.0;845.22 Mio.;845217984.0;3;MIXED;6;OK;Umsatzwachstum positiv | Free Cashflow positiv | Verschuldung wirkt moderat;Forward KGV sehr hoch | negative Gewinnmarge;MEDIUM RISK;NO;1;AVOID;
LEU;Centrus Energy Corp.;USD;163.81 USD;163.81;183.73 USD;193.86 USD;209.7 USD;-10.84;-15.5;1.25;-13.33;-20.6;-15.68;-35.56;45.24;436.0 USD;436.0;-62.43;5.83;1.339;LOW;0.0%;-;22.11.2005;22.11.2005;189.98 USD;3222600448.0;Mid Cap;41.26;59.57;2.87;4.9%;0.05;-71.9%;-0.72;13.4%;0.13;152.04;-10.88 Mio.;-10875000.0;-20.6 Mio.;-20600000.0;2;WEAK;8;OK;Umsatzwachstum positiv | solide Gewinnmarge;Forward KGV sehr hoch | KGV sehr hoch | Gewinnwachstum negativ | Free Cashflow negativ;MEDIUM RISK;NO;1;AVOID;Fundamentaldaten schwach
SOUN;SoundHound AI, Inc.;USD;7.53 USD;7.53;8.26 USD;8.23 USD;8.73 USD;-8.86;-8.56;1.83;-18.64;-21.85;-9.0;-36.33;38.66;21.4 USD;21.4;-64.83;5.33;2.735;NORMAL;0.0%;-;-;-;8.07 USD;3254427648.0;Mid Cap;-62.67;-;-;51.7%;0.52;-;-;-91.84%;-0.92;1.35;-16.69 Mio.;-16690625.0;-105.3 Mio.;-105295000.0;2;WEAK;5;OK;Umsatzwachstum positiv | Verschuldung wirkt moderat;negative Gewinnmarge | Free Cashflow negativ;MEDIUM RISK;NO;1;AVOID;Fundamentaldaten schwach
ALB;Albemarle Corporation;USD;150.37 USD;150.37;173.19 USD;178.0 USD;171.1 USD;-13.18;-15.52;-3.26;-12.13;-24.19;-8.05;19.13;21.43;215.62 USD;215.62;-30.26;3.05;1.309;NORMAL;1.08%;1.62 USD;12.06.2026;13.03.2026;174.44 USD;17733244928.0;Large Cap;12.45;-;0.95;32.7%;0.33;-;-;-4.24%;-0.04;19.84;716.71 Mio.;716711744.0;1.08 Mrd.;1081304064.0;5;SOLID;6;GOOD;Forward KGV im gesunden Bereich | PEG Ratio attraktiv | Umsatzwachstum positiv | Free Cashflow positiv | Verschuldung wirkt moderat | Dividende vorhanden;negative Gewinnmarge;LOW RISK;NO;1;AVOID;überverkauft, fundamental solide
CRCL;Circle Internet Group, Inc.;USD;82.44 USD;82.44;101.47 USD;102.84 USD;100.8 USD;-18.76;-19.84;2.69;-21.46;-27.21;-22.04;13.49;26.84;263.45 USD;263.45;-68.71;7.08;;LOW;0.0%;-;-;-;100.78 USD;22035445760.0;Large Cap;37.02;-;4.34;20.0%;0.2;-80.9%;-0.81;-2.76%;-0.03;0.43;-141.37 Mio.;-141372752.0;506.61 Mio.;506612000.0;2;WEAK;7;OK;Umsatzwachstum positiv | Verschuldung wirkt moderat;PEG Ratio hoch | Gewinnwachstum negativ | negative Gewinnmarge | Free Cashflow negativ;LOW RISK;NO;1;AVOID;überverkauft, Fundamentaldaten schwach
KC;Kingsoft Cloud Holdings Limited;USD;11.37 USD;11.37;13.54 USD;14.26 USD;14.1 USD;-16.0;-20.24;-2.74;-14.7;-28.98;-3.23;-8.67;27.27;18.21 USD;18.21;-37.56;5.57;1.948;LOW;0.0%;-;-;-;13.97 USD;3403833088.0;Mid Cap;-116.43;-;-;37.2%;0.37;-;-;-9.39%;-0.09;120.04;-2.25 Mrd.;-2246095872.0;4.75 Mrd.;4753396224.0;1;WEAK;5;OK;Umsatzwachstum positiv;negative Gewinnmarge | Free Cashflow negativ;MEDIUM RISK;NO;1;AVOID;überverkauft, Fundamentaldaten schwach
MVST;Microvast Holdings, Inc.;USD;1.24 USD;1.24;1.47 USD;1.67 USD;2.02 USD;-16.2;-26.09;-1.2;-15.41;-34.66;-41.75;-64.31;49.25;6.4 USD;6.4;-80.7;8.18;3.45;LOW;0.0%;-;-;-;1.64 USD;411449376.0;Small Cap;8.23;-;-;-48.0%;-0.48;-;-;-11.52%;-0.12;69.94;39.62 Mio.;39620248.0;45.94 Mio.;45943000.0;3;MIXED;5;OK;Forward KGV im gesunden Bereich | Free Cashflow positiv | Verschuldung wirkt moderat;Umsatzwachstum negativ | negative Gewinnmarge;MEDIUM RISK;NO;1;AVOID;
IAS;Integral Ad Science Holding Cor;USD;10.34 USD;10.34;10.34 USD;10.34 USD;10.34 USD;0.0;0.0;0.0;0.0;0.0;0.0;0.0;;10.34 USD;10.34;0.0;;1.573;NORMAL;0.0%;-;-;-;10.13 USD;1735615872.0;Small Cap;11.49;36.93;-;15.6%;0.16;-59.8%;-0.6;7.91%;0.08;2.24;128.33 Mio.;128329000.0;177.37 Mio.;177367008.0;4;MIXED;7;OK;Forward KGV im gesunden Bereich | Umsatzwachstum positiv | Gewinnmarge positiv | Free Cashflow positiv | Verschuldung wirkt moderat;Gewinnwachstum negativ;LOW RISK;NO;0;AVOID;
SCHW;Charles Schwab Corporation (The;USD;88.43 USD;88.43;88.88 USD;90.74 USD;92.52 USD;-0.51;-2.54;-0.46;-0.35;-0.84;-6.98;-3.0;37.5;106.47 USD;106.47;-16.94;1.58;0.773;LOW;1.45%;1.28 USD;08.05.2026;08.05.2026;88.92 USD;153793495040.0;Large Cap;12.25;17.58;1.09;15.8%;0.16;38.6%;0.39;37.99%;0.38;120.77;-;-;10.29 Mrd.;10293999616.0;6;SOLID;7;GOOD;Forward KGV im gesunden Bereich | KGV nicht übertrieben | PEG Ratio attraktiv | Umsatzwachstum positiv | Gewinnwachstum positiv | solide Gewinnmarge | Dividende vorhanden;-;LOW RISK;NO;0;AVOID;fundamental solide
NOC;Northrop Grumman Corporation;USD;537.65 USD;537.65;551.57 USD;586.05 USD;609.5 USD;-2.53;-8.26;-1.24;-0.29;-2.22;-27.03;-4.09;44.81;764.65 USD;764.65;-29.69;1.44;-0.121;LOW;1.75%;9.4 USD;01.06.2026;01.06.2026;574.33 USD;76363587584.0;Large Cap;17.84;16.85;4.05;4.4%;0.04;84.9%;0.85;10.8%;0.11;102.68;2.07 Mrd.;2071624960.0;4.67 Mrd.;4665999872.0;6;SOLID;8;GOOD;Forward KGV im gesunden Bereich | KGV nicht übertrieben | Umsatzwachstum positiv | Gewinnwachstum positiv | solide Gewinnmarge | Free Cashflow positiv | Dividende vorhanden;PEG Ratio hoch;LOW RISK;NO;0;AVOID;fundamental solide
INVZ;Innoviz Technologies Ltd.;USD;0.68 USD;0.68;0.73 USD;0.74 USD;0.84 USD;-7.48;-8.69;-2.82;-16.9;-2.4;-20.98;-44.56;43.17;2.38 USD;2.38;-71.58;6.48;1.434;LOW;0.0%;-;-;-;0.73 USD;149731504.0;Micro Cap;-3.17;-;-;110.3%;1.1;-;-;-123.06%;-1.23;45.36;-26.69 Mio.;-26686124.0;-47.92 Mio.;-47918000.0;2;WEAK;5;OK;Umsatzwachstum positiv | Verschuldung wirkt moderat;negative Gewinnmarge | Free Cashflow negativ;MEDIUM RISK;NO;0;AVOID;Fundamentaldaten schwach
6701.T;NEC CORP;JPY;4096.0 JPY;4096.0;4195.91 JPY;4231.28 JPY;4394.41 JPY;-2.38;-3.2;-3.69;-6.25;-2.48;-3.72;-28.48;40.31;6040.51 JPY;6040.51;-32.19;3.18;0.307;NORMAL;0.98%;40.0 JPY;29.09.2026;30.03.2027;4146.66 JPY;5441529053184.0;Mega Cap;5.7;20.19;0.34;-;-;-;-;7.54%;0.08;21.44;227.44 Mrd.;227444621312.0;438.46 Mrd.;438463004672.0;5;SOLID;6;GOOD;Forward KGV im gesunden Bereich | KGV nicht übertrieben | PEG Ratio attraktiv | Gewinnmarge positiv | Free Cashflow positiv | Verschuldung wirkt moderat | Dividende vorhanden;-;LOW RISK;NO;0;AVOID;fundamental solide
MA;Mastercard Incorporated;USD;485.69 USD;485.69;491.62 USD;499.31 USD;510.63 USD;-1.21;-2.73;-1.1;-1.93;-3.04;-7.27;-10.58;35.51;596.25 USD;596.25;-18.54;1.67;0.738;LOW;0.72%;3.48 USD;09.04.2026;09.04.2026;489.32 USD;429147848704.0;Mega Cap;21.33;28.09;1.57;15.8%;0.16;21.2%;0.21;45.88%;0.46;282.06;16.15 Mrd.;16148124672.0;18.27 Mrd.;18267000832.0;7;VERY SOLID;8;GOOD;Forward KGV im gesunden Bereich | KGV nicht übertrieben | PEG Ratio attraktiv | Umsatzwachstum positiv | Gewinnwachstum positiv | solide Gewinnmarge | Free Cashflow positiv | Dividende vorhanden;Verschuldung hoch;LOW RISK;NO;0;AVOID;fundamental solide
7203.T;TOYOTA MOTOR CORP;JPY;2822.5 JPY;2822.5;2950.96 JPY;3081.68 JPY;3165.41 JPY;-4.35;-8.41;-0.96;-2.86;-3.11;-27.37;-5.68;35.61;3886.14 JPY;3886.14;-27.37;1.88;0.306;NORMAL;3.54%;100.0 JPY;29.09.2026;30.03.2027;3020.04 JPY;36786726240256.0;Mega Cap;8.71;9.56;1.56;1.9%;0.02;23.2%;0.23;7.59%;0.08;105.33;-936.4 Mrd.;-936398225408.0;5472.92 Mrd.;5472919748608.0;5;SOLID;8;GOOD;Forward KGV im gesunden Bereich | KGV nicht übertrieben | PEG Ratio attraktiv | Umsatzwachstum positiv | Gewinnwachstum positiv | Gewinnmarge positiv | Dividende vorhanden;Free Cashflow negativ;LOW RISK;NO;0;AVOID;fundamental solide
VLA.PA;VALNEVA SE;EUR;2.31 EUR;2.31;2.48 EUR;2.73 EUR;3.12 EUR;-6.87;-15.45;-1.37;-7.78;-3.67;-50.66;-46.23;42.06;5.09 EUR;5.09;-54.58;4.0;;LOW;0.0%;-;-;-;2.68 EUR;438463680.0;Small Cap;8.84;-;-13.06;-37.2%;-0.37;-;-;-88.3%;-0.88;273.15;-31.01 Mio.;-31007750.0;-45.06 Mio.;-45059000.0;1;WEAK;6;OK;Forward KGV im gesunden Bereich;Umsatzwachstum negativ | negative Gewinnmarge | Free Cashflow negativ | Verschuldung hoch;LOW RISK;NO;0;AVOID;Fundamentaldaten schwach
ADBE;Adobe Inc.;USD;246.84 USD;246.84;251.32 USD;252.03 USD;264.32 USD;-1.78;-2.06;-1.83;-9.92;-3.77;-12.39;-22.26;44.89;416.26 USD;416.26;-40.7;2.73;1.404;LOW;0.0%;-;24.03.2005;24.03.2005;246.99 USD;99772727296.0;Large Cap;9.34;14.39;0.71;12.0%;0.12;11.1%;0.11;29.48%;0.29;58.34;9.32 Mrd.;9321374720.0;10.51 Mrd.;10506999808.0;8;VERY SOLID;8;GOOD;Forward KGV im gesunden Bereich | KGV nicht übertrieben | PEG Ratio attraktiv | Umsatzwachstum positiv | Gewinnwachstum positiv | solide Gewinnmarge | Free Cashflow positiv | Verschuldung wirkt moderat;-;LOW RISK;NO;0;AVOID;fundamental solide
BZ;KANZHUN LIMITED - American Depo;USD;13.6 USD;13.6;13.93 USD;14.21 USD;15.32 USD;-2.36;-4.23;-3.03;-3.1;-4.46;-12.45;-37.93;42.15;24.74 USD;24.74;-45.0;2.09;0.481;LOW;1.25%;0.17 USD;08.10.2025;08.10.2025;13.92 USD;6130746880.0;Mid Cap;9.32;12.83;0.18;7.6%;0.08;110.3%;1.1;40.1%;0.4;0.6;4.05 Mrd.;4053984256.0;4.74 Mrd.;4739364864.0;8;VERY SOLID;8;GOOD;Forward KGV im gesunden Bereich | KGV nicht übertrieben | PEG Ratio attraktiv | Umsatzwachstum positiv | Gewinnwachstum positiv | solide Gewinnmarge | Free Cashflow positiv | Verschuldung wirkt moderat | Dividende vorhanden;-;LOW RISK;NO;0;AVOID;fundamental solide
SE;Sea Limited;USD;84.5 USD;84.5;89.23 USD;90.16 USD;98.34 USD;-5.3;-6.28;-2.38;-11.29;-4.67;-11.54;-37.06;44.69;196.5 USD;196.5;-57.0;3.84;1.569;LOW;0.0%;-;-;-;88.36 USD;51754942464.0;Large Cap;15.94;33.27;1.23;46.6%;0.47;3.1%;0.03;6.36%;0.06;27.61;885.24 Mio.;885241600.0;5.33 Mrd.;5325496832.0;6;SOLID;8;GOOD;Forward KGV im gesunden Bereich | PEG Ratio attraktiv | Umsatzwachstum positiv | Gewinnwachstum positiv | Gewinnmarge positiv | Free Cashflow positiv | Verschuldung wirkt moderat;-;LOW RISK;NO;0;AVOID;fundamental solide
APAM;Artisan Partners Asset Manageme;USD;35.1 USD;35.1;36.89 USD;36.98 USD;37.62 USD;-4.85;-5.1;-5.62;-6.05;-4.7;-6.13;-11.09;39.32;44.03 USD;44.03;-20.28;1.73;1.66;NORMAL;9.66%;3.39 USD;15.05.2026;15.05.2026;36.24 USD;2491863296.0;Mid Cap;8.77;8.8;-;9.3%;0.09;-7.5%;-0.07;23.49%;0.23;60.23;289.94 Mio.;289936736.0;195.87 Mio.;195871008.0;6;SOLID;7;GOOD;Forward KGV im gesunden Bereich | KGV nicht übertrieben | Umsatzwachstum positiv | solide Gewinnmarge | Free Cashflow positiv | Verschuldung wirkt moderat | Dividende vorhanden;Gewinnwachstum negativ;LOW RISK;NO;0;AVOID;fundamental solide
META;Meta Platforms, Inc.;USD;587.1 USD;587.1;613.4 USD;621.09 USD;631.61 USD;-4.29;-5.47;-0.99;-2.23;-4.82;-11.05;-7.19;41.93;788.15 USD;788.15;-25.51;2.46;1.229;LOW;0.36%;2.1 USD;15.06.2026;16.03.2026;608.67 USD;1490308562944.0;Mega Cap;16.24;21.33;0.86;33.1%;0.33;62.4%;0.62;32.84%;0.33;35.61;25.56 Mrd.;25558249472.0;124.0 Mrd.;124000002048.0;8;VERY SOLID;8;GOOD;Forward KGV im gesunden Bereich | KGV nicht übertrieben | PEG Ratio attraktiv | Umsatzwachstum positiv | Gewinnwachstum positiv | solide Gewinnmarge | Free Cashflow positiv | Verschuldung wirkt moderat | Dividende vorhanden;-;LOW RISK;NO;0;AVOID;fundamental solide
RBLX;Roblox Corporation;USD;42.58 USD;42.58;45.52 USD;50.4 USD;59.52 USD;-6.46;-15.51;1.82;-9.4;-4.91;-35.56;-54.08;36.57;141.56 USD;141.56;-69.92;4.95;1.444;LOW;0.0%;-;-;-;49.39 USD;30486376448.0;Large Cap;-33.23;-;8.18;39.3%;0.39;-;-;-20.69%;-0.21;435.04;1.2 Mrd.;1203860608.0;1.98 Mrd.;1981357952.0;2;WEAK;6;OK;Umsatzwachstum positiv | Free Cashflow positiv;PEG Ratio hoch | negative Gewinnmarge | Verschuldung hoch;LOW RISK;NO;0;AVOID;Fundamentaldaten schwach
TM;Toyota Motor Corporation;USD;179.03 USD;179.03;185.86 USD;194.64 USD;202.11 USD;-3.68;-8.02;1.06;-2.13;-5.28;-19.17;-11.56;34.29;248.29 USD;248.29;-27.89;1.55;0.306;NORMAL;3.5%;6.27 USD;31.03.2026;31.03.2025;190.74 USD;233336668160.0;Mega Cap;11.35;9.7;1.56;1.9%;0.02;23.2%;0.23;7.59%;0.08;105.33;-936.4 Mrd.;-936398225408.0;5472.92 Mrd.;5472919748608.0;5;SOLID;8;GOOD;Forward KGV im gesunden Bereich | KGV nicht übertrieben | PEG Ratio attraktiv | Umsatzwachstum positiv | Gewinnwachstum positiv | Gewinnmarge positiv | Dividende vorhanden;Free Cashflow negativ;LOW RISK;NO;0;AVOID;überverkauft, fundamental solide
HSY;The Hershey Company;USD;175.79 USD;175.79;187.63 USD;192.4 USD;194.83 USD;-6.31;-8.63;-4.76;-5.69;-5.3;-21.82;-5.26;31.89;234.48 USD;234.48;-25.03;1.92;0.081;NORMAL;3.31%;5.81 USD;15.05.2026;15.05.2026;188.55 USD;35657834496.0;Large Cap;17.72;32.74;1.07;10.6%;0.11;93.6%;0.94;9.12%;0.09;120.01;1.53 Mrd.;1527240576.0;2.35 Mrd.;2349490944.0;5;SOLID;8;GOOD;Forward KGV im gesunden Bereich | PEG Ratio attraktiv | Umsatzwachstum positiv | Gewinnwachstum positiv | Gewinnmarge positiv | Free Cashflow positiv | Dividende vorhanden;-;LOW RISK;NO;0;AVOID;überverkauft, fundamental solide
COF;Capital One Financial Corporati;USD;181.35 USD;181.35;184.98 USD;188.82 USD;195.41 USD;-1.96;-3.96;0.38;-1.74;-5.43;-6.25;-15.93;43.18;255.86 USD;255.86;-29.12;1.56;1.037;LOW;1.76%;3.2 USD;19.05.2026;19.05.2026;185.05 USD;112852803584.0;Large Cap;7.47;55.8;0.19;46.3%;0.46;-3.2%;-0.03;8.88%;0.09;-;-;-;29.07 Mrd.;29073999872.0;3;MIXED;6;OK;Forward KGV im gesunden Bereich | PEG Ratio attraktiv | Umsatzwachstum positiv | Gewinnmarge positiv | Dividende vorhanden;KGV sehr hoch | Gewinnwachstum negativ;LOW RISK;NO;0;AVOID;
EVD.DE;CTS Eventim AG & Co. KGaA     I;EUR;51.4 EUR;51.4;55.6 EUR;56.76 EUR;60.72 EUR;-7.56;-9.45;-5.34;-15.94;-5.51;-19.87;-37.05;41.83;105.09 EUR;105.09;-51.09;3.07;1.14;HIGH;2.8%;1.44 EUR;28.05.2026;28.05.2026;55.63 EUR;4933952512.0;Mid Cap;14.15;16.74;1.65;23.0%;0.23;38.2%;0.38;9.23%;0.09;9.56;104.07 Mio.;104070752.0;332.59 Mio.;332588992.0;7;VERY SOLID;8;GOOD;Forward KGV im gesunden Bereich | KGV nicht übertrieben | PEG Ratio attraktiv | Umsatzwachstum positiv | Gewinnwachstum positiv | Gewinnmarge positiv | Free Cashflow positiv | Verschuldung wirkt moderat | Dividende vorhanden;-;LOW RISK;NO;0;AVOID;hohes Volumen, fundamental solide
TU;Telus Corporation;USD;12.17 USD;12.17;12.41 USD;12.55 USD;12.83 USD;-1.95;-3.03;-1.14;-3.03;-5.59;-9.72;-4.09;43.81;16.26 USD;16.26;-25.14;1.09;0.73;LOW;10.11%;1.23 USD;10.06.2026;11.03.2026;12.3 USD;19001616384.0;Large Cap;16.77;28.3;0.9;-0.6%;-0.01;-58.5%;-0.58;4.57%;0.05;190.14;2.37 Mrd.;2369625088.0;4.84 Mrd.;4839000064.0;4;MIXED;8;OK;Forward KGV im gesunden Bereich | KGV nicht übertrieben | PEG Ratio attraktiv | Gewinnmarge positiv | Free Cashflow positiv | Dividende vorhanden;Umsatzwachstum negativ | Gewinnwachstum negativ;LOW RISK;NO;0;AVOID;
EQT;EQT Corporation;USD;53.04 USD;53.04;55.77 USD;57.28 USD;57.62 USD;-4.88;-7.39;-1.31;-4.01;-5.65;-13.74;-9.59;31.59;67.74 USD;67.74;-21.69;1.64;0.543;LOW;1.24%;0.66 USD;06.05.2026;06.05.2026;56.13 USD;33178480640.0;Large Cap;11.45;10.07;2.44;49.9%;0.5;490.0%;4.9;35.07%;0.35;20.82;2.5 Mrd.;2503225856.0;6.44 Mrd.;6439832064.0;7;VERY SOLID;8;GOOD;Forward KGV im gesunden Bereich | KGV nicht übertrieben | Umsatzwachstum positiv | Gewinnwachstum positiv | solide Gewinnmarge | Free Cashflow positiv | Verschuldung wirkt moderat | Dividende vorhanden;-;LOW RISK;NO;0;AVOID;überverkauft, fundamental solide
ORC;Orchid Island Capital, Inc.;USD;6.45 USD;6.45;6.72 USD;6.8 USD;6.82 USD;-3.96;-5.05;-2.93;-4.79;-5.77;-8.63;-1.15;37.37;7.73 USD;7.73;-16.52;1.13;1.554;NORMAL;18.59%;1.2 USD;29.05.2026;29.05.2026;6.66 USD;1295519872.0;Small Cap;4.69;6.79;-;-;-;-;-;83.76%;0.84;780.66;-;-;143.28 Mio.;143284992.0;3;MIXED;4;OK;Forward KGV im gesunden Bereich | KGV nicht übertrieben | solide Gewinnmarge | Dividende vorhanden;Verschuldung hoch;LOW RISK;NO;0;AVOID;
BILL;BILL Holdings, Inc.;USD;35.42 USD;35.42;37.06 USD;38.44 USD;40.76 USD;-4.42;-7.85;-1.52;-10.34;-5.93;-21.5;-28.49;39.97;56.31 USD;56.31;-37.09;3.75;1.179;LOW;0.0%;-;-;-;37.67 USD;3528214016.0;Mid Cap;10.61;inf;0.36;13.5%;0.14;-;-;0.01%;0.0;49.59;167.61 Mio.;167608256.0;388.66 Mio.;388662016.0;5;SOLID;7;GOOD;Forward KGV im gesunden Bereich | PEG Ratio attraktiv | Umsatzwachstum positiv | Gewinnmarge positiv | Free Cashflow positiv | Verschuldung wirkt moderat;KGV sehr hoch;LOW RISK;NO;0;AVOID;fundamental solide
NFLX;Netflix, Inc.;USD;82.71 USD;82.71;86.05 USD;89.22 USD;91.95 USD;-3.89;-7.3;0.64;-3.66;-6.28;-16.6;-22.08;20.41;133.91 USD;133.91;-38.24;1.45;1.491;LOW;0.0%;-;-;-;87.43 USD;348254109696.0;Mega Cap;21.53;26.68;1.61;16.2%;0.16;86.4%;0.86;28.52%;0.29;53.79;25.99 Mrd.;25993676800.0;12.65 Mrd.;12650278912.0;8;VERY SOLID;8;GOOD;Forward KGV im gesunden Bereich | KGV nicht übertrieben | PEG Ratio attraktiv | Umsatzwachstum positiv | Gewinnwachstum positiv | solide Gewinnmarge | Free Cashflow positiv | Verschuldung wirkt moderat;-;LOW RISK;NO;0;AVOID;überverkauft, fundamental solide
BLK;BlackRock, Inc.;USD;993.47 USD;993.47;1031.8 USD;1034.44 USD;1037.85 USD;-3.71;-3.96;-0.21;-2.12;-6.43;-2.93;-2.94;31.38;1183.47 USD;1183.47;-16.05;1.69;1.434;LOW;2.31%;22.92 USD;05.06.2026;05.06.2026;1013.75 USD;161784299520.0;Large Cap;16.38;25.01;1.26;27.0%;0.27;45.9%;0.46;24.4%;0.24;23.64;7.08 Mrd.;7082375168.0;4.08 Mrd.;4075000064.0;8;VERY SOLID;8;GOOD;Forward KGV im gesunden Bereich | KGV nicht übertrieben | PEG Ratio attraktiv | Umsatzwachstum positiv | Gewinnwachstum positiv | solide Gewinnmarge | Free Cashflow positiv | Verschuldung wirkt moderat | Dividende vorhanden;-;LOW RISK;NO;0;AVOID;überverkauft, fundamental solide
SGLN.L;ISHARES PHYSICAL METALS PLC ISH;GBp;6303.0 GBp;6303.0;6505.84 GBp;6648.29 GBp;6662.29 GBp;-3.12;-5.19;-0.06;-2.45;-6.73;-15.55;3.21;33.21;7690.0 GBp;7690.0;-18.04;1.11;;NORMAL;0.0%;-;-;-;6515.32 GBp;;UNKNOWN;-;-;-;-;-;-;-;-;-;-;-;-;-;-;0;UNKNOWN;0;LOW;-;Fundamentaldaten unvollständig;LOW RISK;NO;0;AVOID;überverkauft, Fundamentaldaten unvollständig
HII;Huntington Ingalls Industries, ;USD;292.01 USD;292.01;312.65 USD;340.3 USD;354.03 USD;-6.6;-14.19;-0.35;-1.49;-6.82;-30.37;-5.99;21.63;451.78 USD;451.78;-35.37;2.53;0.232;LOW;1.89%;5.52 USD;29.05.2026;29.05.2026;333.49 USD;11506172928.0;Large Cap;14.34;18.99;1.07;13.4%;0.13;0.0%;0.0;4.71%;0.05;56.95;634.12 Mio.;634124992.0;1.2 Mrd.;1200999936.0;6;SOLID;8;GOOD;Forward KGV im gesunden Bereich | KGV nicht übertrieben | PEG Ratio attraktiv | Umsatzwachstum positiv | Gewinnmarge positiv | Free Cashflow positiv | Verschuldung wirkt moderat | Dividende vorhanden;Gewinnwachstum negativ;LOW RISK;NO;0;AVOID;überverkauft, fundamental solide
BNTX;BioNTech SE;USD;86.6 USD;86.6;91.43 USD;94.25 USD;96.79 USD;-5.29;-8.12;-1.68;-5.56;-6.9;-15.06;-15.68;44.6;119.34 USD;119.34;-27.43;2.09;1.324;LOW;0.0%;-;02.06.2022;02.06.2022;92.37 USD;21899776000.0;Large Cap;-16.75;-;0.05;-35.4%;-0.35;-;-;-44.64%;-0.45;1.62;-428.11 Mio.;-428112512.0;815.7 Mio.;815699968.0;2;WEAK;6;OK;PEG Ratio attraktiv | Verschuldung wirkt moderat;Umsatzwachstum negativ | negative Gewinnmarge | Free Cashflow negativ;LOW RISK;NO;0;AVOID;Fundamentaldaten schwach
KKR;KKR & Co. Inc.;USD;93.12 USD;93.12;95.32 USD;97.14 USD;101.48 USD;-2.31;-4.14;-0.3;-1.99;-7.01;-2.39;-22.64;43.58;151.16 USD;151.16;-38.39;2.16;1.791;LOW;0.81%;0.75 USD;15.05.2026;15.05.2026;95.19 USD;86828957696.0;Large Cap;12.59;31.67;0.51;-6.6%;-0.07;-;-;11.68%;0.12;69.03;-;-;-325.3 Mio.;-325296000.0;4;MIXED;6;OK;Forward KGV im gesunden Bereich | PEG Ratio attraktiv | solide Gewinnmarge | Verschuldung wirkt moderat | Dividende vorhanden;Umsatzwachstum negativ;LOW RISK;NO;0;AVOID;
GPN;Global Payments Inc.;USD;65.04 USD;65.04;70.13 USD;70.4 USD;71.78 USD;-7.25;-7.62;-1.93;-13.81;-7.26;-16.65;-12.69;40.33;89.18 USD;89.18;-27.07;2.34;0.767;LOW;1.54%;1.0 USD;12.06.2026;09.03.2026;68.99 USD;17791270912.0;Large Cap;4.02;23.91;0.19;63.1%;0.63;-;-;-7.97%;-0.08;95.59;7.12 Mrd.;7124387840.0;1.81 Mrd.;1812647040.0;6;SOLID;7;GOOD;Forward KGV im gesunden Bereich | KGV nicht übertrieben | PEG Ratio attraktiv | Umsatzwachstum positiv | Free Cashflow positiv | Verschuldung wirkt moderat | Dividende vorhanden;negative Gewinnmarge;LOW RISK;NO;0;AVOID;fundamental solide
TMUS;T-Mobile US, Inc.;USD;178.53 USD;178.53;186.19 USD;191.68 USD;196.98 USD;-4.11;-6.86;0.24;-4.4;-7.57;-18.61;-12.75;29.0;254.22 USD;254.22;-29.77;1.91;0.301;LOW;2.29%;4.08 USD;29.05.2026;29.05.2026;187.84 USD;193205993472.0;Large Cap;12.78;18.99;0.71;10.6%;0.11;-12.0%;-0.12;11.65%;0.12;218.57;11.15 Mrd.;11147374592.0;28.32 Mrd.;28324999168.0;6;SOLID;8;GOOD;Forward KGV im gesunden Bereich | KGV nicht übertrieben | PEG Ratio attraktiv | Umsatzwachstum positiv | solide Gewinnmarge | Free Cashflow positiv | Dividende vorhanden;Gewinnwachstum negativ | Verschuldung hoch;LOW RISK;NO;0;AVOID;überverkauft, fundamental solide
TYL;Tyler Technologies, Inc.;USD;305.89 USD;305.89;313.96 USD;325.97 USD;351.22 USD;-2.57;-6.16;-1.98;-7.26;-7.61;-16.39;-34.35;42.47;611.76 USD;611.76;-50.0;2.72;0.814;LOW;0.0%;-;31.01.1990;31.01.1990;319.45 USD;12584484864.0;Large Cap;21.35;42.25;1.51;8.6%;0.09;2.2%;0.02;13.26%;0.13;1.35;544.49 Mio.;544489280.0;704.65 Mio.;704646976.0;7;VERY SOLID;8;GOOD;Forward KGV im gesunden Bereich | PEG Ratio attraktiv | Umsatzwachstum positiv | Gewinnwachstum positiv | solide Gewinnmarge | Free Cashflow positiv | Verschuldung wirkt moderat;-;LOW RISK;NO;0;AVOID;fundamental solide
SCM;Stellus Capital Investment Corp;USD;8.81 USD;8.81;9.01 USD;9.26 USD;9.74 USD;-2.18;-4.84;0.92;-2.76;-8.04;-8.61;-22.2;43.68;13.6 USD;13.6;-35.22;1.56;0.63;LOW;16.8%;1.48 USD;30.06.2026;29.05.2026;9.07 USD;255025312.0;Micro Cap;8.71;10.61;-;-6.6%;-0.07;-68.4%;-0.68;23.59%;0.24;170.3;30.83 Mio.;30834520.0;35.28 Mio.;35277648.0;4;MIXED;7;OK;Forward KGV im gesunden Bereich | KGV nicht übertrieben | solide Gewinnmarge | Free Cashflow positiv | Dividende vorhanden;Umsatzwachstum negativ | Gewinnwachstum negativ;LOW RISK;NO;0;AVOID;
UBER;Uber Technologies, Inc.;USD;70.49 USD;70.49;72.51 USD;73.72 USD;75.92 USD;-2.79;-4.39;-0.31;-4.45;-8.13;-6.56;-17.71;34.83;100.1 USD;100.1;-29.58;2.36;1.12;LOW;0.0%;-;-;-;72.25 USD;143489368064.0;Large Cap;16.13;17.49;5.74;14.5%;0.14;-84.6%;-0.85;15.91%;0.16;48.11;6.54 Mrd.;6536625152.0;10.13 Mrd.;10126000128.0;6;SOLID;8;GOOD;Forward KGV im gesunden Bereich | KGV nicht übertrieben | Umsatzwachstum positiv | solide Gewinnmarge | Free Cashflow positiv | Verschuldung wirkt moderat;PEG Ratio hoch | Gewinnwachstum negativ;LOW RISK;NO;0;AVOID;überverkauft, fundamental solide
8001.T;ITOCHU CORP;JPY;1844.0 JPY;1844.0;1918.81 JPY;1963.56 JPY;1966.26 JPY;-3.9;-6.09;-1.57;-1.89;-8.26;-16.44;3.85;22.65;2245.79 JPY;2245.79;-17.89;1.53;0.549;NORMAL;2.39%;44.0 JPY;29.09.2026;30.03.2027;1924.29 JPY;12889399230464.0;Mega Cap;2.85;14.41;2.25;4.1%;0.04;-3.0%;-0.03;6.07%;0.06;66.19;540.27 Mrd.;540266758144.0;1131.84 Mrd.;1131836997632.0;5;SOLID;8;GOOD;Forward KGV im gesunden Bereich | KGV nicht übertrieben | Umsatzwachstum positiv | Gewinnmarge positiv | Free Cashflow positiv | Verschuldung wirkt moderat | Dividende vorhanden;Gewinnwachstum negativ;LOW RISK;NO;0;AVOID;überverkauft, fundamental solide
CPRT;Copart, Inc.;USD;30.97 USD;30.97;32.24 USD;33.25 USD;34.95 USD;-3.93;-6.86;0.03;-4.18;-8.59;-18.54;-20.08;33.06;50.5 USD;50.5;-38.67;1.66;1.002;LOW;0.0%;-;-;-;32.58 USD;29833660416.0;Large Cap;18.37;19.24;3.72;2.1%;0.02;2.3%;0.02;33.48%;0.33;1.06;999.98 Mio.;999977152.0;1.69 Mrd.;1685426944.0;7;VERY SOLID;8;GOOD;Forward KGV im gesunden Bereich | KGV nicht übertrieben | Umsatzwachstum positiv | Gewinnwachstum positiv | solide Gewinnmarge | Free Cashflow positiv | Verschuldung wirkt moderat;PEG Ratio hoch;LOW RISK;NO;0;AVOID;überverkauft, fundamental solide
DIS;Walt Disney Company (The);USD;99.17 USD;99.17;102.01 USD;102.59 USD;103.84 USD;-2.78;-3.34;-0.54;-3.58;-8.73;-3.16;-3.47;32.39;123.18 USD;123.18;-19.49;1.92;1.394;LOW;1.51%;1.5 USD;30.06.2026;15.12.2025;100.54 USD;172209848320.0;Large Cap;13.24;15.87;2.33;6.5%;0.07;-29.8%;-0.3;11.54%;0.12;41.07;3.75 Mrd.;3751375104.0;15.79 Mrd.;15792000000.0;6;SOLID;8;GOOD;Forward KGV im gesunden Bereich | KGV nicht übertrieben | Umsatzwachstum positiv | solide Gewinnmarge | Free Cashflow positiv | Verschuldung wirkt moderat | Dividende vorhanden;Gewinnwachstum negativ;LOW RISK;NO;0;AVOID;überverkauft, fundamental solide
002594.SZ;BYD COMPANY LIMITED;CNY;91.19 CNY;91.19;95.56 CNY;97.5 CNY;98.17 CNY;-4.57;-6.48;-1.96;-2.63;-8.83;-4.22;-4.18;37.56;119.24 CNY;119.24;-23.52;1.78;0.256;NORMAL;1.45%;1.32 CNY;29.07.2025;29.07.2025;95.55 CNY;831397232640.0;Mega Cap;16.25;46.76;0.9;-11.8%;-0.12;-56.9%;-0.57;3.52%;0.04;55.07;-117.09 Mrd.;-117094318080.0;53.34 Mrd.;53344886784.0;3;MIXED;8;OK;Forward KGV im gesunden Bereich | PEG Ratio attraktiv | Gewinnmarge positiv | Verschuldung wirkt moderat | Dividende vorhanden;KGV sehr hoch | Umsatzwachstum negativ | Gewinnwachstum negativ | Free Cashflow negativ;LOW RISK;NO;0;AVOID;
4X0.VI;Steyr Motors AG;EUR;35.12 EUR;35.12;36.86 EUR;38.07 EUR;39.48 EUR;-4.71;-7.74;-1.29;-2.82;-9.48;-18.54;24.93;36.03;62.19 EUR;62.19;-43.52;2.15;;LOW;0.71%;0.25 EUR;15.04.2026;15.04.2026;37.31 EUR;182624000.0;Micro Cap;-;46.83;-;15.7%;0.16;-34.7%;-0.35;8.01%;0.08;54.25;-3.31 Mio.;-3313125.0;4.47 Mio.;4469000.0;2;WEAK;6;OK;Umsatzwachstum positiv | Gewinnmarge positiv | Verschuldung wirkt moderat | Dividende vorhanden;KGV sehr hoch | Gewinnwachstum negativ | Free Cashflow negativ;LOW RISK;NO;0;AVOID;Fundamentaldaten schwach
GDDY;GoDaddy Inc.;USD;81.11 USD;81.11;86.74 USD;87.55 USD;93.05 USD;-6.49;-7.36;-3.88;-12.78;-9.63;-12.91;-36.16;32.81;180.07 USD;180.07;-54.96;2.9;0.889;LOW;0.0%;-;-;-;85.8 USD;10739763200.0;Large Cap;7.53;12.85;0.68;6.1%;0.06;6.0%;0.06;17.32%;0.17;1621.62;1.35 Mrd.;1347612544.0;1.67 Mrd.;1666200064.0;7;VERY SOLID;8;GOOD;Forward KGV im gesunden Bereich | KGV nicht übertrieben | PEG Ratio attraktiv | Umsatzwachstum positiv | Gewinnwachstum positiv | solide Gewinnmarge | Free Cashflow positiv;Verschuldung hoch;LOW RISK;NO;0;AVOID;überverkauft, fundamental solide
CMCSA;Comcast Corporation;USD;23.67 USD;23.67;24.88 USD;26.26 USD;27.19 USD;-4.83;-9.85;-0.61;-5.49;-9.78;-24.21;-2.69;32.35;32.62 USD;32.62;-27.42;1.5;0.658;LOW;5.58%;1.32 USD;01.07.2026;01.04.2026;25.74 USD;84572512256.0;Large Cap;6.26;4.64;142.98;5.3%;0.05;-32.6%;-0.33;15.0%;0.15;106.86;4.01 Mrd.;4013125120.0;32.24 Mrd.;32240001024.0;5;SOLID;8;GOOD;Forward KGV im gesunden Bereich | KGV nicht übertrieben | Umsatzwachstum positiv | solide Gewinnmarge | Free Cashflow positiv | Dividende vorhanden;PEG Ratio hoch | Gewinnwachstum negativ;LOW RISK;NO;0;AVOID;überverkauft, fundamental solide
DASH;DoorDash, Inc.;USD;154.14 USD;154.14;159.2 USD;164.08 USD;174.82 USD;-3.18;-6.06;-1.7;-6.46;-10.04;-15.99;-21.35;42.51;281.74 USD;281.74;-45.29;2.89;1.811;LOW;0.0%;-;-;-;160.8 USD;67161681920.0;Large Cap;19.71;72.71;3.2;33.1%;0.33;-6.1%;-0.06;6.29%;0.06;32.19;2.3 Mrd.;2295624960.0;2.39 Mrd.;2390000128.0;4;MIXED;8;OK;Forward KGV im gesunden Bereich | Umsatzwachstum positiv | Gewinnmarge positiv | Free Cashflow positiv | Verschuldung wirkt moderat;KGV sehr hoch | PEG Ratio hoch | Gewinnwachstum negativ;LOW RISK;NO;0;AVOID;
ADSK;Autodesk, Inc.;USD;225.66 USD;225.66;236.29 USD;239.58 USD;247.74 USD;-4.5;-5.81;-1.87;-9.07;-10.11;-14.56;-25.12;37.35;326.79 USD;326.79;-30.95;2.48;1.295;LOW;0.0%;-;22.03.2005;22.03.2005;234.79 USD;47647035392.0;Large Cap;15.82;32.94;0.88;18.4%;0.18;231.4%;2.31;19.49%;0.19;85.42;3.06 Mrd.;3060999936.0;2.78 Mrd.;2780999936.0;7;VERY SOLID;8;GOOD;Forward KGV im gesunden Bereich | PEG Ratio attraktiv | Umsatzwachstum positiv | Gewinnwachstum positiv | solide Gewinnmarge | Free Cashflow positiv | Verschuldung wirkt moderat;-;LOW RISK;NO;0;AVOID;fundamental solide
JUN3.DE;JUNGHEINRICH AG               I;EUR;23.0 EUR;23.0;24.48 EUR;26.04 EUR;28.09 EUR;-6.04;-11.68;-2.71;-4.64;-10.21;-25.07;-30.53;34.99;42.24 EUR;42.24;-45.55;1.97;1.735;HIGH;1.26%;0.29 EUR;20.05.2026;20.05.2026;25.52 EUR;2345999872.0;Mid Cap;7.4;8.27;2.77;-2.5%;-0.03;-;-;1.11%;0.01;130.81;-;-;-;-;2;WEAK;6;OK;Forward KGV im gesunden Bereich | KGV nicht übertrieben | Gewinnmarge positiv | Dividende vorhanden;Umsatzwachstum negativ;LOW RISK;NO;0;AVOID;überverkauft, hohes Volumen, Fundamentaldaten schwach
NOG;Northern Oil and Gas, Inc.;USD;21.44 USD;21.44;22.87 USD;24.36 USD;24.77 USD;-6.22;-11.96;2.22;-4.14;-10.38;-23.21;1.09;26.24;30.37 USD;30.37;-29.39;2.71;0.686;LOW;8.39%;1.8 USD;29.06.2026;30.03.2026;23.87 USD;2332876032.0;Mid Cap;5.17;-;0.65;-7.1%;-0.07;-;-;-32.36%;-0.32;142.99;-13.38 Mio.;-13380500.0;1.42 Mrd.;1421476992.0;2;WEAK;6;OK;Forward KGV im gesunden Bereich | PEG Ratio attraktiv | Dividende vorhanden;Umsatzwachstum negativ | negative Gewinnmarge | Free Cashflow negativ;LOW RISK;NO;0;AVOID;überverkauft, Fundamentaldaten schwach
T;AT&T Inc.;USD;22.63 USD;22.63;24.35 USD;25.29 USD;25.71 USD;-7.06;-10.5;-0.52;-7.81;-10.4;-21.06;-10.39;26.94;28.8 USD;28.8;-21.41;1.55;0.395;LOW;4.9%;1.11 USD;10.04.2026;10.04.2026;24.78 USD;157258268672.0;Large Cap;8.87;7.44;1.59;2.9%;0.03;-11.3%;-0.11;16.94%;0.17;125.17;8.85 Mrd.;8849000448.0;38.79 Mrd.;38791999488.0;6;SOLID;8;GOOD;Forward KGV im gesunden Bereich | KGV nicht übertrieben | PEG Ratio attraktiv | Umsatzwachstum positiv | solide Gewinnmarge | Free Cashflow positiv | Dividende vorhanden;Gewinnwachstum negativ;LOW RISK;NO;0;AVOID;überverkauft, fundamental solide
PYPL;PayPal Holdings, Inc.;USD;41.16 USD;41.16;44.03 USD;45.6 USD;48.1 USD;-6.53;-9.74;-0.31;-8.62;-10.65;-13.32;-33.01;29.68;77.55 USD;77.55;-46.92;1.92;1.336;LOW;1.36%;0.56 USD;04.06.2026;04.06.2026;44.69 USD;36307460096.0;Large Cap;7.15;7.72;0.74;7.2%;0.07;-6.2%;-0.06;15.0%;0.15;58.28;4.08 Mrd.;4083500032.0;6.39 Mrd.;6390000128.0;7;VERY SOLID;8;GOOD;Forward KGV im gesunden Bereich | KGV nicht übertrieben | PEG Ratio attraktiv | Umsatzwachstum positiv | solide Gewinnmarge | Free Cashflow positiv | Verschuldung wirkt moderat | Dividende vorhanden;Gewinnwachstum negativ;LOW RISK;NO;0;AVOID;überverkauft, fundamental solide
ICE;Intercontinental Exchange Inc.;USD;139.32 USD;139.32;147.81 USD;153.13 USD;156.56 USD;-5.75;-9.02;-1.54;-3.89;-10.76;-14.77;-10.3;18.96;186.76 USD;186.76;-25.4;1.27;0.922;LOW;1.49%;2.08 USD;15.06.2026;17.03.2026;150.07 USD;78787207168.0;Large Cap;15.8;20.25;2.19;20.4%;0.2;79.7%;0.8;37.67%;0.38;70.99;3.74 Mrd.;3743124992.0;5.02 Mrd.;5022000128.0;7;VERY SOLID;8;GOOD;Forward KGV im gesunden Bereich | KGV nicht übertrieben | Umsatzwachstum positiv | Gewinnwachstum positiv | solide Gewinnmarge | Free Cashflow positiv | Verschuldung wirkt moderat | Dividende vorhanden;-;LOW RISK;NO;0;AVOID;überverkauft, fundamental solide
STEM;Stem, Inc.;USD;7.78 USD;7.78;9.3 USD;9.96 USD;11.28 USD;-16.32;-21.88;1.04;-23.35;-10.88;-36.12;-52.47;40.97;29.79 USD;29.79;-73.88;6.1;1.435;NORMAL;0.0%;-;-;-;9.76 USD;69685096.0;Micro Cap;-1.34;-;-;-10.8%;-0.11;-;-;94.16%;0.94;-;140250.0;140250.0;-9.99 Mio.;-9992000.0;2;WEAK;4;OK;solide Gewinnmarge | Free Cashflow positiv;Umsatzwachstum negativ;MEDIUM RISK;NO;0;AVOID;Fundamentaldaten schwach
CMG;Chipotle Mexican Grill, Inc.;USD;29.5 USD;29.5;31.18 USD;32.62 USD;34.07 USD;-5.36;-9.55;0.56;-3.42;-11.32;-20.39;-13.3;22.91;58.24 USD;58.24;-49.34;2.18;0.978;LOW;0.0%;-;-;-;31.97 USD;37847064576.0;Large Cap;21.75;27.07;1.58;7.4%;0.07;-17.9%;-0.18;11.96%;0.12;217.88;1.09 Mrd.;1087909760.0;2.21 Mrd.;2208200960.0;6;SOLID;8;GOOD;Forward KGV im gesunden Bereich | KGV nicht übertrieben | PEG Ratio attraktiv | Umsatzwachstum positiv | solide Gewinnmarge | Free Cashflow positiv;Gewinnwachstum negativ | Verschuldung hoch;LOW RISK;NO;0;AVOID;überverkauft, fundamental solide
4X0.DE;Steyr Motors AG               I;EUR;35.08 EUR;35.08;36.77 EUR;37.96 EUR;39.38 EUR;-4.6;-7.58;-1.41;-2.23;-11.59;-17.87;25.23;39.78;60.79 EUR;60.79;-42.3;2.59;;LOW;0.71%;0.25 EUR;15.04.2026;15.04.2026;37.2 EUR;182416016.0;Micro Cap;9.04;46.77;-;15.7%;0.16;-34.7%;-0.35;8.01%;0.08;54.25;-3.31 Mio.;-3313125.0;4.47 Mio.;4469000.0;3;MIXED;7;OK;Forward KGV im gesunden Bereich | Umsatzwachstum positiv | Gewinnmarge positiv | Verschuldung wirkt moderat | Dividende vorhanden;KGV sehr hoch | Gewinnwachstum negativ | Free Cashflow negativ;LOW RISK;NO;0;AVOID;
ADYEN.AS;ADYEN;EUR;833.3 EUR;833.3;906.19 EUR;935.66 EUR;1008.7 EUR;-8.04;-10.94;1.95;-8.61;-11.61;-12.98;-38.08;33.84;1744.8 EUR;1744.8;-52.24;2.86;1.844;NORMAL;0.0%;-;-;-;916.95 EUR;26279524352.0;Large Cap;17.64;24.8;1.18;16.9%;0.17;11.9%;0.12;44.71%;0.45;4.78;534.25 Mio.;534254016.0;1.03 Mrd.;1030422016.0;8;VERY SOLID;8;GOOD;Forward KGV im gesunden Bereich | KGV nicht übertrieben | PEG Ratio attraktiv | Umsatzwachstum positiv | Gewinnwachstum positiv | solide Gewinnmarge | Free Cashflow positiv | Verschuldung wirkt moderat;-;LOW RISK;NO;0;AVOID;überverkauft, fundamental solide
SLI;Standard Lithium Ltd.;USD;3.45 USD;3.45;3.82 USD;3.87 USD;3.95 USD;-9.66;-10.74;-0.57;-16.06;-11.76;-17.85;-16.26;42.86;5.65 USD;5.65;-38.94;3.88;2.157;LOW;0.0%;-;-;-;3.79 USD;841338176.0;Small Cap;-29.4;-;-;-;-;-;-;0.0%;0.0;-;-6.63 Mio.;-6633500.0;-11.83 Mio.;-11829000.0;0;WEAK;3;OK;-;negative Gewinnmarge | Free Cashflow negativ;MEDIUM RISK;NO;0;AVOID;Fundamentaldaten schwach
FVRR;Fiverr International Ltd.;USD;10.33 USD;10.33;10.7 USD;11.07 USD;12.54 USD;-3.49;-6.68;0.87;-9.79;-12.1;-9.24;-49.66;43.37;32.18 USD;32.18;-67.9;4.38;1.389;LOW;0.0%;-;-;-;10.85 USD;371327872.0;Small Cap;4.93;13.41;-;-1.6%;-0.02;1050.0%;10.5;6.7%;0.07;0.8;85.08 Mio.;85079000.0;97.46 Mio.;97456000.0;5;SOLID;7;GOOD;Forward KGV im gesunden Bereich | KGV nicht übertrieben | Gewinnwachstum positiv | Gewinnmarge positiv | Free Cashflow positiv | Verschuldung wirkt moderat;Umsatzwachstum negativ;LOW RISK;NO;0;AVOID;fundamental solide
OCGN;Ocugen, Inc.;USD;1.26 USD;1.26;1.39 USD;1.53 USD;1.58 USD;-9.13;-17.49;-1.17;-7.66;-12.15;-27.3;7.2;42.11;2.48 USD;2.48;-48.99;4.6;2.208;LOW;0.0%;-;-;-;1.5 USD;428230144.0;Small Cap;-5.38;-;-;3.5%;0.04;-;-;0.0%;0.0;573.58;-33.67 Mio.;-33665624.0;-59.4 Mio.;-59401000.0;1;WEAK;5;OK;Umsatzwachstum positiv;negative Gewinnmarge | Free Cashflow negativ | Verschuldung hoch;MEDIUM RISK;NO;0;AVOID;Fundamentaldaten schwach
CALX;Calix, Inc;USD;38.04 USD;38.04;40.01 USD;43.23 USD;46.78 USD;-4.93;-12.01;2.07;-5.26;-12.59;-26.96;-31.83;38.81;68.42 USD;68.42;-44.4;2.22;1.22;LOW;0.0%;-;-;-;42.37 USD;2426278656.0;Mid Cap;15.2;77.63;3.34;27.1%;0.27;-;-;3.2%;0.03;1.99;100.55 Mio.;100548872.0;132.38 Mio.;132375000.0;4;MIXED;7;OK;Forward KGV im gesunden Bereich | Umsatzwachstum positiv | Gewinnmarge positiv | Free Cashflow positiv | Verschuldung wirkt moderat;KGV sehr hoch | PEG Ratio hoch;LOW RISK;NO;0;AVOID;
CME;CME Group Inc.;USD;250.57 USD;250.57;272.45 USD;283.03 USD;285.13 USD;-8.03;-11.47;-2.65;-2.79;-12.65;-19.02;-8.23;12.21;318.84 USD;318.84;-21.41;1.93;0.244;LOW;2.08%;5.2 USD;09.06.2026;10.03.2026;277.37 USD;90538450944.0;Large Cap;19.41;21.4;4.52;14.4%;0.14;21.3%;0.21;63.32%;0.63;14.06;3.03 Mrd.;3030237440.0;4.42 Mrd.;4420400128.0;7;VERY SOLID;8;GOOD;Forward KGV im gesunden Bereich | KGV nicht übertrieben | Umsatzwachstum positiv | Gewinnwachstum positiv | solide Gewinnmarge | Free Cashflow positiv | Verschuldung wirkt moderat | Dividende vorhanden;PEG Ratio hoch;LOW RISK;NO;0;AVOID;überverkauft, fundamental solide
LULU;lululemon athletica inc.;USD;116.17 USD;116.17;126.88 USD;138.39 USD;152.1 USD;-8.44;-16.05;1.7;-12.05;-13.04;-32.92;-36.15;43.99;259.04 USD;259.04;-55.15;2.61;0.861;NORMAL;0.0%;-;-;-;135.62 USD;13191559168.0;Large Cap;9.85;9.41;0.54;4.3%;0.04;-35.0%;-0.35;13.03%;0.13;44.26;1.13 Mrd.;1133960960.0;1.94 Mrd.;1935870976.0;7;VERY SOLID;8;GOOD;Forward KGV im gesunden Bereich | KGV nicht übertrieben | PEG Ratio attraktiv | Umsatzwachstum positiv | solide Gewinnmarge | Free Cashflow positiv | Verschuldung wirkt moderat;Gewinnwachstum negativ;LOW RISK;NO;0;AVOID;fundamental solide
BYDDY;BYD Co., Ltd.;USD;11.2 USD;11.2;11.91 USD;12.41 USD;12.64 USD;-5.99;-9.76;-0.53;-4.11;-13.38;-5.33;-9.68;34.72;18.13 USD;18.13;-38.21;2.07;0.256;LOW;0.45%;0.05 USD;12.06.2026;11.06.2025;12.16 USD;102112608256.0;Large Cap;16.39;38.62;0.74;-11.8%;-0.12;-56.9%;-0.57;3.52%;0.04;55.07;-117.09 Mrd.;-117094318080.0;53.34 Mrd.;53344886784.0;3;MIXED;8;OK;Forward KGV im gesunden Bereich | PEG Ratio attraktiv | Gewinnmarge positiv | Verschuldung wirkt moderat | Dividende vorhanden;Umsatzwachstum negativ | Gewinnwachstum negativ | Free Cashflow negativ;LOW RISK;NO;0;AVOID;überverkauft
SSLN.L;ISHARES PHYSICAL METALS PLC ISH;GBp;4893.0 GBp;4893.0;5314.21 GBp;5701.71 GBp;6050.26 GBp;-7.93;-14.18;-0.12;-7.89;-13.9;-36.8;-2.14;25.71;11281.51 GBp;11281.51;-56.63;3.32;;LOW;0.0%;-;-;-;5587.68 GBp;;UNKNOWN;-;-;-;-;-;-;-;-;-;-;-;-;-;-;0;UNKNOWN;0;LOW;-;Fundamentaldaten unvollständig;LOW RISK;NO;0;AVOID;überverkauft, Fundamentaldaten unvollständig
VOS.DE;VOSSLOH AG                    I;EUR;64.25 EUR;64.25;68.17 EUR;70.68 EUR;72.87 EUR;-5.75;-9.09;-1.53;-5.1;-14.5;-17.05;-5.09;40.39;92.63 EUR;92.63;-30.64;2.4;1.098;NORMAL;1.79%;1.15 EUR;08.06.2026;07.05.2026;69.26 EUR;1241348352.0;Small Cap;14.64;27.0;1.98;25.3%;0.25;-;-;3.9%;0.04;85.4;-;-;-;-;5;SOLID;6;GOOD;Forward KGV im gesunden Bereich | KGV nicht übertrieben | PEG Ratio attraktiv | Umsatzwachstum positiv | Gewinnmarge positiv | Verschuldung wirkt moderat | Dividende vorhanden;-;LOW RISK;NO;0;AVOID;fundamental solide
BABA;Alibaba Group Holding Limited;USD;120.13 USD;120.13;128.69 USD;132.49 USD;137.66 USD;-6.65;-9.33;-0.77;-4.2;-14.8;-7.84;-23.78;28.88;189.34 USD;189.34;-36.55;2.86;0.46;LOW;0.87%;1.05 USD;11.06.2026;12.06.2025;129.84 USD;288207962112.0;Mega Cap;13.03;18.48;0.43;2.9%;0.03;104.1%;1.04;10.12%;0.1;25.01;-44.07 Mrd.;-44074250240.0;76.21 Mrd.;76213002240.0;7;VERY SOLID;8;GOOD;Forward KGV im gesunden Bereich | KGV nicht übertrieben | PEG Ratio attraktiv | Umsatzwachstum positiv | Gewinnwachstum positiv | solide Gewinnmarge | Verschuldung wirkt moderat | Dividende vorhanden;Free Cashflow negativ;LOW RISK;NO;0;AVOID;überverkauft, fundamental solide
ZS;Zscaler, Inc.;USD;129.74 USD;129.74;145.62 USD;149.32 USD;165.3 USD;-10.91;-13.11;-0.8;-16.68;-15.09;-19.89;-48.51;33.18;336.27 USD;336.27;-61.42;7.52;0.963;LOW;0.0%;-;-;-;146.33 USD;20980193280.0;Large Cap;28.22;-;1.42;25.4%;0.25;-;-;-2.44%;-0.02;78.94;1.11 Mrd.;1108818560.0;1.1 Mrd.;1100973056.0;4;MIXED;6;OK;PEG Ratio attraktiv | Umsatzwachstum positiv | Free Cashflow positiv | Verschuldung wirkt moderat;negative Gewinnmarge;LOW RISK;NO;0;AVOID;überverkauft
ADE.DE;Bitcoin Group SE              I;EUR;26.9 EUR;26.9;28.83 EUR;29.79 EUR;30.64 EUR;-6.7;-9.69;-1.82;-5.55;-15.3;-11.57;-13.11;26.69;47.9 EUR;47.9;-43.84;2.5;0.817;NORMAL;0.37%;0.1 EUR;01.09.2025;01.09.2025;29.19 EUR;134500000.0;Micro Cap;40.15;-;-;-10.0%;-0.1;-;-;-4.45%;-0.04;0.15;3.68 Mio.;3676738.0;-78594.0;-78594.0;2;WEAK;5;OK;Free Cashflow positiv | Verschuldung wirkt moderat | Dividende vorhanden;Forward KGV sehr hoch | Umsatzwachstum negativ | negative Gewinnmarge;LOW RISK;NO;0;AVOID;überverkauft, Fundamentaldaten schwach
PAGS;PagSeguro Digital Ltd.;USD;8.56 USD;8.56;9.18 USD;9.58 USD;9.75 USD;-6.83;-10.71;0.29;-9.28;-15.46;-13.18;-12.4;34.94;11.72 USD;11.72;-27.0;3.2;1.295;LOW;12.16%;1.04 USD;22.04.2026;22.04.2026;9.39 USD;2391288064.0;Mid Cap;4.57;5.94;-;1.5%;0.01;12.2%;0.12;10.79%;0.11;17.59;5.23 Mrd.;5231180800.0;7.28 Mrd.;7276182016.0;7;VERY SOLID;7;GOOD;Forward KGV im gesunden Bereich | KGV nicht übertrieben | Umsatzwachstum positiv | Gewinnwachstum positiv | solide Gewinnmarge | Free Cashflow positiv | Verschuldung wirkt moderat | Dividende vorhanden;-;LOW RISK;NO;0;AVOID;überverkauft, fundamental solide
HCA;HCA Healthcare, Inc.;USD;361.98 USD;361.98;391.53 USD;426.76 USD;449.31 USD;-7.55;-15.18;-2.73;-2.42;-15.63;-32.17;-29.47;13.99;544.32 USD;544.32;-33.5;1.63;1.134;LOW;0.86%;3.12 USD;16.06.2026;17.03.2026;418.23 USD;80301572096.0;Large Cap;10.93;12.47;1.12;4.3%;0.04;10.9%;0.11;8.89%;0.09;-;5.73 Mrd.;5726000128.0;13.0 Mrd.;12999000064.0;6;SOLID;7;GOOD;Forward KGV im gesunden Bereich | KGV nicht übertrieben | PEG Ratio attraktiv | Umsatzwachstum positiv | Gewinnwachstum positiv | Gewinnmarge positiv | Free Cashflow positiv | Dividende vorhanden;-;LOW RISK;NO;0;AVOID;überverkauft, fundamental solide
COIN;Coinbase Global, Inc.;USD;162.57 USD;162.57;179.25 USD;187.06 USD;199.95 USD;-9.31;-13.09;6.67;-10.97;-15.75;-20.97;-38.65;35.41;419.78 USD;419.78;-61.27;4.35;3.32;LOW;0.0%;-;-;-;183.32 USD;42830819328.0;Large Cap;32.71;59.99;0.85;-30.8%;-0.31;-;-;12.74%;0.13;59.08;2.41 Mrd.;2407562752.0;1.76 Mrd.;1756433024.0;4;MIXED;7;OK;PEG Ratio attraktiv | solide Gewinnmarge | Free Cashflow positiv | Verschuldung wirkt moderat;KGV sehr hoch | Umsatzwachstum negativ;MEDIUM RISK;NO;0;AVOID;
FIS;Fidelity National Information S;USD;39.73 USD;39.73;42.6 USD;44.94 USD;48.73 USD;-6.74;-11.6;-2.98;-8.88;-15.92;-20.78;-38.34;32.09;80.68 USD;80.68;-50.76;2.35;0.802;LOW;4.23%;1.68 USD;11.06.2026;10.03.2026;44.04 USD;20535607296.0;Large Cap;5.8;7.7;0.23;30.1%;0.3;3040.6%;30.41;23.35%;0.23;132.33;2.45 Mrd.;2446874880.0;2.77 Mrd.;2768999936.0;7;VERY SOLID;8;GOOD;Forward KGV im gesunden Bereich | KGV nicht übertrieben | PEG Ratio attraktiv | Umsatzwachstum positiv | Gewinnwachstum positiv | solide Gewinnmarge | Free Cashflow positiv | Dividende vorhanden;-;LOW RISK;NO;0;AVOID;überverkauft, fundamental solide
SERV;Serve Robotics Inc.;USD;7.63 USD;7.63;8.65 USD;8.98 USD;9.53 USD;-11.76;-15.04;-1.55;-19.0;-16.06;-21.18;-24.46;43.1;17.68 USD;17.68;-56.84;4.13;1.875;LOW;0.0%;-;-;-;8.8 USD;649238464.0;Small Cap;-4.24;-;-;578.2%;5.78;-;-;0.0%;0.0;1.52;-86.52 Mio.;-86519248.0;-112.2 Mio.;-112200000.0;2;WEAK;5;OK;Umsatzwachstum positiv | Verschuldung wirkt moderat;negative Gewinnmarge | Free Cashflow negativ;MEDIUM RISK;NO;0;AVOID;Fundamentaldaten schwach
EH;EHang Holdings Limited;USD;8.73 USD;8.73;9.57 USD;10.16 USD;11.14 USD;-8.79;-14.04;10.59;-11.18;-16.13;-23.01;-35.94;44.88;19.99 USD;19.99;-56.32;4.65;1.073;NORMAL;0.0%;-;-;-;9.95 USD;662198208.0;Small Cap;11.94;-;-;-7.3%;-0.07;-;-;-66.03%;-0.66;42.37;-176.06 Mio.;-176060992.0;-179.51 Mio.;-179506000.0;2;WEAK;5;OK;Forward KGV im gesunden Bereich | Verschuldung wirkt moderat;Umsatzwachstum negativ | negative Gewinnmarge | Free Cashflow negativ;LOW RISK;NO;0;AVOID;Fundamentaldaten schwach
TTD;The Trade Desk, Inc.;USD;19.57 USD;19.57;21.43 USD;22.7 USD;26.13 USD;-8.69;-13.82;-1.93;-15.74;-16.71;-34.32;-49.97;37.39;89.76 USD;89.76;-78.2;3.85;1.018;NORMAL;0.0%;-;-;-;22.25 USD;9197670400.0;Mid Cap;9.1;22.23;0.95;11.8%;0.12;-20.0%;-0.2;14.57%;0.15;17.26;569.11 Mio.;569112640.0;1.09 Mrd.;1093092992.0;7;VERY SOLID;8;GOOD;Forward KGV im gesunden Bereich | KGV nicht übertrieben | PEG Ratio attraktiv | Umsatzwachstum positiv | solide Gewinnmarge | Free Cashflow positiv | Verschuldung wirkt moderat;Gewinnwachstum negativ;LOW RISK;NO;0;AVOID;fundamental solide
1177.HK;SBP GROUP;HKD;4.53 HKD;4.53;5.04 HKD;5.44 HKD;5.83 HKD;-10.17;-16.67;-2.79;-8.48;-17.03;-22.96;-35.56;21.48;9.01 HKD;9.01;-49.72;1.95;0.617;NORMAL;2.21%;0.1 HKD;24.06.2026;24.06.2026;5.33 HKD;80798859264.0;Large Cap;14.99;30.2;2.58;9.8%;0.1;-;-;7.36%;0.07;38.18;6.6 Mrd.;6601288704.0;9.29 Mrd.;9291821056.0;4;MIXED;7;OK;Forward KGV im gesunden Bereich | Umsatzwachstum positiv | Gewinnmarge positiv | Free Cashflow positiv | Verschuldung wirkt moderat | Dividende vorhanden;-;LOW RISK;NO;0;AVOID;überverkauft
VERI;Veritone, Inc.;USD;1.72 USD;1.72;1.98 USD;2.2 USD;2.65 USD;-13.37;-21.92;0.45;-17.42;-17.42;-43.5;-60.05;39.29;8.39 USD;8.39;-79.53;5.27;2.241;LOW;0.0%;-;-;-;2.16 USD;159240176.0;Micro Cap;-12.47;-;-;-9.8%;-0.1;-;-;-123.75%;-1.24;92.64;-18.85 Mio.;-18846624.0;-47.66 Mio.;-47655000.0;1;WEAK;5;OK;Verschuldung wirkt moderat;Umsatzwachstum negativ | negative Gewinnmarge | Free Cashflow negativ;MEDIUM RISK;NO;0;AVOID;Fundamentaldaten schwach
CHTR;Charter Communications, Inc.;USD;131.8 USD;131.8;145.36 USD;168.78 USD;189.3 USD;-9.32;-21.91;-0.24;-7.57;-17.75;-42.68;-34.03;37.47;418.22 USD;418.22;-68.48;3.25;0.707;LOW;0.0%;-;-;-;165.41 USD;20654125056.0;Large Cap;2.98;3.57;0.25;-1.0%;-0.01;8.9%;0.09;9.03%;0.09;459.52;2.4 Mrd.;2403624960.0;16.15 Mrd.;16145000448.0;5;SOLID;8;GOOD;Forward KGV im gesunden Bereich | KGV nicht übertrieben | PEG Ratio attraktiv | Gewinnwachstum positiv | Gewinnmarge positiv | Free Cashflow positiv;Umsatzwachstum negativ | Verschuldung hoch;LOW RISK;NO;0;AVOID;fundamental solide
NU;Nu Holdings Ltd.;USD;11.66 USD;11.66;12.7 USD;13.58 USD;14.37 USD;-8.2;-14.11;-2.59;-10.24;-18.23;-21.32;-32.41;42.37;18.76 USD;18.76;-37.85;2.75;0.952;LOW;0.0%;-;-;-;13.3 USD;56687898624.0;Large Cap;10.18;17.94;0.7;43.7%;0.44;55.9%;0.56;41.92%;0.42;-;-;-;-9.53 Mrd.;-9532499968.0;6;SOLID;6;GOOD;Forward KGV im gesunden Bereich | KGV nicht übertrieben | PEG Ratio attraktiv | Umsatzwachstum positiv | Gewinnwachstum positiv | solide Gewinnmarge;-;LOW RISK;NO;0;AVOID;fundamental solide
EVTL;Vertical Aerospace Ltd.;USD;2.16 USD;2.16;2.52 USD;2.76 USD;3.29 USD;-14.1;-21.43;0.23;-19.81;-19.22;-47.58;-50.68;38.91;7.28 USD;7.28;-70.26;4.91;1.469;LOW;0.0%;-;-;-;2.7 USD;275665120.0;Micro Cap;-1.82;-;-;-;-;-;-;0.0%;0.0;-;-280.31 Mio.;-280308384.0;-98.11 Mio.;-98114000.0;0;WEAK;3;OK;-;negative Gewinnmarge | Free Cashflow negativ;LOW RISK;NO;0;AVOID;Fundamentaldaten schwach
FOUR;Shift4 Payments, Inc.;USD;37.62 USD;37.62;41.92 USD;44.33 USD;49.3 USD;-10.26;-15.13;-1.21;-16.79;-19.7;-23.22;-46.39;33.51;106.81 USD;106.81;-64.78;3.73;1.422;LOW;0.0%;-;-;-;43.44 USD;3729268736.0;Mid Cap;5.57;43.24;0.27;32.2%;0.32;-;-;2.63%;0.03;257.42;488.45 Mio.;488449984.0;672.0 Mio.;672000000.0;4;MIXED;7;OK;Forward KGV im gesunden Bereich | PEG Ratio attraktiv | Umsatzwachstum positiv | Gewinnmarge positiv | Free Cashflow positiv;Verschuldung hoch;LOW RISK;NO;0;AVOID;überverkauft
GDS;GDS Holdings Limited;USD;34.87 USD;34.87;37.38 USD;39.73 USD;40.23 USD;-6.73;-12.24;2.54;-1.82;-20.07;-8.51;2.24;29.56;47.52 USD;47.52;-26.63;3.76;0.382;LOW;0.0%;-;-;-;38.93 USD;6986165760.0;Mid Cap;216.36;20.51;1.14;23.6%;0.24;207.0%;2.07;23.48%;0.23;145.45;-4.83 Mrd.;-4827997696.0;3.03 Mrd.;3032872960.0;5;SOLID;8;GOOD;KGV nicht übertrieben | PEG Ratio attraktiv | Umsatzwachstum positiv | Gewinnwachstum positiv | solide Gewinnmarge;Forward KGV sehr hoch | Free Cashflow negativ;LOW RISK;NO;0;AVOID;überverkauft, fundamental solide
UROY;Uranium Royalty Corp.;USD;3.15 USD;3.15;3.56 USD;3.68 USD;3.76 USD;-11.3;-14.28;2.1;-10.62;-20.33;-16.75;-13.09;37.74;5.46 USD;5.46;-42.22;4.91;1.752;LOW;0.0%;-;-;-;3.61 USD;462499360.0;Small Cap;219.82;105.17;-;416400.0%;4164.0;-;-;8.03%;0.08;0.04;37.97 Mio.;37968876.0;39.9 Mio.;39897000.0;3;MIXED;6;OK;Umsatzwachstum positiv | Gewinnmarge positiv | Free Cashflow positiv | Verschuldung wirkt moderat;Forward KGV sehr hoch | KGV sehr hoch;LOW RISK;NO;0;AVOID;
DRO.AX;DRONE FPO [DRO];AUD;2.86 AUD;2.86;3.18 AUD;3.38 AUD;3.47 AUD;-10.06;-15.36;-3.38;-15.63;-23.94;-14.88;31.8;41.92;6.6 AUD;6.6;-56.67;3.94;1.008;LOW;0.0%;-;-;-;3.31 AUD;2640502528.0;Mid Cap;36.67;inf;-;316.8%;3.17;-73.8%;-0.74;1.62%;0.02;4.24;756125.0;756125.0;15.94 Mio.;15944000.0;3;MIXED;7;OK;Umsatzwachstum positiv | Gewinnmarge positiv | Free Cashflow positiv | Verschuldung wirkt moderat;KGV sehr hoch | Gewinnwachstum negativ;LOW RISK;NO;0;AVOID;
VH2.DE;Friedrich Vorwerk Group SE    I;EUR;58.7 EUR;58.7;64.51 EUR;69.52 EUR;73.48 EUR;-9.0;-15.56;3.44;-8.5;-24.76;-27.1;-27.72;34.13;102.84 EUR;102.84;-42.92;3.91;0.861;NORMAL;1.19%;0.7 EUR;02.06.2026;02.06.2026;68.13 EUR;1174000000.0;Small Cap;11.64;16.58;-;4.6%;0.05;88.4%;0.88;13.21%;0.13;8.86;120.29 Mio.;120293000.0;213.49 Mio.;213494000.0;7;VERY SOLID;7;GOOD;Forward KGV im gesunden Bereich | KGV nicht übertrieben | Umsatzwachstum positiv | Gewinnwachstum positiv | solide Gewinnmarge | Free Cashflow positiv | Verschuldung wirkt moderat | Dividende vorhanden;-;LOW RISK;NO;0;AVOID;überverkauft, fundamental solide
PAY;Paymentus Holdings, Inc.;USD;20.82 USD;20.82;23.33 USD;24.8 USD;26.11 USD;-10.76;-16.06;-0.38;-14.18;-25.24;-18.32;-39.12;21.93;38.93 USD;38.93;-46.52;3.05;1.313;LOW;0.0%;-;-;-;24.31 USD;2618934016.0;Mid Cap;20.46;36.53;-;30.2%;0.3;45.5%;0.46;5.78%;0.06;1.14;92.34 Mio.;92337872.0;142.14 Mio.;142138000.0;5;SOLID;7;GOOD;Forward KGV im gesunden Bereich | Umsatzwachstum positiv | Gewinnwachstum positiv | Gewinnmarge positiv | Free Cashflow positiv | Verschuldung wirkt moderat;-;LOW RISK;NO;0;AVOID;überverkauft, fundamental solide
INTU;Intuit Inc.;USD;303.39 USD;303.39;337.35 USD;373.7 USD;424.19 USD;-10.07;-18.81;2.23;-14.24;-25.42;-34.8;-51.54;29.0;801.96 USD;801.96;-62.17;5.06;0.964;LOW;1.58%;4.8 USD;09.07.2026;09.04.2026;366.23 USD;82988392448.0;Large Cap;11.1;18.52;0.77;10.4%;0.1;10.7%;0.11;21.91%;0.22;33.45;5.23 Mrd.;5232000000.0;7.89 Mrd.;7888000000.0;8;VERY SOLID;8;GOOD;Forward KGV im gesunden Bereich | KGV nicht übertrieben | PEG Ratio attraktiv | Umsatzwachstum positiv | Gewinnwachstum positiv | solide Gewinnmarge | Free Cashflow positiv | Verschuldung wirkt moderat | Dividende vorhanden;-;LOW RISK;NO;0;AVOID;überverkauft, fundamental solide
SBSW;D/B/A Sibanye-Stillwater Limite;USD;9.74 USD;9.74;11.61 USD;12.32 USD;12.77 USD;-16.13;-20.95;-3.75;-17.46;-26.16;-29.67;-20.33;29.46;20.52 USD;20.52;-52.54;4.58;0.831;NORMAL;3.18%;0.31 USD;20.03.2026;20.03.2026;12.08 USD;7045626368.0;Mid Cap;2.64;-;-;31.6%;0.32;-;-;-3.99%;-0.04;99.41;1.02 Mrd.;1016625024.0;21.71 Mrd.;21709000704.0;4;MIXED;5;OK;Forward KGV im gesunden Bereich | Umsatzwachstum positiv | Free Cashflow positiv | Verschuldung wirkt moderat | Dividende vorhanden;negative Gewinnmarge;LOW RISK;NO;0;AVOID;überverkauft
BLKB;Blackbaud, Inc.;USD;27.82 USD;27.82;30.92 USD;35.01 USD;40.75 USD;-10.02;-20.54;-1.73;-15.03;-26.42;-43.57;-51.07;31.07;71.61 USD;71.61;-61.15;3.72;1.01;LOW;0.0%;-;27.02.2020;27.02.2020;34.31 USD;1277831168.0;Small Cap;4.74;9.43;0.32;4.2%;0.04;650.6%;6.51;12.44%;0.12;3457.18;204.56 Mio.;204560624.0;315.62 Mio.;315620992.0;7;VERY SOLID;8;GOOD;Forward KGV im gesunden Bereich | KGV nicht übertrieben | PEG Ratio attraktiv | Umsatzwachstum positiv | Gewinnwachstum positiv | solide Gewinnmarge | Free Cashflow positiv;Verschuldung hoch;LOW RISK;NO;0;AVOID;überverkauft, fundamental solide
EU;enCore Energy Corp.;USD;1.36 USD;1.36;1.58 USD;1.76 USD;2.01 USD;-14.3;-23.15;-1.81;-17.38;-27.54;-32.59;-49.44;44.32;4.07 USD;4.07;-66.71;4.88;1.241;LOW;0.0%;-;-;-;1.73 USD;263185728.0;Micro Cap;-6.07;-;-;0.3%;0.0;-;-;-62.96%;-0.63;40.38;-81.25 Mio.;-81254248.0;-38.68 Mio.;-38683000.0;2;WEAK;5;OK;Umsatzwachstum positiv | Verschuldung wirkt moderat;negative Gewinnmarge | Free Cashflow negativ;LOW RISK;NO;0;AVOID;Fundamentaldaten schwach
MSTR;Strategy Inc;USD;127.69 USD;127.69;149.75 USD;154.64 USD;162.14 USD;-14.73;-17.43;6.02;-14.75;-29.0;-8.67;-27.3;24.52;455.9 USD;455.9;-71.99;4.49;3.471;NORMAL;0.0%;-;-;-;151.55 USD;44935581696.0;Large Cap;28.62;-;2.85;11.9%;0.12;-;-;0.0%;0.0;18.09;-8.7 Mrd.;-8699502592.0;-50.86 Mio.;-50863000.0;2;WEAK;6;OK;Umsatzwachstum positiv | Verschuldung wirkt moderat;negative Gewinnmarge | Free Cashflow negativ;MEDIUM RISK;NO;0;AVOID;überverkauft, Fundamentaldaten schwach
DN3.F;Metaplanet Inc.               R;EUR;1.31 EUR;1.31;1.52 EUR;1.68 EUR;1.93 EUR;-14.03;-22.03;7.82;-13.2;-30.68;-31.95;-34.83;21.17;11.5 EUR;11.5;-88.61;3.56;0.055;LOW;0.0%;-;-;-;1.65 EUR;;UNKNOWN;-;-;-;-77.4%;-0.77;-;-;-13.67%;-0.14;112.47;-;-;-;-;0;WEAK;3;OK;-;Umsatzwachstum negativ | negative Gewinnmarge;LOW RISK;NO;0;AVOID;überverkauft, Fundamentaldaten schwach
LTBR;Lightbridge Corporation;USD;9.39 USD;9.39;11.3 USD;11.9 USD;12.8 USD;-16.89;-21.07;-0.32;-18.77;-31.06;-22.72;-38.1;38.52;27.72 USD;27.72;-66.13;6.29;2.09;NORMAL;0.0%;-;-;-;11.66 USD;308409760.0;Small Cap;-;-;-;-;-;-;-;0.0%;0.0;-;-9.77 Mio.;-9769379.0;-15.75 Mio.;-15752033.0;0;UNKNOWN;2;LOW;-;negative Gewinnmarge | Free Cashflow negativ | Fundamentaldaten unvollständig;MEDIUM RISK;NO;0;AVOID;Fundamentaldaten unvollständig
3350.T;METAPLANET INC;JPY;237.0 JPY;237.0;284.79 JPY;311.97 JPY;356.1 JPY;-16.78;-24.03;0.85;-19.66;-31.1;-26.4;-36.8;22.06;1895.0 JPY;1895.0;-87.49;4.49;0.055;NORMAL;0.0%;-;-;-;305.73 JPY;303651553280.0;Mega Cap;-;-;-;-77.4%;-0.77;-;-;-13.67%;-0.14;112.47;-;-;-;-;0;WEAK;3;OK;-;Umsatzwachstum negativ | negative Gewinnmarge;LOW RISK;NO;0;AVOID;überverkauft, Fundamentaldaten schwach
DFNS;T3 Defense Inc.;USD;0.3 USD;0.3;0.39 USD;0.66 USD;1.46 USD;-23.23;-55.01;-3.67;-21.09;-33.33;-82.44;-94.82;38.49;13.99 USD;13.99;-97.88;8.14;;LOW;0.0%;-;-;-;0.65 USD;20255866.0;Micro Cap;-;-;-;-;-;-;-;0.0%;0.0;8.57;3.25 Mio.;3246569.0;-9.78 Mio.;-9783000.0;2;WEAK;3;OK;Free Cashflow positiv | Verschuldung wirkt moderat;negative Gewinnmarge;LOW RISK;NO;0;AVOID;Fundamentaldaten schwach
UUUU;Energy Fuels Inc;USD;15.19 USD;15.19;18.07 USD;19.02 USD;19.07 USD;-15.93;-20.12;1.06;-13.79;-34.95;-25.25;5.78;39.95;27.72 USD;27.72;-45.2;5.83;1.548;NORMAL;0.0%;-;-;-;18.64 USD;3795479808.0;Mid Cap;3038.0;-;-;112.1%;1.12;-;-;-82.7%;-0.83;93.15;-80.26 Mio.;-80258872.0;-62.33 Mio.;-62326000.0;2;WEAK;5;OK;Umsatzwachstum positiv | Verschuldung wirkt moderat;Forward KGV sehr hoch | negative Gewinnmarge | Free Cashflow negativ;MEDIUM RISK;NO;0;AVOID;Fundamentaldaten schwach
WIX;Wix.com Ltd.;USD;48.86 USD;48.86;58.09 USD;66.56 USD;76.75 USD;-15.89;-26.6;-6.74;-21.87;-39.18;-47.43;-48.98;40.04;184.24 USD;184.24;-73.48;6.67;0.897;NORMAL;0.0%;-;-;-;65.23 USD;2044767232.0;Mid Cap;6.61;-;0.12;14.3%;0.14;-;-;-1.97%;-0.02;-;486.18 Mio.;486178752.0;515.9 Mio.;515895008.0;4;MIXED;5;OK;Forward KGV im gesunden Bereich | PEG Ratio attraktiv | Umsatzwachstum positiv | Free Cashflow positiv;negative Gewinnmarge;LOW RISK;NO;0;AVOID;
